customer_id,churn_probability,predicted_churn,risk_level,institution_type,region,product_tier,revenue_monthly,account_age_months,days_since_last_login
INST_00061,0.957572416774044,1,Critical Risk,Bank,Latin America,Basic,583.87,3,2
INST_02677,0.9517437545513185,1,Critical Risk,Bank,Middle East,Professional,1585.06,2,5
INST_02926,0.9361564847255128,1,Critical Risk,Insurance Company,Latin America,Professional,11764.24,4,2
INST_00818,0.9354243372994451,1,Critical Risk,Bank,Latin America,Basic,3607.01,1,5
INST_03363,0.9350239093996054,1,Critical Risk,Bank,Europe,Professional,1751.36,2,3
INST_03982,0.9338589224392203,1,Critical Risk,Bank,Europe,Basic,953.43,3,3
INST_00898,0.9328451104995633,1,Critical Risk,Bank,Middle East,Basic,3035.54,1,5
INST_04705,0.9287653398040535,1,Critical Risk,Credit Union,North America,Professional,52650.03,13,5
INST_03564,0.927437651872074,1,Critical Risk,Credit Union,Europe,Professional,1884.97,3,3
INST_03237,0.9264767135754698,1,Critical Risk,Payment Processor,Asia Pacific,Professional,15487.44,4,7
INST_02604,0.9262657047143149,1,Critical Risk,Bank,North America,Enterprise,1323.97,1,5
INST_04613,0.9206873352476913,1,Critical Risk,Bank,North America,Professional,3773.41,11,19
INST_00682,0.9181558579519783,1,Critical Risk,Bank,Latin America,Basic,1763.68,1,5
INST_02854,0.9165095664321202,1,Critical Risk,Bank,Europe,Professional,27346.42,2,16
INST_04708,0.9137341153563225,1,Critical Risk,Insurance Company,North America,Basic,1897.68,1,13
INST_03298,0.9126032161488901,1,Critical Risk,Credit Union,North America,Professional,6593.11,3,1
INST_03246,0.9116319395678794,1,Critical Risk,Credit Union,North America,Professional,2731.52,2,8
INST_03904,0.9089270875469189,1,Critical Risk,Insurance Company,Europe,Professional,598.69,1,7
INST_02754,0.9078652552266006,1,Critical Risk,Payment Processor,North America,Professional,1041.47,3,4
INST_04715,0.9074032559621733,1,Critical Risk,Bank,Europe,Basic,7925.62,2,7
INST_03585,0.9072463613788762,1,Critical Risk,Bank,Europe,Basic,1879.17,4,4
INST_03153,0.906634290483732,1,Critical Risk,Credit Union,Latin America,Professional,10026.32,4,1
INST_03786,0.9057134560187456,1,Critical Risk,Investment Firm,Europe,Professional,4616.05,3,6
INST_02969,0.9049584623650362,1,Critical Risk,Credit Union,Latin America,Basic,1973.67,3,0
INST_00135,0.9026885009181201,1,Critical Risk,Bank,North America,Basic,2757.6,2,4
INST_03498,0.9022681193902348,1,Critical Risk,Bank,North America,Professional,1881.72,3,5
INST_03856,0.9020256635376154,1,Critical Risk,Credit Union,North America,Basic,500.0,4,5
INST_04751,0.9005066785483747,1,Critical Risk,Credit Union,North America,Basic,823.44,4,9
INST_01278,0.9004352046125086,1,Critical Risk,Bank,Asia Pacific,Enterprise,1071.49,4,0
INST_01454,0.8993143334299396,1,Critical Risk,Bank,Latin America,Enterprise,4585.39,1,8
INST_04447,0.8991848296849841,1,Critical Risk,Insurance Company,Asia Pacific,Professional,5238.13,17,0
INST_03665,0.8970769112162822,1,Critical Risk,Credit Union,Europe,Enterprise,49969.27,18,0
INST_04472,0.8967381288858651,1,Critical Risk,Bank,Latin America,Basic,13149.45,3,3
INST_02204,0.8954027474872579,1,Critical Risk,Insurance Company,Latin America,Basic,2785.5,2,3
INST_04304,0.8934114069525764,1,Critical Risk,Insurance Company,Asia Pacific,Professional,11651.53,31,18
INST_00230,0.8921282003849937,1,Critical Risk,Insurance Company,Asia Pacific,Professional,9019.3,4,5
INST_04190,0.8920030691580167,1,Critical Risk,Insurance Company,Latin America,Professional,5009.19,29,30
INST_00171,0.8917890369300642,1,Critical Risk,Bank,Europe,Basic,23049.67,2,17
INST_01796,0.8904323586684597,1,Critical Risk,Insurance Company,Middle East,Basic,7003.99,3,1
INST_00244,0.8902204944076302,1,Critical Risk,Bank,Asia Pacific,Basic,4956.71,4,0
INST_02126,0.8899519582975263,1,Critical Risk,Investment Firm,North America,Basic,1060.28,3,11
INST_04965,0.8867949344322328,1,Critical Risk,Bank,Europe,Professional,2686.02,2,2
INST_01588,0.885845197855257,1,Critical Risk,Credit Union,North America,Professional,8768.91,1,14
INST_02334,0.8843953158268175,1,Critical Risk,Bank,North America,Professional,500.0,5,3
INST_03337,0.8842504010995712,1,Critical Risk,Insurance Company,Europe,Professional,17508.59,5,13
INST_04883,0.8839527083574238,1,Critical Risk,Bank,Latin America,Professional,16767.86,4,9
INST_04996,0.8838199796206107,1,Critical Risk,Bank,Latin America,Basic,4580.18,1,12
INST_02460,0.8833746047625168,1,Critical Risk,Payment Processor,Europe,Basic,5874.57,3,6
INST_00871,0.8833530449964638,1,Critical Risk,Bank,North America,Professional,16709.93,1,8
INST_00878,0.8828446094382697,1,Critical Risk,Bank,Europe,Basic,33950.08,1,28
INST_04019,0.8827725264481175,1,Critical Risk,Bank,Asia Pacific,Basic,6808.56,3,2
INST_00693,0.8822492804706809,1,Critical Risk,Bank,Europe,Basic,1082.03,2,0
INST_04107,0.8816003330374187,1,Critical Risk,Bank,Asia Pacific,Basic,3373.0,1,5
INST_03946,0.8813626578834396,1,Critical Risk,Investment Firm,Asia Pacific,Basic,9140.87,1,3
INST_03815,0.881134581029992,1,Critical Risk,Investment Firm,Asia Pacific,Basic,7405.71,2,0
INST_02051,0.8805896608403677,1,Critical Risk,Credit Union,Europe,Professional,25506.54,2,13
INST_01906,0.8797456998567444,1,Critical Risk,Payment Processor,North America,Professional,1483.93,10,3
INST_02582,0.8797349674675512,1,Critical Risk,Credit Union,North America,Professional,4990.87,2,2
INST_01705,0.8793056873624192,1,Critical Risk,Bank,Asia Pacific,Professional,37319.36,1,1
INST_01179,0.8785100780895533,1,Critical Risk,Credit Union,North America,Basic,7753.69,4,0
INST_03680,0.877973332987272,1,Critical Risk,Insurance Company,North America,Enterprise,4445.2,4,1
INST_04316,0.877576736600221,1,Critical Risk,Insurance Company,Asia Pacific,Basic,5735.3,1,6
INST_01945,0.8773424187954053,1,Critical Risk,Credit Union,Asia Pacific,Enterprise,14876.01,3,2
INST_02672,0.8772307570614345,1,Critical Risk,Insurance Company,Latin America,Professional,2607.65,29,18
INST_03562,0.8771437302845874,1,Critical Risk,Bank,Asia Pacific,Professional,5517.68,2,2
INST_00948,0.8768353198828157,1,Critical Risk,Payment Processor,Asia Pacific,Basic,7359.89,16,7
INST_00913,0.8759161291743551,1,Critical Risk,Credit Union,Europe,Enterprise,1644.96,2,1
INST_04707,0.8757482639996127,1,Critical Risk,Bank,Europe,Professional,2749.1,14,2
INST_03242,0.8750376977324834,1,Critical Risk,Credit Union,North America,Basic,3916.0,1,1
INST_04418,0.8741630246077848,1,Critical Risk,Bank,Europe,Enterprise,6493.15,4,12
INST_02451,0.873071660258525,1,Critical Risk,Payment Processor,Europe,Professional,18122.48,4,1
INST_04557,0.8725865650213638,1,Critical Risk,Investment Firm,Europe,Professional,500.0,1,6
INST_04295,0.8721619405377028,1,Critical Risk,Bank,Latin America,Professional,9420.89,3,1
INST_04838,0.8721496836852957,1,Critical Risk,Bank,Asia Pacific,Basic,4242.88,4,18
INST_04022,0.8710529649260853,1,Critical Risk,Investment Firm,Europe,Professional,36598.19,21,1
INST_03819,0.8703464787482011,1,Critical Risk,Credit Union,North America,Basic,9020.18,2,3
INST_02433,0.8702212636763843,1,Critical Risk,Bank,North America,Professional,2404.03,1,1
INST_03280,0.8699153587895815,1,Critical Risk,Credit Union,North America,Professional,1774.65,73,4
INST_00513,0.8683522419028149,1,Critical Risk,Payment Processor,Asia Pacific,Professional,10338.66,30,4
INST_03301,0.8679810891406321,1,Critical Risk,Payment Processor,North America,Basic,6474.17,4,11
INST_01651,0.8678703905578281,1,Critical Risk,Bank,Latin America,Professional,2517.91,1,1
INST_04196,0.8678604182115448,1,Critical Risk,Bank,Asia Pacific,Basic,12398.23,4,6
INST_01291,0.8676496136660014,1,Critical Risk,Bank,North America,Professional,24124.15,5,2
INST_04551,0.8674751189508156,1,Critical Risk,Bank,Latin America,Basic,6816.12,1,9
INST_00881,0.8669491206112282,1,Critical Risk,Investment Firm,Europe,Basic,784.23,16,6
INST_00403,0.8669267453996785,1,Critical Risk,Insurance Company,North America,Basic,1808.21,5,0
INST_04237,0.8667636748774256,1,Critical Risk,Insurance Company,North America,Basic,500.0,3,3
INST_02530,0.8665635703599363,1,Critical Risk,Investment Firm,North America,Basic,6166.94,24,2
INST_00217,0.8656920227061896,1,Critical Risk,Insurance Company,Asia Pacific,Professional,1290.62,2,0
INST_02902,0.8655888681211293,1,Critical Risk,Bank,North America,Basic,9144.04,56,8
INST_01015,0.8655372618011138,1,Critical Risk,Payment Processor,Asia Pacific,Enterprise,770.43,18,5
INST_04901,0.8653878163604654,1,Critical Risk,Credit Union,North America,Basic,13166.7,2,1
INST_04380,0.864774097904368,1,Critical Risk,Bank,North America,Enterprise,1291.52,21,2
INST_03047,0.8644295178559745,1,Critical Risk,Bank,North America,Professional,2580.17,3,14
INST_04064,0.8638626430723914,1,Critical Risk,Payment Processor,Europe,Professional,18903.85,1,10
INST_03589,0.8637890641169927,1,Critical Risk,Bank,Asia Pacific,Basic,4741.98,5,1
INST_00309,0.8631988888009081,1,Critical Risk,Bank,Latin America,Professional,4855.87,1,3
INST_00924,0.8624622319133831,1,Critical Risk,Credit Union,North America,Professional,15496.66,1,31
INST_04272,0.8624282072379001,1,Critical Risk,Bank,Asia Pacific,Basic,500.0,1,2
INST_03289,0.8620924578264233,1,Critical Risk,Bank,Europe,Basic,6099.54,3,6
INST_04678,0.8615790382044879,1,Critical Risk,Investment Firm,Europe,Professional,11368.19,1,2
INST_03249,0.8615722359253472,1,Critical Risk,Investment Firm,Asia Pacific,Professional,1515.57,5,2
INST_00023,0.8608195156973086,1,Critical Risk,Credit Union,Asia Pacific,Basic,4105.74,35,9
INST_01951,0.8607431405956909,1,Critical Risk,Bank,Europe,Basic,951.27,2,5
INST_02704,0.8605420058639491,1,Critical Risk,Insurance Company,North America,Basic,946.97,12,7
INST_03491,0.8604019757407937,1,Critical Risk,Investment Firm,North America,Basic,5877.11,3,18
INST_02063,0.8603664696322357,1,Critical Risk,Credit Union,Asia Pacific,Professional,6219.82,1,1
INST_04228,0.8603416603713626,1,Critical Risk,Credit Union,North America,Basic,2421.67,4,7
INST_01658,0.8603249042693751,1,Critical Risk,Credit Union,North America,Professional,7299.55,5,0
INST_02648,0.8594757203043705,1,Critical Risk,Credit Union,North America,Professional,500.0,10,17
INST_02426,0.8593485748120843,1,Critical Risk,Bank,North America,Professional,6711.51,3,1
INST_01047,0.8591547733662475,1,Critical Risk,Bank,Europe,Professional,12250.12,3,11
INST_04610,0.8585649170131012,1,Critical Risk,Bank,Asia Pacific,Professional,500.0,1,10
INST_01747,0.8584780738227284,1,Critical Risk,Bank,North America,Basic,660.67,2,7
INST_00908,0.8583407960992067,1,Critical Risk,Bank,North America,Enterprise,1937.32,5,2
INST_00297,0.8580321201615909,1,Critical Risk,Bank,Europe,Professional,19085.92,5,15
INST_00584,0.8573702572365569,1,Critical Risk,Investment Firm,Europe,Professional,8624.61,2,0
INST_04542,0.8565371831053038,1,Critical Risk,Bank,North America,Basic,1430.45,2,5
INST_04137,0.8565000743707375,1,Critical Risk,Bank,North America,Basic,500.0,1,3
INST_04940,0.856241394095244,1,Critical Risk,Bank,Latin America,Professional,23878.55,2,2
INST_02349,0.8561236997417093,1,Critical Risk,Bank,Latin America,Basic,599.3,2,10
INST_01957,0.8555087943947219,1,Critical Risk,Credit Union,Asia Pacific,Enterprise,2209.07,5,0
INST_00020,0.8553236881481512,1,Critical Risk,Investment Firm,Asia Pacific,Basic,817.65,7,1
INST_03149,0.8542836283724123,1,Critical Risk,Credit Union,North America,Professional,2014.11,25,22
INST_03066,0.8542742807515658,1,Critical Risk,Bank,Europe,Professional,7024.36,5,5
INST_01490,0.853731743897616,1,Critical Risk,Bank,Europe,Enterprise,748.11,1,5
INST_01762,0.8534201755489782,1,Critical Risk,Bank,North America,Professional,8553.54,4,6
INST_00269,0.8533916303017047,1,Critical Risk,Bank,North America,Professional,3109.15,1,0
INST_01001,0.8532346200092333,1,Critical Risk,Credit Union,North America,Basic,11945.58,1,4
INST_02596,0.8528683363916236,1,Critical Risk,Bank,North America,Professional,508.53,4,9
INST_03048,0.8522350893406293,1,Critical Risk,Credit Union,Latin America,Enterprise,251845.57,1,1
INST_01586,0.8521879250070412,1,Critical Risk,Investment Firm,Europe,Professional,9681.59,4,1
INST_02306,0.8509851009581749,1,Critical Risk,Bank,Asia Pacific,Professional,6525.55,4,34
INST_03746,0.8509725222496547,1,Critical Risk,Investment Firm,North America,Enterprise,1085.81,1,2
INST_03577,0.8508788274387582,1,Critical Risk,Credit Union,North America,Professional,2246.07,14,0
INST_01430,0.8508620618595955,1,Critical Risk,Credit Union,Asia Pacific,Basic,1597.61,8,8
INST_03648,0.8505151991628408,1,Critical Risk,Investment Firm,Asia Pacific,Professional,500.0,3,18
INST_03390,0.8500486742681506,1,Critical Risk,Bank,Europe,Basic,1449.72,4,7
INST_01067,0.8500078293548632,1,Critical Risk,Bank,North America,Professional,9173.95,5,1
INST_00979,0.8497248915491606,1,Critical Risk,Investment Firm,Europe,Professional,1734.28,4,0
INST_02654,0.8496755742136873,1,Critical Risk,Insurance Company,Asia Pacific,Basic,8031.84,5,10
INST_01574,0.8487898211089957,1,Critical Risk,Bank,North America,Professional,1650.57,2,3
INST_02174,0.8477127553127519,1,Critical Risk,Bank,North America,Professional,500.0,1,8
INST_01108,0.8475955410425307,1,Critical Risk,Investment Firm,North America,Basic,1462.26,1,13
INST_04197,0.8475068321552931,1,Critical Risk,Bank,Middle East,Professional,7954.02,9,1
INST_00078,0.8470993313798502,1,Critical Risk,Credit Union,Europe,Basic,3686.72,1,1
INST_01892,0.8470506982751077,1,Critical Risk,Insurance Company,Latin America,Basic,15986.41,1,10
INST_03486,0.8453846287223759,1,Critical Risk,Credit Union,North America,Professional,14997.44,4,8
INST_01037,0.8452149866626975,1,Critical Risk,Insurance Company,Latin America,Basic,6689.64,39,32
INST_04740,0.8448766729550673,1,Critical Risk,Insurance Company,North America,Enterprise,7910.01,12,3
INST_01102,0.8448417262698734,1,Critical Risk,Payment Processor,North America,Professional,1424.94,18,0
INST_01407,0.8443275077910206,1,Critical Risk,Insurance Company,North America,Professional,1357.37,5,9
INST_02934,0.8436107621750657,1,Critical Risk,Insurance Company,North America,Professional,33386.04,44,9
INST_02220,0.8432742626951208,1,Critical Risk,Insurance Company,Latin America,Basic,859.67,1,1
INST_01981,0.8429376574735103,1,Critical Risk,Insurance Company,Europe,Basic,3480.63,10,3
INST_01482,0.8429007511141723,1,Critical Risk,Credit Union,Europe,Professional,2986.03,1,12
INST_01702,0.8415156376538212,1,Critical Risk,Bank,North America,Basic,754.62,3,9
INST_04727,0.84146365698046,1,Critical Risk,Insurance Company,North America,Professional,8726.81,1,15
INST_04086,0.8411846922490325,1,Critical Risk,Bank,North America,Professional,2302.19,2,8
INST_03756,0.840949979186029,1,Critical Risk,Bank,North America,Professional,1835.59,6,8
INST_04668,0.8408196596202024,1,Critical Risk,Investment Firm,Asia Pacific,Professional,16658.23,4,2
INST_02076,0.840407384454591,1,Critical Risk,Bank,Europe,Basic,17463.5,3,5
INST_01202,0.8402668760616763,1,Critical Risk,Bank,Latin America,Professional,971.01,6,3
INST_04163,0.8397648241232895,1,Critical Risk,Credit Union,North America,Basic,31011.61,3,13
INST_03971,0.8397104536038326,1,Critical Risk,Credit Union,Europe,Professional,2221.13,6,3
INST_02524,0.8393692397247986,1,Critical Risk,Insurance Company,North America,Basic,5305.94,4,6
INST_03499,0.8383314125507253,1,Critical Risk,Insurance Company,North America,Professional,4437.68,3,0
INST_01465,0.8377949088767831,1,Critical Risk,Bank,North America,Basic,500.0,1,8
INST_04136,0.8377904307877172,1,Critical Risk,Insurance Company,Asia Pacific,Professional,1416.4,7,12
INST_02593,0.8376933343684003,1,Critical Risk,Credit Union,Latin America,Professional,1885.67,4,7
INST_00056,0.8371660888964034,1,Critical Risk,Bank,Europe,Professional,6537.07,3,7
INST_00497,0.8368533248419731,1,Critical Risk,Bank,Latin America,Professional,78569.39,1,5
INST_03963,0.8364088838589696,1,Critical Risk,Investment Firm,North America,Basic,12004.91,5,4
INST_02090,0.8363016260771099,1,Critical Risk,Insurance Company,North America,Basic,17895.33,2,1
INST_00329,0.8361615967684785,1,Critical Risk,Bank,Europe,Enterprise,1948.58,16,10
INST_02635,0.8361433201326323,1,Critical Risk,Investment Firm,North America,Basic,834.72,14,17
INST_01347,0.8358138939399439,1,Critical Risk,Credit Union,Middle East,Basic,3866.26,1,2
INST_04314,0.8351147836615034,1,Critical Risk,Payment Processor,Europe,Professional,5172.81,11,0
INST_01438,0.8350192779980354,1,Critical Risk,Bank,North America,Enterprise,15920.09,27,18
INST_03217,0.834797223403283,1,Critical Risk,Bank,North America,Professional,1698.83,1,8
INST_00245,0.8346065138184092,1,Critical Risk,Payment Processor,Europe,Enterprise,3492.79,5,2
INST_01191,0.8339827911024953,1,Critical Risk,Investment Firm,Europe,Basic,500.0,1,2
INST_02730,0.832953288336082,1,Critical Risk,Insurance Company,Europe,Basic,500.0,15,12
INST_00022,0.8328584607590854,1,Critical Risk,Bank,Middle East,Enterprise,1788.1,2,14
INST_03387,0.8326290840994226,1,Critical Risk,Investment Firm,North America,Basic,1083.9,1,3
INST_01876,0.8326077113278082,1,Critical Risk,Investment Firm,North America,Enterprise,7305.46,2,14
INST_02658,0.8324713124707607,1,Critical Risk,Bank,Europe,Professional,954.36,2,4
INST_00063,0.8322612077501206,1,Critical Risk,Credit Union,North America,Basic,1427.58,6,2
INST_04674,0.8321425921821327,1,Critical Risk,Credit Union,North America,Basic,9329.74,5,15
INST_04690,0.8321330598437489,1,Critical Risk,Credit Union,Middle East,Enterprise,20334.21,1,3
INST_00612,0.8318767131842683,1,Critical Risk,Investment Firm,Asia Pacific,Basic,827.14,7,5
INST_03602,0.8318190554040572,1,Critical Risk,Bank,Latin America,Professional,9539.45,2,6
INST_00276,0.8317768045878091,1,Critical Risk,Insurance Company,North America,Professional,4743.6,12,0
INST_04157,0.8315941126487543,1,Critical Risk,Payment Processor,Europe,Professional,4160.61,5,6
INST_01484,0.8315788989723888,1,Critical Risk,Bank,North America,Basic,4742.48,11,4
INST_00180,0.8314558329309695,1,Critical Risk,Bank,North America,Professional,920.11,3,2
INST_02884,0.8314229436331259,1,Critical Risk,Bank,North America,Basic,4261.6,5,1
INST_01406,0.8312688950412352,1,Critical Risk,Insurance Company,North America,Basic,9788.7,6,4
INST_00133,0.8311374638758742,1,Critical Risk,Bank,North America,Professional,1385.83,1,14
INST_00413,0.8308008913894105,1,Critical Risk,Investment Firm,North America,Basic,1837.65,8,0
INST_00749,0.8306071818903501,1,Critical Risk,Investment Firm,Asia Pacific,Basic,1647.06,1,5
INST_04575,0.8302759570858237,1,Critical Risk,Bank,North America,Professional,1292.61,5,4
INST_00561,0.829858212338904,1,Critical Risk,Bank,Middle East,Enterprise,2025.12,5,0
INST_00362,0.8297773885217978,1,Critical Risk,Credit Union,Europe,Enterprise,32265.99,3,0
INST_01944,0.8295602919267434,1,Critical Risk,Insurance Company,Europe,Enterprise,8194.55,4,4
INST_00124,0.8292605548601658,1,Critical Risk,Bank,Latin America,Basic,1347.6,5,7
INST_01648,0.828638530551298,1,Critical Risk,Insurance Company,Asia Pacific,Basic,10357.04,3,43
INST_03320,0.8283889253604342,1,Critical Risk,Credit Union,North America,Professional,19158.78,6,0
INST_00198,0.8282249697738723,1,Critical Risk,Payment Processor,North America,Basic,5764.91,5,5
INST_03627,0.8279197499630895,1,Critical Risk,Payment Processor,Latin America,Basic,2551.96,5,13
INST_02701,0.8278769413462683,1,Critical Risk,Payment Processor,Asia Pacific,Basic,2445.35,2,4
INST_04478,0.8274838226042143,1,Critical Risk,Investment Firm,North America,Basic,500.0,8,6
INST_02363,0.82746786796005,1,Critical Risk,Credit Union,Asia Pacific,Basic,2541.67,5,8
INST_00933,0.8273462166782557,1,Critical Risk,Credit Union,Middle East,Professional,2480.92,1,4
INST_03446,0.8272816357499504,1,Critical Risk,Insurance Company,Europe,Professional,500.0,9,0
INST_02483,0.8272722153125784,1,Critical Risk,Bank,Europe,Basic,7714.74,3,0
INST_04326,0.8271846068805275,1,Critical Risk,Bank,Asia Pacific,Professional,1082.63,1,0
INST_04039,0.8268265278628807,1,Critical Risk,Investment Firm,North America,Basic,11188.95,1,14
INST_03211,0.8260402256947919,1,Critical Risk,Investment Firm,Asia Pacific,Basic,500.0,4,3
INST_02443,0.825282951485523,1,Critical Risk,Insurance Company,Europe,Basic,8720.53,3,17
INST_04082,0.8248774336129777,1,Critical Risk,Investment Firm,North America,Enterprise,2837.62,5,0
INST_01497,0.8248079660585058,1,Critical Risk,Credit Union,North America,Professional,885.32,3,1
INST_02190,0.8245931717424765,1,Critical Risk,Bank,Europe,Professional,4854.32,5,24
INST_01701,0.8242017126078259,1,Critical Risk,Credit Union,Asia Pacific,Professional,9823.22,1,6
INST_02983,0.8239177353305088,1,Critical Risk,Insurance Company,North America,Enterprise,5694.6,4,11
INST_02619,0.8237580687560321,1,Critical Risk,Bank,Europe,Professional,531.1,2,2
INST_04487,0.8234076332234563,1,Critical Risk,Credit Union,North America,Enterprise,2321.56,4,4
INST_02894,0.8233976605360915,1,Critical Risk,Bank,Europe,Professional,500.0,3,4
INST_00669,0.8233420279245464,1,Critical Risk,Bank,Asia Pacific,Basic,6840.48,1,47
INST_03640,0.8232001999423695,1,Critical Risk,Bank,Asia Pacific,Professional,500.0,45,3
INST_03684,0.8228812628282206,1,Critical Risk,Investment Firm,North America,Professional,4282.63,2,1
INST_03334,0.8224435901717598,1,Critical Risk,Payment Processor,Asia Pacific,Professional,3221.49,11,18
INST_01941,0.8216450214926749,1,Critical Risk,Bank,Latin America,Basic,15696.8,1,2
INST_03518,0.8214321846845516,1,Critical Risk,Bank,Europe,Basic,500.0,6,17
INST_00203,0.8213222582458622,1,Critical Risk,Payment Processor,Asia Pacific,Professional,500.0,5,1
INST_04148,0.8208655115528535,1,Critical Risk,Insurance Company,Europe,Basic,10905.53,4,3
INST_01228,0.8208329880256606,1,Critical Risk,Payment Processor,Asia Pacific,Basic,821.06,2,5
INST_02722,0.8200361099949309,1,Critical Risk,Insurance Company,North America,Enterprise,10481.43,4,11
INST_01948,0.8199519678740643,1,Critical Risk,Bank,Latin America,Professional,2446.09,1,7
INST_04046,0.8197263532147181,1,Critical Risk,Bank,North America,Basic,2304.06,5,3
INST_03052,0.8192287763908059,1,Critical Risk,Bank,Middle East,Enterprise,8127.63,41,4
INST_02716,0.8191983884961961,1,Critical Risk,Investment Firm,North America,Basic,11300.53,10,0
INST_03186,0.819071131873041,1,Critical Risk,Credit Union,North America,Basic,1740.13,1,4
INST_01823,0.8189725155240601,1,Critical Risk,Insurance Company,Middle East,Professional,1432.2,3,0
INST_01596,0.818501362971733,1,Critical Risk,Bank,North America,Professional,19037.06,4,3
INST_00794,0.8184082176576518,1,Critical Risk,Bank,Europe,Basic,664.77,4,5
INST_02479,0.8182542238426969,1,Critical Risk,Insurance Company,Europe,Basic,29469.05,3,12
INST_00181,0.8181345951540542,1,Critical Risk,Bank,Asia Pacific,Professional,500.0,4,0
INST_04299,0.8178879964458955,1,Critical Risk,Investment Firm,North America,Professional,551.57,43,16
INST_03114,0.817457094328471,1,Critical Risk,Bank,Europe,Professional,7026.72,6,6
INST_01310,0.8173598894738062,1,Critical Risk,Bank,North America,Basic,66881.5,23,9
INST_01665,0.8173367891114022,1,Critical Risk,Payment Processor,Asia Pacific,Professional,23715.66,4,6
INST_02308,0.8169408810560347,1,Critical Risk,Bank,Asia Pacific,Basic,646.14,1,8
INST_04997,0.8164629705518507,1,Critical Risk,Bank,Latin America,Basic,968.94,8,8
INST_02927,0.816041402946356,1,Critical Risk,Payment Processor,Latin America,Professional,13066.03,1,5
INST_01986,0.8156957561490477,1,Critical Risk,Insurance Company,Europe,Basic,500.0,8,9
INST_01385,0.8155865424265317,1,Critical Risk,Bank,Europe,Professional,3204.76,5,0
INST_04121,0.8155053043974546,1,Critical Risk,Credit Union,Europe,Professional,5239.94,1,21
INST_01914,0.8154774794230311,1,Critical Risk,Credit Union,North America,Enterprise,14015.33,1,10
INST_00138,0.815352772983259,1,Critical Risk,Credit Union,Asia Pacific,Professional,1372.99,7,20
INST_00829,0.8151482138690429,1,Critical Risk,Credit Union,Europe,Professional,9430.6,1,1
INST_02636,0.8150793453148494,1,Critical Risk,Payment Processor,North America,Professional,1684.7,1,1
INST_03776,0.8148317210065912,1,Critical Risk,Insurance Company,Middle East,Professional,7409.17,5,0
INST_01433,0.8142843610800068,1,Critical Risk,Investment Firm,Europe,Professional,28481.6,7,28
INST_04591,0.8141385346540332,1,Critical Risk,Bank,North America,Enterprise,21280.13,4,5
INST_00680,0.8138365849898882,1,Critical Risk,Insurance Company,North America,Professional,15166.98,41,2
INST_00667,0.8136718963722455,1,Critical Risk,Bank,Asia Pacific,Basic,9845.88,1,10
INST_02670,0.8135123952894971,1,Critical Risk,Investment Firm,Asia Pacific,Basic,31327.48,1,6
INST_00266,0.8133667031414541,1,Critical Risk,Investment Firm,North America,Professional,3439.92,4,6
INST_01659,0.8131240276980186,1,Critical Risk,Credit Union,North America,Basic,8801.98,1,2
INST_01068,0.8131216768681006,1,Critical Risk,Credit Union,North America,Professional,514.45,2,4
INST_03102,0.8130594896104312,1,Critical Risk,Payment Processor,North America,Basic,3396.51,3,10
INST_00626,0.8128243183575742,1,Critical Risk,Credit Union,Europe,Enterprise,646.91,22,17
INST_03209,0.8128010522129226,1,Critical Risk,Investment Firm,North America,Enterprise,11323.46,37,11
INST_04159,0.8127205293069157,1,Critical Risk,Investment Firm,Europe,Basic,500.0,6,6
INST_01901,0.8119389095598399,1,Critical Risk,Bank,North America,Enterprise,500.0,4,11
INST_03538,0.8117834513518758,1,Critical Risk,Investment Firm,Europe,Enterprise,24062.21,8,0
INST_02337,0.8115307411145478,1,Critical Risk,Credit Union,North America,Professional,695.86,7,2
INST_00949,0.8113989207050626,1,Critical Risk,Investment Firm,Asia Pacific,Enterprise,8790.16,35,15
INST_00046,0.8113114824863539,1,Critical Risk,Bank,Europe,Basic,652.53,3,15
INST_02815,0.8111380915215427,1,Critical Risk,Insurance Company,Europe,Basic,4162.61,3,3
INST_01550,0.8110232606498478,1,Critical Risk,Payment Processor,North America,Basic,2439.09,4,11
INST_04130,0.810978485288011,1,Critical Risk,Bank,North America,Basic,1487.21,6,2
INST_01026,0.8109020194560805,1,Critical Risk,Payment Processor,Latin America,Basic,33337.37,29,19
INST_01682,0.8108012799531469,1,Critical Risk,Investment Firm,Latin America,Professional,9105.77,2,5
INST_01835,0.8107492177754009,1,Critical Risk,Investment Firm,North America,Basic,3788.53,3,0
INST_04470,0.8107271757237284,1,Critical Risk,Payment Processor,Europe,Enterprise,500.0,2,11
INST_02169,0.8106610636627495,1,Critical Risk,Bank,North America,Professional,988.51,7,6
INST_00170,0.810208670504182,1,Critical Risk,Investment Firm,Europe,Professional,18461.27,4,2
INST_00843,0.8100358893352836,1,Critical Risk,Payment Processor,North America,Basic,1020.81,10,12
INST_04457,0.8100123067606039,1,Critical Risk,Bank,Latin America,Basic,16344.35,1,6
INST_04065,0.8098361237241706,1,Critical Risk,Bank,Europe,Enterprise,3279.46,5,1
INST_04862,0.8096082579315217,1,Critical Risk,Bank,Latin America,Basic,1431.96,5,5
INST_02866,0.8093861336935775,1,Critical Risk,Credit Union,North America,Professional,1586.58,2,0
INST_00114,0.8090849849872437,1,Critical Risk,Investment Firm,North America,Basic,15238.81,5,1
INST_04021,0.8089858758872823,1,Critical Risk,Bank,Latin America,Basic,611.31,54,3
INST_04429,0.8088886605965255,1,Critical Risk,Insurance Company,Asia Pacific,Basic,16693.49,26,33
INST_02510,0.8081103574820142,1,Critical Risk,Bank,Asia Pacific,Professional,1350.12,3,22
INST_01109,0.8079794822783825,1,Critical Risk,Bank,Latin America,Professional,22849.47,4,5
INST_00028,0.8077115531964796,1,Critical Risk,Investment Firm,Asia Pacific,Professional,17307.85,16,2
INST_03995,0.8070037284898729,1,Critical Risk,Credit Union,Europe,Professional,40044.42,1,6
INST_04626,0.8069222798129916,1,Critical Risk,Bank,Europe,Professional,16820.33,4,1
INST_00213,0.8064731621184487,1,Critical Risk,Bank,Asia Pacific,Professional,33326.28,1,2
INST_04539,0.8063640010204375,1,Critical Risk,Bank,Europe,Professional,500.0,5,0
INST_02978,0.8060737638273023,1,Critical Risk,Insurance Company,Asia Pacific,Basic,894.2,13,6
INST_01974,0.8057057711853747,1,Critical Risk,Bank,Europe,Basic,4475.46,4,2
INST_00716,0.8053153385075893,1,Critical Risk,Insurance Company,North America,Basic,15930.07,1,20
INST_01937,0.8049494497678198,1,Critical Risk,Insurance Company,Asia Pacific,Professional,3778.66,7,5
INST_03761,0.8046923125458205,1,Critical Risk,Insurance Company,Asia Pacific,Professional,1309.94,6,3
INST_00437,0.8042817458491929,1,Critical Risk,Insurance Company,Asia Pacific,Professional,2499.77,1,3
INST_04794,0.8042486863675267,1,Critical Risk,Bank,Europe,Basic,315979.84,22,5
INST_02131,0.8040321608429609,1,Critical Risk,Bank,Europe,Basic,4399.52,6,3
INST_02584,0.8039448536155188,1,Critical Risk,Investment Firm,Europe,Basic,16960.67,9,0
INST_00336,0.8038826077146599,1,Critical Risk,Payment Processor,North America,Basic,3484.87,1,2
INST_01337,0.8037146583942638,1,Critical Risk,Investment Firm,North America,Basic,1811.4,10,9
INST_01620,0.8033243059582715,1,Critical Risk,Credit Union,North America,Professional,1734.92,20,0
INST_04505,0.80310123329633,1,Critical Risk,Bank,Europe,Professional,4680.5,1,1
INST_03144,0.8023921178355657,1,Critical Risk,Bank,Middle East,Basic,77591.71,1,7
INST_01840,0.8018626679349008,1,Critical Risk,Credit Union,Latin America,Basic,5179.13,56,9
INST_01476,0.8014558408623099,1,Critical Risk,Insurance Company,Europe,Professional,3004.99,2,0
INST_02597,0.8012819940416266,1,Critical Risk,Credit Union,North America,Professional,2757.68,2,5
INST_00491,0.800996700892234,1,Critical Risk,Investment Firm,Asia Pacific,Basic,4107.63,5,8
INST_02445,0.800324206891066,1,Critical Risk,Bank,Asia Pacific,Basic,3693.21,2,11
INST_02119,0.7998828598740451,1,Critical Risk,Payment Processor,Europe,Professional,500.0,7,1
INST_03360,0.7995956651029269,1,Critical Risk,Insurance Company,Asia Pacific,Basic,6374.38,1,2
INST_02127,0.7985025328188966,1,Critical Risk,Bank,North America,Enterprise,2120.82,9,1
INST_02369,0.7984158819851231,1,Critical Risk,Insurance Company,Latin America,Enterprise,9409.11,5,3
INST_04360,0.7983261490279563,1,Critical Risk,Bank,Europe,Enterprise,29081.89,1,2
INST_04392,0.7982424846336527,1,Critical Risk,Investment Firm,North America,Basic,2883.26,3,2
INST_02269,0.7978859575196868,1,Critical Risk,Credit Union,North America,Basic,2182.3,13,8
INST_00582,0.7973869471787307,1,Critical Risk,Credit Union,Asia Pacific,Professional,4958.52,5,21
INST_03319,0.7973039662542647,1,Critical Risk,Insurance Company,Europe,Professional,672.96,4,4
INST_03188,0.7972241797978457,1,Critical Risk,Insurance Company,Europe,Enterprise,6346.66,4,5
INST_04600,0.7971120186985717,1,Critical Risk,Bank,North America,Basic,2717.82,5,9
INST_01075,0.796943220063778,1,Critical Risk,Credit Union,North America,Professional,1089.05,4,4
INST_00457,0.7968390620519118,1,Critical Risk,Credit Union,North America,Professional,6769.87,1,24
INST_04407,0.796819142712832,1,Critical Risk,Bank,Europe,Professional,2386.86,8,5
INST_03412,0.7963925086431778,1,Critical Risk,Bank,North America,Basic,141221.05,71,1
INST_04320,0.7961447305747136,1,Critical Risk,Investment Firm,North America,Basic,1940.31,15,14
INST_01276,0.7960720628878378,1,Critical Risk,Bank,North America,Basic,650.98,5,8
INST_00308,0.7958375749207347,1,Critical Risk,Insurance Company,Latin America,Enterprise,3756.84,45,6
INST_02089,0.795267301247748,1,Critical Risk,Credit Union,North America,Professional,865.45,77,3
INST_03328,0.7949316758770457,1,Critical Risk,Bank,Latin America,Professional,6497.46,2,2
INST_00252,0.7946821529076251,1,Critical Risk,Payment Processor,Asia Pacific,Basic,6569.74,5,0
INST_02786,0.7943784939716025,1,Critical Risk,Payment Processor,North America,Basic,3819.33,2,7
INST_00439,0.793201979381952,1,Critical Risk,Bank,Asia Pacific,Professional,1391.42,1,15
INST_03836,0.7923323151838109,1,Critical Risk,Payment Processor,Europe,Enterprise,50161.28,1,5
INST_03103,0.7919641433282995,1,Critical Risk,Credit Union,North America,Professional,7095.46,1,8
INST_00327,0.7919328134916642,1,Critical Risk,Investment Firm,North America,Basic,4074.99,4,3
INST_02595,0.7918037544764012,1,Critical Risk,Insurance Company,Middle East,Basic,2317.33,29,29
INST_03613,0.7913234711383333,1,Critical Risk,Insurance Company,North America,Basic,7603.27,12,3
INST_00712,0.7912668312135565,1,Critical Risk,Credit Union,Europe,Enterprise,9723.94,2,3
INST_01782,0.7912224085201786,1,Critical Risk,Credit Union,Europe,Professional,14349.43,1,2
INST_04894,0.790855888358918,1,Critical Risk,Credit Union,Asia Pacific,Basic,1197.9,2,2
INST_03817,0.7908496397539292,1,Critical Risk,Insurance Company,North America,Professional,7300.81,3,1
INST_00363,0.7902768908451588,1,Critical Risk,Credit Union,Asia Pacific,Enterprise,639.66,2,1
INST_04443,0.7900037075970797,1,Critical Risk,Credit Union,North America,Enterprise,500.0,5,11
INST_04067,0.7899024148283671,1,Critical Risk,Payment Processor,Europe,Professional,11268.55,5,5
INST_01896,0.7891630500165536,1,Critical Risk,Investment Firm,Asia Pacific,Basic,40656.87,1,5
INST_01520,0.7890392006182805,1,Critical Risk,Bank,North America,Professional,24847.31,4,0
INST_02899,0.7883625822808036,1,Critical Risk,Bank,Latin America,Basic,17753.53,11,16
INST_02194,0.7880602901409243,1,Critical Risk,Bank,Asia Pacific,Professional,1896.46,3,29
INST_03362,0.787955470564237,1,Critical Risk,Investment Firm,North America,Professional,4415.65,10,2
INST_04001,0.7877559228865771,1,Critical Risk,Insurance Company,Europe,Basic,2451.91,5,0
INST_04028,0.7875061962514277,1,Critical Risk,Insurance Company,Middle East,Basic,915.94,3,7
INST_00880,0.7874272233444464,1,Critical Risk,Bank,North America,Professional,3190.74,1,1
INST_00650,0.7873598730791694,1,Critical Risk,Bank,Asia Pacific,Enterprise,7848.68,1,26
INST_03050,0.7873494598740238,1,Critical Risk,Bank,North America,Enterprise,1986.98,3,4
INST_01691,0.7869585851557873,1,Critical Risk,Credit Union,North America,Professional,39099.96,9,13
INST_00042,0.7867247718188202,1,Critical Risk,Bank,North America,Basic,29345.12,4,0
INST_00589,0.7863336595843533,1,Critical Risk,Bank,Europe,Basic,4249.99,1,17
INST_02766,0.7860472509074755,1,Critical Risk,Credit Union,North America,Professional,1435.52,1,3
INST_00445,0.7857974026157092,1,Critical Risk,Payment Processor,North America,Professional,500.0,10,3
INST_04026,0.7857660557267443,1,Critical Risk,Credit Union,Europe,Professional,86815.99,5,10
INST_01510,0.7854951961057286,1,Critical Risk,Insurance Company,North America,Basic,3344.92,50,13
INST_03714,0.7854378247321517,1,Critical Risk,Payment Processor,Latin America,Basic,52486.21,1,0
INST_00771,0.7853444356700963,1,Critical Risk,Insurance Company,Asia Pacific,Professional,682.76,2,16
INST_01657,0.7846990983024618,1,Critical Risk,Bank,North America,Enterprise,1841.19,1,13
INST_01867,0.7845221616626464,1,Critical Risk,Bank,North America,Basic,13691.98,8,3
INST_02683,0.7836394879378354,1,Critical Risk,Credit Union,Europe,Basic,3371.57,3,9
INST_04477,0.7833129141293849,1,Critical Risk,Credit Union,Latin America,Enterprise,542.73,1,23
INST_04431,0.7831901752071704,1,Critical Risk,Credit Union,North America,Enterprise,32842.6,2,3
INST_03111,0.7829451506596072,1,Critical Risk,Bank,North America,Professional,1294.13,2,0
INST_01253,0.7827166330562964,1,Critical Risk,Bank,North America,Enterprise,1397.88,6,8
INST_04448,0.7825199313533819,1,Critical Risk,Bank,North America,Professional,3167.87,5,0
INST_03912,0.7822889550818054,1,Critical Risk,Bank,Latin America,Professional,23165.17,120,10
INST_00516,0.7818936418254122,1,Critical Risk,Credit Union,Asia Pacific,Professional,500.0,1,5
INST_03250,0.7817409604045186,1,Critical Risk,Credit Union,Latin America,Professional,5948.75,4,1
INST_00427,0.7816464627718723,1,Critical Risk,Payment Processor,North America,Enterprise,559.66,1,0
INST_01270,0.7812801686169213,1,Critical Risk,Investment Firm,North America,Basic,9311.64,11,8
INST_04168,0.7811595465779517,1,Critical Risk,Bank,North America,Basic,2511.98,1,0
INST_03168,0.7807623267807416,1,Critical Risk,Insurance Company,Europe,Professional,817.63,5,12
INST_04200,0.7804091335800196,1,Critical Risk,Insurance Company,Latin America,Professional,1228.54,1,18
INST_01795,0.7803327669487036,1,Critical Risk,Bank,North America,Enterprise,1552.17,3,0
INST_01832,0.7802910305571825,1,Critical Risk,Investment Firm,Europe,Professional,867.44,20,27
INST_03421,0.7800813804442269,1,Critical Risk,Investment Firm,North America,Basic,4371.57,2,16
INST_00811,0.7800424223690995,1,Critical Risk,Insurance Company,Middle East,Professional,12949.34,1,12
INST_04624,0.7799123613898804,1,Critical Risk,Payment Processor,North America,Professional,1271.2,4,0
INST_02989,0.7798166353713696,1,Critical Risk,Payment Processor,Asia Pacific,Basic,47707.64,1,10
INST_04646,0.7797976634261956,1,Critical Risk,Investment Firm,Asia Pacific,Enterprise,2844.75,2,6
INST_03508,0.7792279001846562,1,Critical Risk,Insurance Company,Latin America,Professional,22510.68,2,10
INST_04561,0.7791921165274422,1,Critical Risk,Bank,North America,Basic,35464.35,3,3
INST_04495,0.7790518695626774,1,Critical Risk,Investment Firm,Europe,Professional,1792.73,6,3
INST_02551,0.7788847007340222,1,Critical Risk,Bank,Europe,Basic,11475.85,2,0
INST_00026,0.7787672509081244,1,Critical Risk,Bank,North America,Enterprise,500.0,8,5
INST_01110,0.7784636133118417,1,Critical Risk,Insurance Company,Middle East,Professional,897.15,12,10
INST_02812,0.778259023281798,1,Critical Risk,Investment Firm,North America,Basic,1365.76,1,0
INST_03748,0.7782184626273986,1,Critical Risk,Credit Union,North America,Professional,7524.69,4,3
INST_00710,0.7780516575060433,1,Critical Risk,Insurance Company,North America,Professional,8692.74,1,6
INST_02896,0.7780324911838108,1,Critical Risk,Credit Union,Asia Pacific,Professional,500.0,2,2
INST_01408,0.777765975002566,1,Critical Risk,Investment Firm,Europe,Professional,1667.77,16,2
INST_01815,0.7773812045861987,1,Critical Risk,Payment Processor,North America,Professional,500.0,1,0
INST_01852,0.7772932232346365,1,Critical Risk,Payment Processor,Latin America,Enterprise,1052.93,28,18
INST_04695,0.7772575460022731,1,Critical Risk,Payment Processor,Europe,Professional,17626.87,5,8
INST_02711,0.7763756220610728,1,Critical Risk,Credit Union,North America,Basic,8437.13,31,22
INST_04344,0.7761256955825818,1,Critical Risk,Investment Firm,North America,Enterprise,14831.23,5,5
INST_01496,0.7760236426859687,1,Critical Risk,Investment Firm,North America,Basic,1176.41,9,13
INST_03991,0.7759702110851135,1,Critical Risk,Bank,North America,Professional,683.27,1,3
INST_03580,0.7758231263508395,1,Critical Risk,Credit Union,North America,Basic,500.0,9,4
INST_04078,0.7756151639585075,1,Critical Risk,Insurance Company,Asia Pacific,Professional,47729.2,2,3
INST_04848,0.7754731184778801,1,Critical Risk,Insurance Company,Europe,Professional,14805.3,1,6
INST_03257,0.7751962969075773,1,Critical Risk,Bank,Middle East,Professional,982.82,8,8
INST_03455,0.7751091787940819,1,Critical Risk,Bank,North America,Enterprise,1440.41,4,14
INST_01888,0.7750242079774812,1,Critical Risk,Insurance Company,North America,Professional,3988.33,7,1
INST_02949,0.7745651084977468,1,Critical Risk,Payment Processor,North America,Basic,2053.57,7,1
INST_02166,0.7740310783403345,1,Critical Risk,Investment Firm,Latin America,Enterprise,3093.67,26,5
INST_00208,0.7740023227021153,1,Critical Risk,Bank,Latin America,Basic,45002.43,3,4
INST_00226,0.7740018121635666,1,Critical Risk,Payment Processor,Europe,Professional,18105.52,3,0
INST_03282,0.7737601095614347,1,Critical Risk,Payment Processor,Latin America,Professional,1694.38,2,10
INST_01210,0.7737237606587535,1,Critical Risk,Credit Union,Europe,Basic,1556.37,82,5
INST_04681,0.7736025248237717,1,Critical Risk,Bank,North America,Basic,12269.54,7,7
INST_03182,0.773537408956126,1,Critical Risk,Bank,North America,Basic,39436.41,1,37
INST_02104,0.7733978281663387,1,Critical Risk,Insurance Company,North America,Professional,30456.99,1,3
INST_03941,0.7729678722798486,1,Critical Risk,Payment Processor,North America,Basic,500.0,2,2
INST_01604,0.7726942902401922,1,Critical Risk,Bank,Europe,Professional,4885.56,5,6
INST_01326,0.7724744855466226,1,Critical Risk,Bank,Middle East,Professional,2371.28,5,0
INST_04405,0.7719326492869336,1,Critical Risk,Investment Firm,Europe,Basic,500.0,7,11
INST_01744,0.771907431698538,1,Critical Risk,Credit Union,Europe,Enterprise,500.0,5,6
INST_00060,0.7714395159935282,1,Critical Risk,Credit Union,Latin America,Basic,9145.15,1,4
INST_02336,0.7712329921195856,1,Critical Risk,Credit Union,North America,Basic,1173.79,1,1
INST_01970,0.771192026215546,1,Critical Risk,Bank,North America,Basic,2830.64,8,21
INST_00747,0.7708781984575898,1,Critical Risk,Credit Union,Middle East,Enterprise,1656.25,1,0
INST_01344,0.770712281754944,1,Critical Risk,Insurance Company,Europe,Professional,1599.63,10,3
INST_02225,0.7699869294209195,1,Critical Risk,Credit Union,Middle East,Professional,25642.12,3,4
INST_03987,0.7699505068384902,1,Critical Risk,Credit Union,Latin America,Basic,7363.17,3,11
INST_04696,0.7698712578391919,1,Critical Risk,Credit Union,North America,Basic,19572.86,24,4
INST_04578,0.7695610958657245,1,Critical Risk,Payment Processor,North America,Basic,6470.63,10,1
INST_04000,0.7695208798259244,1,Critical Risk,Investment Firm,Latin America,Basic,5234.49,11,5
INST_02464,0.7687179477737796,1,Critical Risk,Investment Firm,North America,Basic,500.0,14,26
INST_00359,0.7685852659787702,1,Critical Risk,Investment Firm,Europe,Professional,1994.87,9,2
INST_01828,0.7685565561568463,1,Critical Risk,Insurance Company,Asia Pacific,Basic,1314.18,2,3
INST_03487,0.7683177102647335,1,Critical Risk,Bank,Europe,Professional,1212.78,8,11
INST_04560,0.7680905080406976,1,Critical Risk,Insurance Company,Asia Pacific,Professional,500.0,10,13
INST_02710,0.7678616623860887,1,Critical Risk,Insurance Company,North America,Basic,2676.52,3,17
INST_03096,0.7676846253079695,1,Critical Risk,Payment Processor,North America,Basic,2089.32,1,2
INST_03591,0.7676279856607049,1,Critical Risk,Bank,North America,Professional,753.94,6,0
INST_02453,0.7675552277791907,1,Critical Risk,Bank,Europe,Enterprise,1383.48,2,0
INST_00765,0.7667781421636731,1,Critical Risk,Investment Firm,Asia Pacific,Professional,4578.81,4,6
INST_00649,0.7665680827246054,1,Critical Risk,Credit Union,Europe,Professional,1631.73,3,7
INST_04164,0.766462252676311,1,Critical Risk,Investment Firm,Middle East,Professional,802.02,38,21
INST_01197,0.7663164223986217,1,Critical Risk,Payment Processor,Asia Pacific,Professional,44297.59,1,3
INST_00959,0.7658239103932374,1,Critical Risk,Insurance Company,Asia Pacific,Enterprise,1497.67,1,13
INST_01111,0.765420977977235,1,Critical Risk,Bank,North America,Basic,11348.21,6,4
INST_01376,0.7649485248636345,1,Critical Risk,Credit Union,Asia Pacific,Professional,1211.27,4,11
INST_04992,0.7649401984046454,1,Critical Risk,Bank,Europe,Basic,3956.78,2,3
INST_02721,0.7648911227600672,1,Critical Risk,Insurance Company,Latin America,Basic,8164.68,8,1
INST_04777,0.764862047966685,1,Critical Risk,Bank,Middle East,Basic,23414.93,17,3
INST_02808,0.7647428381235222,1,Critical Risk,Credit Union,North America,Professional,8834.73,8,10
INST_03234,0.7646163412114663,1,Critical Risk,Credit Union,North America,Professional,11369.93,2,3
INST_03278,0.7645971652380622,1,Critical Risk,Bank,North America,Professional,27551.58,1,15
INST_04323,0.7645081144202999,1,Critical Risk,Credit Union,Europe,Professional,12013.17,1,2
INST_00339,0.7643076929185385,1,Critical Risk,Bank,North America,Enterprise,49758.25,1,0
INST_00783,0.7625384216324669,1,Critical Risk,Bank,North America,Professional,4208.17,11,6
INST_03549,0.7621972198238944,1,Critical Risk,Investment Firm,North America,Basic,11784.95,1,29
INST_00083,0.7618206069298252,1,Critical Risk,Bank,North America,Professional,4932.55,3,7
INST_02370,0.761657019039124,1,Critical Risk,Investment Firm,Asia Pacific,Basic,17309.03,5,7
INST_00224,0.7612689587669376,1,Critical Risk,Bank,North America,Basic,2474.96,1,1
INST_01494,0.7610819710987216,1,Critical Risk,Investment Firm,Middle East,Professional,6726.65,2,5
INST_01618,0.7602015243949419,1,Critical Risk,Investment Firm,Europe,Enterprise,947.36,1,1
INST_02475,0.7600760296966946,1,Critical Risk,Payment Processor,Europe,Professional,19393.05,1,3
INST_01159,0.7598706154488022,1,Critical Risk,Bank,Asia Pacific,Professional,2926.56,5,0
INST_04947,0.7595245650930891,1,Critical Risk,Insurance Company,North America,Professional,809.33,4,5
INST_01825,0.7592556151194032,1,Critical Risk,Credit Union,Asia Pacific,Basic,13561.84,1,13
INST_04210,0.7591690706642243,1,Critical Risk,Bank,Latin America,Basic,4466.44,1,4
INST_02951,0.7587827198127053,1,Critical Risk,Investment Firm,North America,Enterprise,2052.53,18,35
INST_00018,0.758601106267398,1,Critical Risk,Credit Union,Europe,Basic,1114.66,5,13
INST_01956,0.7581216365484856,1,Critical Risk,Investment Firm,Europe,Professional,1562.71,4,14
INST_04195,0.7577959486251704,1,Critical Risk,Bank,North America,Basic,1269.35,93,1
INST_03563,0.7577593249460258,1,Critical Risk,Credit Union,Latin America,Professional,2420.62,11,0
INST_01281,0.7576772235462463,1,Critical Risk,Insurance Company,Europe,Basic,844.89,37,16
INST_02827,0.757538925833694,1,Critical Risk,Bank,North America,Basic,6421.65,4,10
INST_04203,0.7573013997931868,1,Critical Risk,Payment Processor,Europe,Enterprise,2377.25,1,4
INST_01889,0.7572736196598209,1,Critical Risk,Payment Processor,Europe,Professional,810.97,6,1
INST_00225,0.7564540331437464,1,Critical Risk,Bank,North America,Professional,8400.16,1,16
INST_03241,0.7558704165949667,1,Critical Risk,Credit Union,Asia Pacific,Basic,2235.16,10,1
INST_01507,0.7553497453672456,1,Critical Risk,Credit Union,Latin America,Basic,783.89,10,5
INST_02824,0.7550163775306578,1,Critical Risk,Bank,Europe,Enterprise,18064.39,2,2
INST_03930,0.7546995740312749,1,Critical Risk,Payment Processor,North America,Professional,500.0,12,16
INST_03016,0.7544032020846827,1,Critical Risk,Insurance Company,Europe,Enterprise,17606.63,17,4
INST_03261,0.7541988731059438,1,Critical Risk,Credit Union,North America,Professional,717.02,8,35
INST_02025,0.753437576927741,1,Critical Risk,Bank,Europe,Basic,500.0,9,14
INST_00637,0.7524620129951312,1,Critical Risk,Bank,Asia Pacific,Professional,500.0,2,13
INST_01154,0.7524423963054381,1,Critical Risk,Investment Firm,North America,Enterprise,919.75,21,4
INST_01426,0.7524357736364545,1,Critical Risk,Bank,Latin America,Basic,500.0,7,2
INST_03899,0.7520491708268928,1,Critical Risk,Insurance Company,Latin America,Basic,26921.84,15,3
INST_00833,0.7514491221535853,1,Critical Risk,Bank,Europe,Basic,32114.72,3,8
INST_02847,0.7514440984084293,1,Critical Risk,Bank,Europe,Enterprise,744.39,10,1
INST_03109,0.7514278820687902,1,Critical Risk,Investment Firm,Asia Pacific,Basic,6753.47,4,5
INST_03759,0.7511927545475922,1,Critical Risk,Insurance Company,Europe,Professional,1217.42,25,26
INST_00179,0.7506908209227572,1,Critical Risk,Bank,Latin America,Professional,4685.02,1,48
INST_01942,0.7502295393213869,1,Critical Risk,Insurance Company,Asia Pacific,Basic,2836.65,10,3
INST_02820,0.7502148562009162,1,Critical Risk,Payment Processor,North America,Basic,1705.67,40,10
INST_00802,0.7499608178720139,1,Critical Risk,Investment Firm,North America,Basic,547.79,20,5
INST_01221,0.7496210585966482,1,Critical Risk,Bank,Asia Pacific,Professional,3491.51,10,7
INST_04609,0.7494289027457061,1,Critical Risk,Credit Union,Asia Pacific,Professional,1626.3,21,20
INST_01105,0.7490119197152575,1,Critical Risk,Bank,North America,Basic,94711.45,9,3
INST_00889,0.7488381075037545,1,Critical Risk,Bank,Europe,Basic,1589.64,65,19
INST_00588,0.7487011433131903,1,Critical Risk,Bank,Latin America,Enterprise,780.82,2,11
INST_04275,0.7479256661527157,1,Critical Risk,Investment Firm,North America,Basic,5715.85,14,8
INST_04346,0.7471649751717758,1,Critical Risk,Insurance Company,Asia Pacific,Basic,2591.64,5,22
INST_02714,0.7469172402646432,1,Critical Risk,Bank,North America,Basic,8207.8,8,0
INST_00539,0.7467907608103352,1,Critical Risk,Bank,Europe,Professional,8153.48,21,1
INST_01791,0.746740193974759,1,Critical Risk,Insurance Company,North America,Basic,1516.95,1,11
INST_03726,0.7463405847409232,1,Critical Risk,Bank,Europe,Enterprise,700.33,1,9
INST_00707,0.7462349329481903,1,Critical Risk,Insurance Company,North America,Professional,11484.74,1,4
INST_00858,0.7456265663597142,1,Critical Risk,Investment Firm,North America,Enterprise,7718.59,1,6
INST_01650,0.7451644951793945,1,Critical Risk,Bank,North America,Professional,19213.48,1,3
INST_04436,0.7449736145227402,1,Critical Risk,Bank,Asia Pacific,Professional,6979.86,14,5
INST_00348,0.7448061990874746,1,Critical Risk,Credit Union,Europe,Professional,1516.29,6,11
INST_04278,0.743937106654123,1,Critical Risk,Bank,North America,Professional,249719.42,1,6
INST_01063,0.7438170330620619,1,Critical Risk,Credit Union,Europe,Enterprise,1029.9,7,26
INST_02103,0.7436741841874618,1,Critical Risk,Investment Firm,Europe,Professional,13804.36,10,10
INST_01582,0.7435744412793802,1,Critical Risk,Investment Firm,Asia Pacific,Enterprise,16577.19,26,5
INST_01935,0.7435173662153508,1,Critical Risk,Insurance Company,Europe,Basic,1308.39,14,8
INST_03460,0.7427346857681423,1,Critical Risk,Bank,Middle East,Enterprise,1827.36,3,10
INST_00702,0.742428736631624,1,Critical Risk,Bank,Europe,Basic,8536.89,12,3
INST_02376,0.7420348255680412,1,Critical Risk,Bank,Europe,Basic,1252.87,10,8
INST_02553,0.7417048653243031,1,Critical Risk,Payment Processor,Europe,Professional,56292.61,31,8
INST_04351,0.7415528683831256,1,Critical Risk,Investment Firm,North America,Professional,1649.36,2,15
INST_00361,0.7413981039070969,1,Critical Risk,Investment Firm,North America,Enterprise,2227.53,1,14
INST_00167,0.7411850660281434,1,Critical Risk,Bank,North America,Professional,622.04,5,1
INST_04230,0.7409872901651368,1,Critical Risk,Insurance Company,Europe,Basic,3650.87,10,5
INST_03935,0.7409471199758451,1,Critical Risk,Credit Union,Europe,Basic,500.0,34,11
INST_02910,0.7408607007776891,1,Critical Risk,Bank,Latin America,Professional,6190.48,4,15
INST_01307,0.7403418800041153,1,Critical Risk,Insurance Company,North America,Basic,12377.22,3,19
INST_03544,0.7398772459955495,1,Critical Risk,Payment Processor,North America,Basic,500.0,9,6
INST_00916,0.7398007033894153,1,Critical Risk,Bank,Middle East,Basic,6790.74,7,12
INST_03925,0.7396204694754225,1,Critical Risk,Bank,Europe,Basic,65631.61,10,0
INST_04260,0.739537194978075,1,Critical Risk,Bank,Europe,Professional,5417.74,12,7
INST_03700,0.7395311742367419,1,Critical Risk,Investment Firm,Latin America,Enterprise,2571.46,10,1
INST_04247,0.7395112349638389,1,Critical Risk,Bank,Europe,Professional,12276.3,1,3
INST_03399,0.73860518139569,1,Critical Risk,Investment Firm,Middle East,Basic,3440.31,1,46
INST_02898,0.7382993196644821,1,Critical Risk,Credit Union,North America,Enterprise,6006.82,17,11
INST_04488,0.7382527418237324,1,Critical Risk,Insurance Company,North America,Basic,906.79,17,10
INST_00161,0.7381395826986268,1,Critical Risk,Investment Firm,North America,Professional,567.01,18,12
INST_03220,0.7378741638892409,1,Critical Risk,Credit Union,Latin America,Professional,1463.56,11,19
INST_03757,0.7375847777405461,1,Critical Risk,Bank,North America,Enterprise,1958.43,7,1
INST_03191,0.7374150130210285,1,Critical Risk,Payment Processor,North America,Professional,500.0,26,3
INST_01437,0.7372657685002609,1,Critical Risk,Insurance Company,North America,Enterprise,33128.1,29,18
INST_03033,0.7371733856224897,1,Critical Risk,Bank,North America,Basic,33705.0,7,0
INST_01261,0.7370206079895276,1,Critical Risk,Insurance Company,Latin America,Professional,500.0,37,0
INST_01400,0.7365602700640307,1,Critical Risk,Bank,Asia Pacific,Basic,1120.38,20,0
INST_00268,0.7365446760010436,1,Critical Risk,Credit Union,Latin America,Professional,10244.96,6,1
INST_01186,0.7364737758130758,1,Critical Risk,Investment Firm,Asia Pacific,Basic,2732.62,8,7
INST_03536,0.736434679072529,1,Critical Risk,Bank,North America,Professional,4564.85,4,2
INST_01230,0.7363490962370967,1,Critical Risk,Payment Processor,Europe,Professional,4677.63,3,2
INST_04263,0.7360527821732865,1,Critical Risk,Credit Union,Europe,Enterprise,1702.36,3,2
INST_00760,0.7360228353696288,1,Critical Risk,Bank,Asia Pacific,Basic,838.34,2,2
INST_00379,0.7357897439709585,1,Critical Risk,Bank,North America,Professional,2468.92,5,2
INST_04309,0.7357038651141743,1,Critical Risk,Insurance Company,North America,Basic,500.0,21,19
INST_02480,0.7353078330121599,1,Critical Risk,Bank,North America,Enterprise,19428.81,21,6
INST_03604,0.735100178232559,1,Critical Risk,Bank,Europe,Basic,848.83,9,12
INST_01565,0.7348670177961444,1,Critical Risk,Credit Union,North America,Basic,15272.17,57,10
INST_04016,0.7346722171978705,1,Critical Risk,Payment Processor,North America,Enterprise,6087.88,1,16
INST_02963,0.7340997840781891,1,Critical Risk,Payment Processor,Europe,Basic,9935.01,10,0
INST_04706,0.7338127972216861,1,Critical Risk,Insurance Company,North America,Professional,10035.73,11,1
INST_04324,0.7337217763495221,1,Critical Risk,Insurance Company,North America,Enterprise,5842.66,6,12
INST_00754,0.7336412478039862,1,Critical Risk,Bank,Latin America,Basic,17061.97,57,5
INST_02811,0.7335210542374847,1,Critical Risk,Investment Firm,North America,Professional,522.74,4,0
INST_00946,0.7328609208336551,1,Critical Risk,Bank,North America,Basic,13861.67,6,2
INST_03783,0.7327703328193016,1,Critical Risk,Insurance Company,Asia Pacific,Basic,1619.61,32,10
INST_04563,0.73267197032363,1,Critical Risk,Bank,Europe,Enterprise,1541.14,4,1
INST_00076,0.7325461956603384,1,Critical Risk,Insurance Company,Europe,Basic,5226.94,1,12
INST_02095,0.732353973026738,1,Critical Risk,Insurance Company,Europe,Basic,1175.5,65,0
INST_03151,0.7323211489415149,1,Critical Risk,Bank,Asia Pacific,Basic,500.0,54,3
INST_03256,0.7321921820101717,1,Critical Risk,Investment Firm,North America,Basic,1108.48,3,13
INST_01460,0.7318810844523143,1,Critical Risk,Credit Union,North America,Basic,9748.0,1,8
INST_04328,0.7315733678669268,1,Critical Risk,Bank,North America,Basic,6468.94,1,12
INST_03276,0.7314775489185896,1,Critical Risk,Insurance Company,Europe,Professional,1689.37,3,0
INST_04224,0.7312668006934474,1,Critical Risk,Investment Firm,Latin America,Professional,7314.04,8,4
INST_04692,0.7307070735306544,1,Critical Risk,Bank,North America,Enterprise,95697.0,1,29
INST_00113,0.7306283662332883,1,Critical Risk,Insurance Company,Asia Pacific,Professional,12743.17,1,11
INST_03259,0.7306016679348077,1,Critical Risk,Payment Processor,Asia Pacific,Basic,1537.85,8,10
INST_04891,0.7304681542189937,1,Critical Risk,Bank,North America,Professional,1072.77,1,3
INST_00492,0.7296353103425447,1,Critical Risk,Bank,Europe,Basic,661.05,19,13
INST_02791,0.7295178816055383,1,Critical Risk,Payment Processor,North America,Basic,1284.65,15,3
INST_02719,0.7285589934894016,1,Critical Risk,Bank,Middle East,Basic,59771.15,22,7
INST_02389,0.7282814763653529,1,Critical Risk,Investment Firm,Europe,Basic,14099.75,6,0
INST_01881,0.7275953781093786,1,Critical Risk,Payment Processor,North America,Basic,1002.75,40,3
INST_00525,0.7274241428379571,1,Critical Risk,Credit Union,North America,Professional,3140.87,3,2
INST_03873,0.7270015313079304,1,Critical Risk,Insurance Company,North America,Enterprise,33910.48,2,5
INST_01145,0.7267695098917684,1,Critical Risk,Payment Processor,North America,Professional,13259.65,2,0
INST_00901,0.7265524498729543,1,Critical Risk,Bank,Europe,Professional,8335.58,6,3
INST_03009,0.7264330965305598,1,Critical Risk,Bank,North America,Basic,1017.36,4,3
INST_01395,0.726390115556135,1,Critical Risk,Insurance Company,North America,Basic,18845.72,15,21
INST_00184,0.7263434913078212,1,Critical Risk,Bank,Asia Pacific,Professional,30422.42,1,2
INST_04804,0.7255709774793995,1,Critical Risk,Insurance Company,Europe,Basic,23994.8,6,11
INST_04619,0.7251478337599251,1,Critical Risk,Payment Processor,North America,Professional,500.0,38,2
INST_00290,0.7250005994493676,1,Critical Risk,Bank,North America,Professional,995.92,10,16
INST_01137,0.7242180112568376,1,Critical Risk,Credit Union,Latin America,Enterprise,5075.54,24,9
INST_04161,0.7242056092465237,1,Critical Risk,Bank,Europe,Basic,1120.01,14,3
INST_04974,0.7242030194230434,1,Critical Risk,Bank,Europe,Basic,1480.36,34,38
INST_01699,0.7240161795452377,1,Critical Risk,Credit Union,North America,Basic,962.66,1,2
INST_00665,0.7236867062419404,1,Critical Risk,Bank,Asia Pacific,Basic,4028.65,40,4
INST_04377,0.7236107214792302,1,Critical Risk,Insurance Company,Europe,Professional,1029.78,20,9
INST_01235,0.7230013239915141,1,Critical Risk,Credit Union,Asia Pacific,Professional,28623.02,19,7
INST_01231,0.7228361816737612,1,Critical Risk,Bank,Latin America,Professional,2426.31,1,2
INST_01571,0.7225609687710899,1,Critical Risk,Bank,North America,Professional,890.81,4,0
INST_01192,0.7225595554131777,1,Critical Risk,Bank,Asia Pacific,Basic,500.0,64,9
INST_00479,0.7224215355340626,1,Critical Risk,Credit Union,North America,Professional,9909.93,4,3
INST_03215,0.7223360082346666,1,Critical Risk,Bank,Europe,Professional,14002.59,9,20
INST_01636,0.7218201260828642,1,Critical Risk,Credit Union,Latin America,Professional,1031.89,42,6
INST_01671,0.7214082703440658,1,Critical Risk,Payment Processor,Asia Pacific,Basic,9948.82,8,3
INST_01686,0.7208555948791272,1,Critical Risk,Payment Processor,North America,Basic,28984.15,8,25
INST_04568,0.720742942130418,1,Critical Risk,Bank,Europe,Professional,1208.31,2,3
INST_00613,0.720735349463377,1,Critical Risk,Bank,North America,Professional,9772.87,10,14
INST_02031,0.7205699657679361,1,Critical Risk,Investment Firm,North America,Professional,500.0,14,17
INST_00805,0.7205270953450779,1,Critical Risk,Insurance Company,North America,Basic,11653.92,2,6
INST_00136,0.7195590512765881,1,Critical Risk,Credit Union,Europe,Basic,1952.59,1,3
INST_00762,0.7194534120017457,1,Critical Risk,Bank,Latin America,Professional,1838.54,19,11
INST_02281,0.7193419934705652,1,Critical Risk,Credit Union,North America,Enterprise,10454.24,10,9
INST_00370,0.7189550265015285,1,Critical Risk,Bank,North America,Professional,18240.02,4,2
INST_00573,0.718265494892729,1,Critical Risk,Investment Firm,Europe,Professional,500.0,5,33
INST_02801,0.7182354173177073,1,Critical Risk,Payment Processor,North America,Basic,37400.31,68,6
INST_03359,0.7180623267659919,1,Critical Risk,Investment Firm,North America,Basic,6121.55,3,19
INST_03272,0.7179030891603084,1,Critical Risk,Insurance Company,North America,Basic,1076.77,23,2
INST_00888,0.7176475277313246,1,Critical Risk,Bank,Asia Pacific,Enterprise,842.87,17,3
INST_04050,0.7175405509551587,1,Critical Risk,Payment Processor,Asia Pacific,Professional,10758.24,3,4
INST_02780,0.7175116745052813,1,Critical Risk,Bank,Europe,Professional,89423.43,1,2
INST_02410,0.7174592512743074,1,Critical Risk,Investment Firm,Europe,Professional,1191.82,6,6
INST_01623,0.7169317523751494,1,Critical Risk,Payment Processor,Europe,Basic,1141.83,56,6
INST_00390,0.7165579770950504,1,Critical Risk,Payment Processor,North America,Enterprise,7202.33,3,16
INST_01606,0.7163659297687772,1,Critical Risk,Bank,North America,Professional,644.55,22,14
INST_02870,0.7159873117524175,1,Critical Risk,Payment Processor,Asia Pacific,Professional,44059.44,1,14
INST_00053,0.7159654513406336,1,Critical Risk,Payment Processor,North America,Professional,1694.95,53,0
INST_02371,0.7156892262586746,1,Critical Risk,Insurance Company,Europe,Professional,1415.44,9,6
INST_02937,0.7154172106191239,1,Critical Risk,Investment Firm,Europe,Basic,822.94,15,11
INST_03831,0.7154030197381954,1,Critical Risk,Insurance Company,Europe,Basic,1444.21,18,9
INST_01211,0.715236233281124,1,Critical Risk,Credit Union,North America,Professional,3355.43,2,2
INST_01861,0.7151190869638981,1,Critical Risk,Investment Firm,Latin America,Basic,41926.6,8,19
INST_04927,0.7150454216879151,1,Critical Risk,Bank,Middle East,Professional,5614.91,7,14
INST_01467,0.7145170829016163,1,Critical Risk,Credit Union,North America,Professional,7099.68,4,10
INST_03582,0.7144764778789015,1,Critical Risk,Credit Union,Latin America,Basic,500.0,2,1
INST_02642,0.7144148758510694,1,Critical Risk,Insurance Company,Europe,Professional,956.76,10,11
INST_00907,0.7134534515581943,1,Critical Risk,Bank,Asia Pacific,Professional,28180.25,3,3
INST_00291,0.7133004379389473,1,Critical Risk,Bank,North America,Basic,2827.16,42,13
INST_02690,0.7128347906344041,1,Critical Risk,Credit Union,North America,Professional,6674.26,7,8
INST_02060,0.7128121058169552,1,Critical Risk,Bank,Latin America,Enterprise,16815.89,6,4
INST_04414,0.7121840052542194,1,Critical Risk,Credit Union,Europe,Professional,1429.87,18,21
INST_02374,0.7121838052337606,1,Critical Risk,Investment Firm,North America,Enterprise,6730.86,7,17
INST_00690,0.7116244210797834,1,Critical Risk,Bank,North America,Professional,5119.43,4,21
INST_02938,0.7113012641814025,1,Critical Risk,Payment Processor,North America,Basic,82890.49,80,2
INST_00820,0.7101775653838845,1,Critical Risk,Insurance Company,Asia Pacific,Professional,1770.21,1,1
INST_04371,0.7100254413544049,1,Critical Risk,Credit Union,North America,Professional,10640.01,32,4
INST_03744,0.7098940345251664,1,Critical Risk,Bank,Europe,Basic,1604.24,1,3
INST_01831,0.709714121014887,1,Critical Risk,Investment Firm,North America,Enterprise,1805.27,1,0
INST_01380,0.7091547233314498,1,Critical Risk,Bank,Europe,Professional,5141.82,1,5
INST_02196,0.7090436864951043,1,Critical Risk,Credit Union,North America,Enterprise,9222.2,2,6
INST_01386,0.708696831328892,1,Critical Risk,Insurance Company,Europe,Basic,8866.53,1,0
INST_01729,0.7079790695904858,1,Critical Risk,Investment Firm,Asia Pacific,Basic,500.0,18,19
INST_03845,0.7076587962291369,1,Critical Risk,Investment Firm,Asia Pacific,Basic,572.26,48,22
INST_00703,0.7072884703003426,1,Critical Risk,Bank,North America,Enterprise,500.0,1,0
INST_02185,0.7064884813633084,1,Critical Risk,Payment Processor,Latin America,Professional,1137.39,5,0
INST_00656,0.7064341448593224,1,Critical Risk,Bank,Asia Pacific,Professional,18184.78,12,3
INST_01690,0.7063887371992017,1,Critical Risk,Bank,Asia Pacific,Basic,500.0,30,4
INST_04716,0.7059658637216828,1,Critical Risk,Investment Firm,North America,Enterprise,1658.51,1,2
INST_00214,0.7057748871572662,1,Critical Risk,Insurance Company,North America,Enterprise,1499.38,17,0
INST_03159,0.7053581932656617,1,Critical Risk,Bank,Asia Pacific,Basic,1573.55,36,6
INST_04564,0.7052263516822685,1,Critical Risk,Bank,North America,Professional,2801.53,9,18
INST_03189,0.7052008396335033,1,Critical Risk,Insurance Company,North America,Enterprise,4425.54,58,2
INST_00932,0.7051458941859096,1,Critical Risk,Payment Processor,North America,Basic,2956.26,52,9
INST_03590,0.7046009668653184,1,Critical Risk,Payment Processor,Asia Pacific,Basic,8091.57,4,2
INST_03626,0.7045410730746496,1,Critical Risk,Bank,North America,Professional,21736.1,2,1
INST_00131,0.7041981970955308,1,Critical Risk,Bank,Europe,Basic,3872.13,100,7
INST_02743,0.7038678333026717,1,Critical Risk,Bank,North America,Basic,1495.76,44,1
INST_02428,0.7029793717595099,1,Critical Risk,Bank,Asia Pacific,Basic,927.0,110,3
INST_01442,0.7018216934189344,1,Critical Risk,Investment Firm,Asia Pacific,Basic,23103.17,4,2
INST_00140,0.70068336867212,1,Critical Risk,Payment Processor,Europe,Basic,633.93,29,1
INST_00084,0.7002621809909921,1,Critical Risk,Bank,North America,Basic,5125.26,6,3
INST_02361,0.6995798503119266,1,High Risk,Credit Union,Europe,Professional,965.47,6,7
INST_01549,0.699504445226252,1,High Risk,Investment Firm,Europe,Enterprise,1425.18,2,28
INST_01537,0.6994343087048409,1,High Risk,Investment Firm,Latin America,Professional,755.21,11,6
INST_02327,0.6993624530822801,1,High Risk,Bank,Asia Pacific,Basic,1762.36,7,3
INST_00109,0.6991259160139814,1,High Risk,Bank,Middle East,Basic,4557.56,3,2
INST_00937,0.6990233737159554,1,High Risk,Payment Processor,North America,Basic,2092.95,4,2
INST_03938,0.6989695689817181,1,High Risk,Bank,North America,Professional,6643.77,1,3
INST_02633,0.6988410078545361,1,High Risk,Bank,Middle East,Professional,10494.49,24,36
INST_03660,0.6987235887280302,1,High Risk,Credit Union,Europe,Professional,3501.65,5,7
INST_02813,0.6987171419314007,1,High Risk,Bank,Europe,Basic,2933.9,7,0
INST_04834,0.6986201523915816,1,High Risk,Credit Union,North America,Professional,34312.81,9,2
INST_00405,0.6975263314841879,1,High Risk,Payment Processor,Latin America,Basic,6225.61,6,0
INST_04101,0.6967025025099598,1,High Risk,Credit Union,Asia Pacific,Professional,5236.18,4,21
INST_02010,0.6964532162348926,1,High Risk,Bank,North America,Enterprise,3444.93,63,5
INST_04615,0.6964141487253401,1,High Risk,Bank,Latin America,Enterprise,711.39,4,3
INST_00672,0.6963555548486993,1,High Risk,Bank,Europe,Basic,1964.57,5,9
INST_03094,0.6963505032689856,1,High Risk,Bank,Europe,Enterprise,1568.17,19,13
INST_02826,0.6956563883150458,1,High Risk,Insurance Company,Latin America,Professional,10604.22,5,7
INST_04347,0.6956235450337239,1,High Risk,Investment Firm,Latin America,Professional,21631.71,21,17
INST_03821,0.695538696765788,1,High Risk,Credit Union,Middle East,Basic,4083.69,7,4
INST_01157,0.6954577762809723,1,High Risk,Payment Processor,Asia Pacific,Basic,500.0,1,8
INST_01595,0.6953005371913743,1,High Risk,Investment Firm,North America,Professional,18652.48,1,13
INST_02216,0.6952493915085598,1,High Risk,Insurance Company,Europe,Professional,7839.7,3,7
INST_01144,0.6951626867031797,1,High Risk,Bank,Asia Pacific,Basic,500.0,15,12
INST_02795,0.6951310871096781,1,High Risk,Investment Firm,North America,Enterprise,13632.21,1,8
INST_01578,0.6948296483982743,1,High Risk,Investment Firm,North America,Professional,3304.48,1,23
INST_00969,0.6948279087658805,1,High Risk,Credit Union,Asia Pacific,Basic,4612.13,30,2
INST_04897,0.6946107844923115,1,High Risk,Bank,Asia Pacific,Basic,60488.07,23,6
INST_02411,0.6945364934047611,1,High Risk,Bank,Europe,Enterprise,10012.54,10,0
INST_00778,0.6941989285981748,1,High Risk,Insurance Company,Asia Pacific,Professional,23532.22,1,0
INST_03674,0.6940483113162834,1,High Risk,Investment Firm,North America,Enterprise,678.34,5,9
INST_03792,0.6935705358316244,1,High Risk,Investment Firm,North America,Professional,6885.71,31,0
INST_01294,0.6934419673190925,1,High Risk,Insurance Company,Latin America,Basic,18710.53,7,4
INST_04482,0.69341470818953,1,High Risk,Investment Firm,Europe,Basic,12703.61,24,5
INST_04763,0.6933352026258884,1,High Risk,Bank,Latin America,Professional,30858.88,8,0
INST_02305,0.6933342475101459,1,High Risk,Credit Union,Latin America,Basic,2383.41,1,6
INST_03683,0.6932746340288696,1,High Risk,Bank,Europe,Professional,18361.11,2,1
INST_02700,0.6928727813825933,1,High Risk,Credit Union,Middle East,Professional,25648.33,36,5
INST_02976,0.691882029813091,1,High Risk,Insurance Company,Latin America,Basic,2261.81,18,5
INST_04543,0.691276962291075,1,High Risk,Bank,Europe,Basic,1411.87,5,2
INST_01008,0.6912680584559303,1,High Risk,Bank,Europe,Professional,1887.68,17,3
INST_04546,0.6911801831962363,1,High Risk,Bank,North America,Professional,32326.14,22,4
INST_01447,0.6909746816631192,1,High Risk,Insurance Company,Europe,Professional,500.0,46,5
INST_00317,0.6909593525746388,1,High Risk,Bank,Middle East,Basic,26815.86,6,4
INST_00323,0.6909291564809282,1,High Risk,Bank,Middle East,Basic,38556.53,53,4
INST_01195,0.6901335734774259,1,High Risk,Payment Processor,North America,Basic,814.12,18,1
INST_01503,0.6895993705977075,1,High Risk,Bank,North America,Professional,6848.86,13,12
INST_04817,0.689404280516449,1,High Risk,Insurance Company,Europe,Professional,6967.62,63,1
INST_01491,0.6888396212666207,1,High Risk,Credit Union,North America,Basic,4650.45,4,1
INST_01352,0.688253555424629,1,High Risk,Credit Union,North America,Basic,9861.52,1,15
INST_00417,0.6880184613863597,1,High Risk,Bank,North America,Basic,1926.85,12,3
INST_04756,0.6879888116885033,1,High Risk,Bank,North America,Professional,23773.03,5,4
INST_04449,0.6868280147872534,1,High Risk,Insurance Company,North America,Enterprise,500.0,7,2
INST_03829,0.6866095565210586,1,High Risk,Bank,North America,Professional,13072.33,24,1
INST_03302,0.6864635057983363,1,High Risk,Investment Firm,Asia Pacific,Professional,3759.22,4,9
INST_04814,0.686457988662984,1,High Risk,Insurance Company,Middle East,Professional,27171.79,18,6
INST_04091,0.6857234899765444,1,High Risk,Bank,North America,Professional,9069.47,38,13
INST_01865,0.6853621600349836,1,High Risk,Payment Processor,North America,Basic,4604.14,24,4
INST_00292,0.6847405228112206,1,High Risk,Insurance Company,North America,Professional,11552.04,28,6
INST_02977,0.6841313797257222,1,High Risk,Bank,Asia Pacific,Basic,4371.62,4,53
INST_03642,0.6832863964348145,1,High Risk,Credit Union,North America,Professional,500.0,16,8
INST_04711,0.6830501071309004,1,High Risk,Credit Union,Latin America,Basic,6048.78,3,12
INST_02643,0.6828847403689484,1,High Risk,Investment Firm,North America,Enterprise,5002.87,2,7
INST_03270,0.6825674722517041,1,High Risk,Bank,North America,Basic,9678.73,4,1
INST_01637,0.6820342727806645,1,High Risk,Bank,Europe,Professional,1083.01,1,4
INST_00708,0.6801453274117832,1,High Risk,Bank,Asia Pacific,Professional,13791.03,21,7
INST_00454,0.6801145326206844,1,High Risk,Bank,Asia Pacific,Enterprise,500.0,5,12
INST_01069,0.6800718687960385,1,High Risk,Bank,North America,Professional,35866.71,1,0
INST_00826,0.6797794046634604,1,High Risk,Bank,Europe,Basic,8525.79,8,3
INST_02264,0.6796494172713582,1,High Risk,Investment Firm,Asia Pacific,Professional,8587.96,54,8
INST_02848,0.6793645082983707,1,High Risk,Investment Firm,North America,Basic,500.0,10,3
INST_04102,0.6784745614869838,1,High Risk,Credit Union,North America,Basic,4708.84,21,5
INST_00446,0.6777027050763331,1,High Risk,Payment Processor,North America,Professional,14797.97,15,4
INST_04041,0.6776516072556569,1,High Risk,Bank,North America,Basic,4740.17,9,11
INST_00296,0.6768323435789356,1,High Risk,Insurance Company,Europe,Enterprise,4187.63,55,0
INST_00691,0.6767336452088213,1,High Risk,Credit Union,North America,Basic,508.14,27,6
INST_02049,0.6766329648913806,1,High Risk,Bank,Europe,Basic,19986.63,3,24
INST_01478,0.6764925796597093,1,High Risk,Insurance Company,Europe,Professional,53367.69,13,1
INST_02170,0.6760019857586619,1,High Risk,Investment Firm,Europe,Professional,3037.54,13,0
INST_02767,0.6759012013589184,1,High Risk,Bank,North America,Enterprise,18670.73,35,6
INST_02657,0.6757413448172062,1,High Risk,Payment Processor,Asia Pacific,Basic,92924.0,60,10
INST_04866,0.6750146882339191,1,High Risk,Credit Union,Europe,Professional,4036.96,10,4
INST_01092,0.6749398298749928,1,High Risk,Investment Firm,North America,Basic,500.0,28,8
INST_01614,0.6743481756802125,1,High Risk,Bank,North America,Basic,500.0,20,16
INST_03177,0.6741648753211987,1,High Risk,Payment Processor,Asia Pacific,Professional,5774.31,11,5
INST_00952,0.6741166905546657,1,High Risk,Bank,Asia Pacific,Basic,2903.85,9,0
INST_04518,0.673942603393627,1,High Risk,Bank,Europe,Enterprise,2039.53,5,1
INST_03125,0.6738018983019997,1,High Risk,Investment Firm,North America,Basic,2611.56,4,2
INST_03296,0.6737654765934485,1,High Risk,Investment Firm,Europe,Enterprise,81374.25,1,2
INST_01584,0.6736300766373156,1,High Risk,Payment Processor,Asia Pacific,Professional,1573.05,11,3
INST_02425,0.6735337672975567,1,High Risk,Payment Processor,North America,Enterprise,238757.74,1,13
INST_04826,0.6735093663936275,1,High Risk,Investment Firm,Europe,Professional,24140.28,7,1
INST_00869,0.6731562612208936,1,High Risk,Payment Processor,Europe,Professional,894.82,10,4
INST_02933,0.6723213330122221,1,High Risk,Credit Union,North America,Professional,3413.82,3,1
INST_01330,0.6722808750315982,1,High Risk,Investment Firm,North America,Enterprise,6874.14,4,0
INST_01273,0.6718883520695517,1,High Risk,Bank,Europe,Basic,10519.82,23,11
INST_02250,0.6717864684171617,1,High Risk,Bank,Latin America,Professional,3065.72,4,5
INST_00535,0.6717011326494639,1,High Risk,Payment Processor,North America,Professional,40973.58,55,21
INST_03380,0.6708413618685064,1,High Risk,Credit Union,Europe,Basic,15287.21,1,0
INST_04831,0.6706400976132314,1,High Risk,Insurance Company,Latin America,Professional,3596.86,7,2
INST_02427,0.6705841669263818,1,High Risk,Payment Processor,North America,Professional,500.0,1,16
INST_04625,0.6705140939726817,1,High Risk,Investment Firm,North America,Professional,9333.77,8,1
INST_03248,0.6702040006998712,1,High Risk,Payment Processor,Latin America,Professional,4420.04,3,0
INST_01615,0.6701606685249082,1,High Risk,Investment Firm,Asia Pacific,Professional,1737.7,9,5
INST_00987,0.6699631019406159,1,High Risk,Credit Union,Latin America,Basic,18971.31,9,6
INST_03260,0.6699547555687423,1,High Risk,Bank,North America,Professional,1595.86,12,7
INST_00943,0.6695929019190521,1,High Risk,Insurance Company,Latin America,Professional,19733.18,3,10
INST_01787,0.6693966459132227,1,High Risk,Investment Firm,Asia Pacific,Professional,1023.96,22,0
INST_00447,0.6687414392312122,1,High Risk,Insurance Company,Europe,Professional,2831.49,8,12
INST_04757,0.6685356424678177,1,High Risk,Insurance Company,Middle East,Professional,4040.73,17,4
INST_04158,0.6683751836783994,1,High Risk,Payment Processor,Asia Pacific,Enterprise,639.18,3,3
INST_01480,0.6675074207871028,1,High Risk,Insurance Company,Europe,Professional,563.35,11,3
INST_00159,0.667480181073892,1,High Risk,Insurance Company,North America,Enterprise,6652.67,9,0
INST_02179,0.6670884772349042,1,High Risk,Credit Union,Europe,Basic,940.73,42,8
INST_00814,0.6667817960564466,1,High Risk,Payment Processor,North America,Professional,43193.48,11,5
INST_04732,0.6666984374927908,1,High Risk,Insurance Company,Europe,Basic,21329.28,16,0
INST_04494,0.6662701376772016,1,High Risk,Insurance Company,Europe,Professional,10480.61,12,30
INST_03689,0.665978792951995,1,High Risk,Bank,North America,Professional,17955.46,10,3
INST_04381,0.6657794537771063,1,High Risk,Bank,North America,Professional,11301.38,1,0
INST_00205,0.6657677634834145,1,High Risk,Bank,North America,Basic,2599.38,12,1
INST_04217,0.6654757058937834,1,High Risk,Credit Union,Latin America,Basic,15665.05,10,5
INST_02096,0.6654041168551036,1,High Risk,Investment Firm,Asia Pacific,Basic,3303.13,32,0
INST_01934,0.6653185404342449,1,High Risk,Investment Firm,Latin America,Professional,14698.15,4,1
INST_01113,0.6651205472551841,1,High Risk,Credit Union,Europe,Professional,1218.36,120,6
INST_04593,0.6648894668289017,1,High Risk,Bank,North America,Professional,5601.12,1,2
INST_00855,0.6646708191547797,1,High Risk,Bank,Asia Pacific,Professional,4753.36,8,3
INST_03105,0.6646316022315617,1,High Risk,Credit Union,Europe,Professional,500.0,23,1
INST_04220,0.664378850828694,1,High Risk,Bank,North America,Professional,6234.0,5,6
INST_00481,0.6642432739659568,1,High Risk,Investment Firm,North America,Professional,662.51,5,5
INST_04908,0.6637891893542406,1,High Risk,Insurance Company,North America,Basic,1991.99,49,8
INST_00153,0.6635990025724161,1,High Risk,Credit Union,Asia Pacific,Basic,3377.24,5,0
INST_00563,0.6632034192482789,1,High Risk,Bank,North America,Basic,8122.01,5,1
INST_01653,0.6629688856643619,1,High Risk,Credit Union,North America,Basic,1984.8,67,1
INST_02036,0.6629308913550591,1,High Risk,Bank,North America,Basic,1153.57,2,2
INST_00844,0.6618985071072863,1,High Risk,Bank,Latin America,Basic,1235.52,1,2
INST_00567,0.6617791674336041,1,High Risk,Credit Union,Asia Pacific,Professional,3026.87,9,19
INST_04856,0.661691653595134,1,High Risk,Bank,North America,Professional,938.76,1,4
INST_00740,0.6614296152894571,1,High Risk,Credit Union,Latin America,Basic,5563.38,12,2
INST_04917,0.6612091952075534,1,High Risk,Credit Union,North America,Professional,1718.13,5,0
INST_04583,0.6611833624732166,1,High Risk,Insurance Company,North America,Professional,649.7,17,14
INST_00330,0.6611250291375181,1,High Risk,Credit Union,North America,Professional,1681.48,1,4
INST_01059,0.6609345137738569,1,High Risk,Investment Firm,Asia Pacific,Professional,3054.41,1,7
INST_04024,0.6608799262170855,1,High Risk,Investment Firm,Europe,Professional,8662.03,10,1
INST_00011,0.6606318808393098,1,High Risk,Payment Processor,Asia Pacific,Professional,5289.25,4,7
INST_02588,0.6601267909512021,1,High Risk,Bank,Europe,Enterprise,6279.13,10,14
INST_00779,0.6601039088787125,1,High Risk,Investment Firm,North America,Basic,28056.12,120,0
INST_02806,0.6597167008547953,1,High Risk,Insurance Company,Asia Pacific,Basic,15590.8,5,7
INST_00058,0.6591551421446427,1,High Risk,Bank,Europe,Professional,19571.97,6,1
INST_03030,0.6583633498218552,1,High Risk,Bank,North America,Professional,500.0,17,8
INST_01839,0.6583077405197255,1,High Risk,Bank,Middle East,Basic,4185.93,46,2
INST_01755,0.6582856093916984,1,High Risk,Insurance Company,Europe,Professional,3213.62,24,7
INST_01517,0.6582731939898389,1,High Risk,Payment Processor,Asia Pacific,Basic,7327.47,62,24
INST_02944,0.6581056153332534,1,High Risk,Insurance Company,North America,Basic,2073.99,12,5
INST_01036,0.6573170327978363,1,High Risk,Bank,Asia Pacific,Professional,8763.46,11,22
INST_03313,0.657289443858506,1,High Risk,Bank,Europe,Professional,1413.62,5,5
INST_02029,0.6572407650188145,1,High Risk,Investment Firm,North America,Professional,2105.43,9,7
INST_00073,0.6571178142727162,1,High Risk,Insurance Company,North America,Professional,1040.76,1,0
INST_00265,0.6568832018161749,1,High Risk,Insurance Company,Europe,Basic,5064.99,8,2
INST_04913,0.6563763915273655,1,High Risk,Bank,Europe,Professional,12410.1,10,11
INST_01991,0.655821368078859,1,High Risk,Bank,North America,Basic,3380.72,15,3
INST_01509,0.6556137864233978,1,High Risk,Insurance Company,Asia Pacific,Professional,500.0,2,0
INST_00436,0.655398533156113,1,High Risk,Bank,North America,Basic,126201.27,38,3
INST_01061,0.6548192312424312,1,High Risk,Payment Processor,North America,Basic,3939.76,3,8
INST_03416,0.6545021056959609,1,High Risk,Bank,Asia Pacific,Basic,9017.46,5,14
INST_02221,0.6543433434660906,1,High Risk,Credit Union,North America,Basic,3074.64,18,14
INST_02992,0.653998219285411,1,High Risk,Investment Firm,North America,Basic,8968.04,1,6
INST_02878,0.6538614819776059,1,High Risk,Investment Firm,Europe,Professional,1504.89,16,20
INST_03212,0.6533970486622281,1,High Risk,Bank,North America,Basic,1850.17,1,14
INST_04793,0.6532742023431091,1,High Risk,Bank,North America,Professional,8303.66,1,2
INST_04029,0.6532544017301994,1,High Risk,Credit Union,Europe,Basic,13256.92,1,4
INST_04194,0.6530139347529113,1,High Risk,Investment Firm,Asia Pacific,Basic,83306.78,27,7
INST_00462,0.6528870901901065,1,High Risk,Insurance Company,North America,Enterprise,3239.31,11,5
INST_04709,0.6528378469310665,1,High Risk,Investment Firm,Europe,Basic,7500.6,19,16
INST_03742,0.6527833352939482,1,High Risk,Insurance Company,Europe,Professional,6748.88,26,22
INST_00152,0.6527514859960057,1,High Risk,Bank,Latin America,Basic,500.0,74,3
INST_00278,0.6527479388653635,1,High Risk,Insurance Company,Latin America,Professional,500.0,10,4
INST_04900,0.6523833787397071,1,High Risk,Bank,North America,Basic,8571.88,5,12
INST_02211,0.652158826433303,1,High Risk,Insurance Company,North America,Professional,500.0,3,13
INST_01424,0.6517337393192392,1,High Risk,Payment Processor,Europe,Enterprise,783.16,17,24
INST_00830,0.6514184049011176,1,High Risk,Bank,Middle East,Basic,3051.96,31,0
INST_03267,0.6514029538630693,1,High Risk,Investment Firm,North America,Professional,11852.72,17,10
INST_03195,0.6508614443390455,1,High Risk,Credit Union,North America,Enterprise,500.0,19,1
INST_04117,0.6506850249942352,1,High Risk,Credit Union,Middle East,Basic,3118.31,4,3
INST_01797,0.6506572040256118,1,High Risk,Bank,North America,Professional,26708.4,4,27
INST_04345,0.6501819809400652,1,High Risk,Credit Union,Middle East,Basic,9084.1,25,0
INST_04753,0.6501131077881925,1,High Risk,Credit Union,Asia Pacific,Professional,10377.76,20,17
INST_03112,0.6500395971603312,1,High Risk,Insurance Company,Middle East,Basic,23923.32,1,3
INST_01952,0.6500261035847835,1,High Risk,Investment Firm,Europe,Basic,1852.47,24,0
INST_03966,0.6499695080204284,1,High Risk,Bank,Europe,Enterprise,8217.28,1,5
INST_01597,0.6491488913693982,1,High Risk,Bank,North America,Basic,536.37,23,8
INST_02210,0.6484409486260435,1,High Risk,Insurance Company,Europe,Professional,4050.3,33,0
INST_00718,0.648383272786268,1,High Risk,Bank,North America,Basic,11849.32,10,6
INST_03843,0.6482226036111985,1,High Risk,Credit Union,Latin America,Basic,1941.02,19,2
INST_02290,0.6481399646981894,1,High Risk,Investment Firm,Asia Pacific,Professional,2736.27,14,4
INST_01511,0.6480186949595975,1,High Risk,Insurance Company,Asia Pacific,Professional,3024.43,13,2
INST_01704,0.6475461319171782,1,High Risk,Credit Union,Europe,Basic,7293.26,32,15
INST_04172,0.6475460633170245,1,High Risk,Credit Union,North America,Professional,34454.93,6,0
INST_00298,0.6468557643432306,1,High Risk,Investment Firm,Europe,Basic,26744.72,23,2
INST_02862,0.6468301974303514,1,High Risk,Payment Processor,North America,Professional,710.14,8,17
INST_03688,0.6467273919383523,1,High Risk,Bank,North America,Basic,1061.63,15,5
INST_01284,0.646229941292853,1,High Risk,Bank,North America,Enterprise,11313.34,4,2
INST_02304,0.6461028888782139,1,High Risk,Payment Processor,North America,Enterprise,695.75,42,6
INST_00412,0.6456436243317911,1,High Risk,Payment Processor,Asia Pacific,Basic,1658.55,51,12
INST_03898,0.6452334204688758,1,High Risk,Credit Union,North America,Enterprise,1184.04,2,8
INST_00118,0.644564501962874,1,High Risk,Payment Processor,Asia Pacific,Basic,523.84,1,5
INST_04879,0.6444768145712273,1,High Risk,Insurance Company,Europe,Basic,1707.46,1,0
INST_02810,0.6443523583981594,1,High Risk,Bank,North America,Basic,500.0,50,1
INST_04270,0.6439286782390856,1,High Risk,Investment Firm,North America,Professional,222234.45,16,0
INST_00919,0.6435022047513991,1,High Risk,Bank,Europe,Basic,905.67,36,10
INST_03764,0.6427378212162462,1,High Risk,Credit Union,North America,Professional,1986.9,51,1
INST_02173,0.6422645254301902,1,High Risk,Payment Processor,Asia Pacific,Enterprise,36141.3,4,0
INST_03896,0.6421077606776339,1,High Risk,Bank,North America,Professional,8218.35,24,4
INST_04973,0.6418299510836293,1,High Risk,Insurance Company,North America,Basic,585.34,48,2
INST_02764,0.6417300442230345,1,High Risk,Bank,Asia Pacific,Professional,8568.53,4,15
INST_02646,0.6415085997611388,1,High Risk,Payment Processor,Europe,Basic,500.0,1,4
INST_01318,0.6413803523766941,1,High Risk,Bank,Europe,Professional,500.0,6,10
INST_04365,0.6403123529600869,1,High Risk,Investment Firm,Europe,Professional,2239.54,11,3
INST_01672,0.6402538024811131,1,High Risk,Payment Processor,North America,Basic,4289.51,120,12
INST_03240,0.6400771407912933,1,High Risk,Credit Union,Asia Pacific,Basic,1603.21,21,6
INST_03341,0.6398399926223098,1,High Risk,Investment Firm,Europe,Basic,3168.05,15,1
INST_00149,0.6395249950798095,1,High Risk,Bank,North America,Professional,5765.52,2,2
INST_00460,0.6391828818352973,1,High Risk,Bank,Asia Pacific,Professional,19555.14,4,2
INST_03253,0.638851186683887,1,High Risk,Bank,Europe,Basic,1965.42,14,0
INST_00176,0.6379977835116282,1,High Risk,Investment Firm,Latin America,Professional,26764.28,9,23
INST_00108,0.6376241814395731,1,High Risk,Bank,Asia Pacific,Professional,557.58,20,0
INST_01693,0.6375590009700297,1,High Risk,Bank,Asia Pacific,Enterprise,20647.56,4,20
INST_02164,0.6375029337475532,1,High Risk,Credit Union,Asia Pacific,Professional,25084.49,54,5
INST_00495,0.6374636164974942,1,High Risk,Credit Union,North America,Basic,1209.14,39,2
INST_01388,0.6373835734495741,1,High Risk,Payment Processor,North America,Enterprise,45219.12,10,4
INST_02856,0.6372771010497659,1,High Risk,Bank,Europe,Enterprise,659.6,19,3
INST_00280,0.6371492038297808,1,High Risk,Payment Processor,Middle East,Professional,1470.05,66,1
INST_02573,0.6367789612896362,1,High Risk,Credit Union,Asia Pacific,Basic,1534.18,2,6
INST_00939,0.6367027667303592,1,High Risk,Investment Firm,North America,Basic,819.06,50,3
INST_00800,0.6361954221943089,1,High Risk,Insurance Company,North America,Professional,2121.49,16,12
INST_02577,0.6354215363734562,1,High Risk,Investment Firm,Asia Pacific,Professional,4172.99,1,6
INST_02758,0.6349021739900708,1,High Risk,Insurance Company,Latin America,Basic,2186.91,3,0
INST_01900,0.6343323419592598,1,High Risk,Investment Firm,North America,Basic,9766.41,8,8
INST_02913,0.6343117532239383,1,High Risk,Payment Processor,North America,Basic,500.0,60,0
INST_02357,0.63431055100235,1,High Risk,Bank,Latin America,Professional,3839.17,6,23
INST_02121,0.6341127144193363,1,High Risk,Credit Union,North America,Professional,13277.95,17,5
INST_01254,0.6339187272980302,1,High Risk,Investment Firm,Europe,Professional,6516.5,1,7
INST_01528,0.633914811186434,1,High Risk,Insurance Company,North America,Professional,10326.32,2,2
INST_01921,0.6338793158307372,1,High Risk,Bank,North America,Basic,1564.74,4,6
INST_00859,0.6337555724264698,1,High Risk,Bank,Europe,Professional,15502.45,16,2
INST_01283,0.6324228980321909,1,High Risk,Bank,Asia Pacific,Basic,19698.25,14,3
INST_01968,0.6323609430682688,1,High Risk,Bank,Asia Pacific,Basic,22318.53,32,6
INST_01983,0.6321427549908728,1,High Risk,Credit Union,Asia Pacific,Basic,9895.05,45,10
INST_02023,0.6319594848160933,1,High Risk,Bank,Asia Pacific,Enterprise,1601.14,1,1
INST_01972,0.6317592093979268,1,High Risk,Bank,North America,Professional,1386.71,28,10
INST_03183,0.6315514713925664,1,High Risk,Bank,Middle East,Basic,1182.69,5,8
INST_00480,0.6315055582665634,1,High Risk,Investment Firm,Asia Pacific,Basic,2840.83,22,1
INST_02696,0.6310060562077687,1,High Risk,Investment Firm,Europe,Basic,26904.93,3,4
INST_03288,0.6300770313970382,1,High Risk,Payment Processor,North America,Basic,1251.34,42,0
INST_02199,0.6297154888903951,1,High Risk,Credit Union,Latin America,Professional,2320.68,37,1
INST_02522,0.6296444643081158,1,High Risk,Bank,Europe,Professional,3081.72,12,1
INST_03630,0.6294870364967383,1,High Risk,Insurance Company,Asia Pacific,Basic,1670.44,59,5
INST_04395,0.6292929412588838,1,High Risk,Insurance Company,North America,Professional,899.27,21,3
INST_01027,0.6291985029258926,1,High Risk,Insurance Company,North America,Professional,45653.31,32,6
INST_00911,0.6284577524773035,1,High Risk,Bank,Latin America,Professional,4539.58,33,16
INST_00382,0.6281064706433165,1,High Risk,Investment Firm,North America,Basic,9754.52,1,3
INST_00115,0.6280893905971581,1,High Risk,Payment Processor,Europe,Basic,6191.23,42,22
INST_00586,0.6278177491507849,1,High Risk,Bank,Europe,Basic,2899.51,5,8
INST_03167,0.627687536796294,1,High Risk,Bank,Asia Pacific,Basic,12094.16,20,1
INST_04558,0.6275489644915241,1,High Risk,Payment Processor,Asia Pacific,Professional,1303.22,32,5
INST_03115,0.6274527613750633,1,High Risk,Payment Processor,North America,Professional,9918.9,2,13
INST_01850,0.6268175464729694,1,High Risk,Bank,North America,Basic,1661.57,54,8
INST_01668,0.6264475815683042,1,High Risk,Bank,North America,Professional,854.82,30,4
INST_00188,0.6263145381469696,1,High Risk,Credit Union,Latin America,Basic,14870.25,5,18
INST_04184,0.6260762234771888,1,High Risk,Bank,Asia Pacific,Professional,58088.49,60,3
INST_01939,0.6259038553840492,1,High Risk,Bank,North America,Professional,2835.2,17,3
INST_01540,0.6252279608987926,1,High Risk,Insurance Company,North America,Enterprise,4042.22,1,3
INST_02129,0.6251482934257688,1,High Risk,Credit Union,Latin America,Professional,1951.07,39,17
INST_02246,0.6249407188324312,1,High Risk,Bank,Asia Pacific,Basic,17685.4,1,7
INST_04267,0.6246545823973653,1,High Risk,Bank,North America,Basic,9805.51,33,6
INST_03793,0.6241396584900438,1,High Risk,Insurance Company,Asia Pacific,Professional,724.03,82,15
INST_02034,0.6238802368660057,1,High Risk,Investment Firm,Europe,Enterprise,2849.0,15,3
INST_00234,0.6238510135086005,1,High Risk,Bank,Europe,Professional,12090.69,2,10
INST_02442,0.6237527648931536,1,High Risk,Insurance Company,North America,Enterprise,1012.35,54,6
INST_02608,0.6236328091501879,1,High Risk,Insurance Company,North America,Enterprise,1247.88,13,4
INST_04106,0.6235600242441524,1,High Risk,Payment Processor,North America,Professional,31344.91,10,0
INST_02792,0.6231876165873558,1,High Risk,Investment Firm,Europe,Professional,500.0,11,1
INST_04160,0.6227697522080838,1,High Risk,Credit Union,Latin America,Basic,123184.9,24,4
INST_01760,0.6221999925745737,1,High Risk,Credit Union,North America,Professional,1020.67,1,15
INST_01552,0.6220313094686186,1,High Risk,Insurance Company,Europe,Enterprise,9381.49,4,6
INST_04821,0.6209014384297737,1,High Risk,Bank,Asia Pacific,Basic,500.0,12,0
INST_02876,0.6207137863981091,1,High Risk,Credit Union,Asia Pacific,Professional,1794.73,6,22
INST_04341,0.6202002888433814,1,High Risk,Bank,Europe,Basic,1551.69,24,10
INST_00631,0.6197408687383315,1,High Risk,Payment Processor,Europe,Professional,1892.68,14,8
INST_00780,0.6192170877169022,1,High Risk,Investment Firm,Asia Pacific,Enterprise,1825.78,2,0
INST_04283,0.6189599644677274,1,High Risk,Bank,North America,Professional,1881.59,24,1
INST_04238,0.6186670833645933,1,High Risk,Insurance Company,Europe,Professional,1027.68,59,3
INST_01743,0.6184235714965335,1,High Risk,Bank,Latin America,Enterprise,4030.02,57,36
INST_01134,0.6183582964263223,1,High Risk,Investment Firm,North America,Professional,131629.93,5,9
INST_03028,0.6179770329218696,1,High Risk,Investment Firm,Europe,Basic,10280.87,44,4
INST_00995,0.6173365881795435,1,High Risk,Bank,Asia Pacific,Professional,7983.8,1,12
INST_03834,0.6165913993552402,1,High Risk,Credit Union,Latin America,Professional,17904.93,18,7
INST_00904,0.6146088438906244,1,High Risk,Credit Union,North America,Professional,11139.38,5,0
INST_00572,0.614316179732601,1,High Risk,Credit Union,Asia Pacific,Basic,34192.1,50,0
INST_04350,0.6142888101090205,1,High Risk,Insurance Company,North America,Basic,1517.27,1,1
INST_03229,0.6132281252919877,1,High Risk,Bank,Europe,Basic,6291.14,6,0
INST_04473,0.6130743732344647,1,High Risk,Credit Union,North America,Enterprise,500.0,10,9
INST_00792,0.6128178954562274,1,High Risk,Credit Union,Middle East,Enterprise,21747.82,5,0
INST_01285,0.6127121478596426,1,High Risk,Credit Union,Europe,Basic,13550.32,24,2
INST_00821,0.6121679730157165,1,High Risk,Bank,Europe,Basic,250325.76,48,1
INST_01030,0.6120965258418992,1,High Risk,Bank,Europe,Basic,10532.06,14,5
INST_04700,0.6112532688968718,1,High Risk,Bank,Asia Pacific,Enterprise,66365.27,27,2
INST_00166,0.6111551712193793,1,High Risk,Bank,North America,Professional,4546.94,1,1
INST_04003,0.6108892825866412,1,High Risk,Bank,Europe,Professional,6061.66,1,9
INST_00745,0.6107249206077827,1,High Risk,Payment Processor,Asia Pacific,Professional,500.0,36,9
INST_04741,0.6097615616268929,1,High Risk,Bank,North America,Professional,42668.74,11,2
INST_02968,0.6096239346527224,1,High Risk,Payment Processor,Europe,Professional,8901.53,13,8
INST_01996,0.6091918021097006,1,High Risk,Payment Processor,Asia Pacific,Enterprise,9777.24,18,13
INST_02182,0.6083241882166187,1,High Risk,Bank,Asia Pacific,Professional,500.0,14,2
INST_01441,0.607528404221605,1,High Risk,Bank,North America,Professional,1814.55,7,18
INST_03534,0.6074207302721069,1,High Risk,Bank,Europe,Professional,528.04,29,4
INST_04307,0.6073885772651229,1,High Risk,Investment Firm,Asia Pacific,Basic,5996.46,4,12
INST_01184,0.6072539451864605,1,High Risk,Bank,North America,Professional,14092.44,3,5
INST_00750,0.6057432141804022,1,High Risk,Bank,North America,Professional,48596.57,14,5
INST_00704,0.6056109189404526,1,High Risk,Bank,Latin America,Basic,31181.73,5,4
INST_04648,0.604795989963788,1,High Risk,Payment Processor,Europe,Enterprise,51992.84,21,1
INST_04174,0.6040084412230643,1,High Risk,Payment Processor,North America,Enterprise,12990.0,4,1
INST_01242,0.6037675343946439,1,High Risk,Insurance Company,Europe,Basic,65162.55,8,2
INST_01771,0.6033832674706688,1,High Risk,Insurance Company,Latin America,Basic,131289.12,53,6
INST_04241,0.6027997343659792,1,High Risk,Credit Union,Asia Pacific,Enterprise,4941.02,1,3
INST_02229,0.6026955972295589,1,High Risk,Bank,Europe,Basic,24073.51,2,1
INST_01053,0.6026567989598983,1,High Risk,Insurance Company,North America,Enterprise,2312.97,34,6
INST_02253,0.6023933998767298,1,High Risk,Insurance Company,Latin America,Professional,500.0,9,2
INST_02303,0.60227057952049,1,High Risk,Bank,Latin America,Professional,4285.56,2,0
INST_01383,0.6017831987686738,1,High Risk,Bank,North America,Professional,2348.52,17,11
INST_03208,0.6012065362118346,1,High Risk,Credit Union,North America,Basic,1197.2,19,25
INST_03531,0.6009247294848286,1,High Risk,Insurance Company,North America,Professional,500.0,5,1
INST_02146,0.5998795288618111,1,High Risk,Credit Union,Asia Pacific,Basic,803.13,31,1
INST_02748,0.5997012313999839,1,High Risk,Insurance Company,North America,Basic,500.0,3,12
INST_02461,0.5996623251995762,1,High Risk,Payment Processor,North America,Professional,26660.16,6,0
INST_03453,0.5994585367633164,1,High Risk,Credit Union,Europe,Basic,10615.94,1,13
INST_04040,0.5992204490230499,1,High Risk,Payment Processor,North America,Basic,1072.8,29,19
INST_04419,0.5989686711014446,1,High Risk,Bank,Europe,Basic,12489.16,27,35
INST_04825,0.5981122566968982,1,High Risk,Bank,Asia Pacific,Basic,1361.72,26,21
INST_00025,0.5979671198040196,1,High Risk,Insurance Company,Europe,Basic,2358.81,51,3
INST_01398,0.5978842914788941,1,High Risk,Investment Firm,Europe,Professional,43092.81,1,10
INST_04797,0.5977227240140833,1,High Risk,Insurance Company,Europe,Basic,34815.86,5,15
INST_00899,0.5976005002428402,1,High Risk,Bank,Europe,Professional,3154.24,1,10
INST_03862,0.5972542776624663,1,High Risk,Credit Union,Latin America,Professional,3957.54,1,14
INST_04637,0.5970727750792001,1,High Risk,Investment Firm,North America,Professional,37227.04,3,13
INST_03989,0.5967166852264028,1,High Risk,Payment Processor,Europe,Basic,4138.79,2,7
INST_04752,0.5964772429580555,1,High Risk,Investment Firm,Europe,Professional,8874.61,1,14
INST_01100,0.5962425573469844,1,High Risk,Bank,North America,Basic,2077.77,24,16
INST_04786,0.5962015814559039,1,High Risk,Payment Processor,North America,Professional,500.0,13,6
INST_00828,0.5961004043767889,1,High Risk,Insurance Company,North America,Enterprise,46563.31,7,12
INST_00758,0.595647747583527,1,High Risk,Payment Processor,Europe,Professional,17623.67,2,7
INST_01246,0.5947767145126125,1,High Risk,Bank,North America,Professional,37072.71,11,6
INST_03696,0.5947568240527189,1,High Risk,Payment Processor,Middle East,Enterprise,6642.84,47,1
INST_00064,0.5947220122195283,1,High Risk,Bank,Asia Pacific,Basic,8416.34,2,2
INST_00332,0.5944373403645205,1,High Risk,Bank,North America,Basic,5890.06,21,2
INST_04691,0.593693263758467,1,High Risk,Credit Union,Europe,Basic,13703.27,1,9
INST_00546,0.5935447548595166,1,High Risk,Bank,North America,Enterprise,74877.81,24,9
INST_01461,0.5935063668891231,1,High Risk,Investment Firm,Asia Pacific,Basic,11330.78,43,14
INST_02301,0.5932550659131942,1,High Risk,Investment Firm,Europe,Professional,4750.88,19,0
INST_03664,0.5930111594164164,1,High Risk,Investment Firm,Europe,Professional,836.0,3,0
INST_01851,0.5927617568516483,1,High Risk,Insurance Company,Latin America,Enterprise,500.0,1,4
INST_01363,0.592716380233786,1,High Risk,Investment Firm,Europe,Professional,2202.84,11,4
INST_03354,0.5926756721065827,1,High Risk,Bank,North America,Basic,1562.97,1,4
INST_04621,0.5921859174403479,1,High Risk,Insurance Company,North America,Professional,15428.79,17,24
INST_01419,0.5921037527729432,1,High Risk,Payment Processor,Europe,Professional,71127.52,10,9
INST_02673,0.591482500047507,1,High Risk,Bank,Europe,Basic,3283.89,2,6
INST_03942,0.5911737413600328,1,High Risk,Bank,Latin America,Basic,9656.59,12,4
INST_04058,0.5900266014388339,1,High Risk,Payment Processor,North America,Professional,2624.38,3,0
INST_01633,0.5894194333711126,1,High Risk,Insurance Company,Europe,Enterprise,9753.49,2,2
INST_02476,0.5891841261955895,1,High Risk,Bank,Asia Pacific,Basic,9117.81,10,17
INST_02353,0.5890890900897298,1,High Risk,Payment Processor,Europe,Professional,13038.48,4,12
INST_00854,0.5889007124631356,1,High Risk,Bank,Europe,Basic,3285.47,6,0
INST_04517,0.5887326674169674,1,High Risk,Payment Processor,Asia Pacific,Professional,16368.17,1,1
INST_03832,0.5884425095408818,1,High Risk,Insurance Company,Asia Pacific,Professional,500.0,7,14
INST_03192,0.5884372543010629,1,High Risk,Payment Processor,North America,Basic,1470.72,6,9
INST_04231,0.5883048122945529,1,High Risk,Investment Firm,North America,Professional,5629.94,4,1
INST_00004,0.5881315056109022,1,High Risk,Bank,Latin America,Professional,1784.19,4,6
INST_04198,0.5880397813039309,1,High Risk,Credit Union,Asia Pacific,Professional,44902.18,18,20
INST_00151,0.5877027284485015,1,High Risk,Bank,North America,Basic,34092.02,45,0
INST_01289,0.5876609493099128,1,High Risk,Bank,Europe,Professional,2841.5,1,2
INST_03527,0.5875161120235256,1,High Risk,Insurance Company,Asia Pacific,Basic,30059.45,5,16
INST_03876,0.5870821443239922,1,High Risk,Bank,North America,Professional,1688.09,2,13
INST_03725,0.5868937697247282,1,High Risk,Payment Processor,Asia Pacific,Enterprise,862.21,8,9
INST_04701,0.5868090378707538,1,High Risk,Bank,North America,Basic,500.0,15,7
INST_00241,0.5867879325731029,1,High Risk,Payment Processor,Europe,Basic,5283.71,18,9
INST_02344,0.5864980369455366,1,High Risk,Payment Processor,Europe,Professional,1914.79,14,6
INST_04442,0.5863521192877701,1,High Risk,Bank,North America,Basic,3768.15,4,4
INST_02324,0.5857958630028798,1,High Risk,Insurance Company,North America,Basic,2890.31,16,2
INST_04258,0.5855468836912494,1,High Risk,Credit Union,Asia Pacific,Basic,73085.15,3,13
INST_01094,0.5851539273164315,1,High Risk,Bank,North America,Professional,2957.4,50,0
INST_03230,0.5849441717268982,1,High Risk,Credit Union,North America,Basic,5607.49,5,12
INST_00032,0.5848724048213896,1,High Risk,Bank,Europe,Enterprise,8446.3,1,0
INST_03542,0.5841810348392665,1,High Risk,Bank,Asia Pacific,Basic,23354.06,16,15
INST_01300,0.5841264321486948,1,High Risk,Bank,Asia Pacific,Professional,2690.53,12,1
INST_02341,0.583959793302544,1,High Risk,Bank,North America,Professional,5921.22,28,1
INST_03765,0.5839579815125002,1,High Risk,Bank,Asia Pacific,Professional,1772.74,37,3
INST_04284,0.5831325212950895,1,High Risk,Investment Firm,Asia Pacific,Professional,90144.92,29,2
INST_04664,0.5829828417798661,1,High Risk,Insurance Company,North America,Basic,500.0,22,4
INST_03556,0.5829237937934404,1,High Risk,Bank,North America,Basic,689.94,2,6
INST_01374,0.5824514340175126,1,High Risk,Bank,North America,Enterprise,4157.21,2,2
INST_04636,0.5820276273348352,1,High Risk,Bank,Latin America,Basic,3737.38,5,3
INST_02467,0.5818617901451787,1,High Risk,Bank,Asia Pacific,Basic,1321.54,1,11
INST_00894,0.5816002351360586,1,High Risk,Investment Firm,Europe,Professional,938.86,7,3
INST_04846,0.5812856814744398,1,High Risk,Payment Processor,Asia Pacific,Professional,6584.03,4,3
INST_02768,0.5804296266523432,1,High Risk,Credit Union,North America,Basic,500.0,12,1
INST_04042,0.5803566577022596,1,High Risk,Credit Union,Middle East,Professional,35708.26,4,6
INST_04959,0.5802353905490364,1,High Risk,Insurance Company,North America,Professional,11821.15,16,12
INST_00077,0.580192778263098,1,High Risk,Bank,North America,Professional,82916.23,10,5
INST_02663,0.5795895026418469,1,High Risk,Investment Firm,Europe,Professional,743.4,111,1
INST_02520,0.5794216950551756,1,High Risk,Investment Firm,North America,Basic,5158.99,19,4
INST_04155,0.5786494996011882,1,High Risk,Bank,North America,Enterprise,1427.63,7,9
INST_02082,0.5784782766790029,1,High Risk,Credit Union,Europe,Basic,985.4,2,6
INST_00884,0.5784717795578893,1,High Risk,Insurance Company,Europe,Professional,861.56,33,37
INST_01930,0.5780383931390067,1,High Risk,Investment Firm,North America,Professional,2389.56,23,1
INST_00466,0.577430906881668,1,High Risk,Bank,Asia Pacific,Professional,9475.79,54,1
INST_04772,0.5772716764338953,1,High Risk,Bank,North America,Professional,613.26,1,4
INST_01079,0.5770700677426681,1,High Risk,Payment Processor,North America,Enterprise,1862.19,1,10
INST_04964,0.5766671811196615,1,High Risk,Credit Union,Europe,Professional,1007.0,4,6
INST_04662,0.5761558710854096,1,High Risk,Credit Union,North America,Professional,6457.69,1,2
INST_03717,0.5751353772482602,1,High Risk,Bank,Asia Pacific,Professional,30876.91,1,0
INST_03578,0.5748623030181956,1,High Risk,Insurance Company,North America,Enterprise,36885.52,3,17
INST_00215,0.5745851575405417,1,High Risk,Bank,Europe,Professional,7376.55,18,5
INST_04780,0.5741778586699049,1,High Risk,Bank,North America,Enterprise,1408.96,2,1
INST_02665,0.5732876643586797,1,High Risk,Bank,North America,Professional,553.0,3,3
INST_03502,0.5729609971109363,1,High Risk,Payment Processor,North America,Basic,8018.5,31,4
INST_01356,0.5729606413399337,1,High Risk,Payment Processor,Europe,Basic,16514.06,1,0
INST_03781,0.5726456910560725,1,High Risk,Bank,Latin America,Basic,5735.38,5,0
INST_03356,0.5724058189148774,1,High Risk,Investment Firm,North America,Basic,13742.71,3,12
INST_03521,0.5719493179936965,1,High Risk,Credit Union,Europe,Basic,892.01,9,14
INST_03457,0.5706310968999918,1,High Risk,Investment Firm,North America,Basic,3226.52,25,0
INST_03247,0.5705673916232791,1,High Risk,Credit Union,Europe,Basic,7347.67,19,5
INST_01987,0.5699762372168938,1,High Risk,Credit Union,Europe,Basic,787.16,7,3
INST_02587,0.5698810393874923,1,High Risk,Investment Firm,Asia Pacific,Professional,1457.14,19,6
INST_04759,0.5692543724675033,1,High Risk,Payment Processor,Europe,Basic,1094.22,9,5
INST_02329,0.5687302215498379,1,High Risk,Bank,Europe,Basic,1284.67,7,5
INST_00635,0.5682704932639723,1,High Risk,Credit Union,North America,Enterprise,2809.2,1,11
INST_04638,0.5678615813039577,1,High Risk,Insurance Company,Europe,Professional,6406.81,12,3
INST_04236,0.5671801941977286,1,High Risk,Bank,North America,Enterprise,32286.14,17,7
INST_02459,0.5667896480448652,1,High Risk,Credit Union,North America,Basic,1007.06,11,19
INST_01809,0.5660181906730861,1,High Risk,Bank,North America,Basic,5438.23,1,0
INST_01131,0.5650664668826422,1,High Risk,Credit Union,Asia Pacific,Basic,1537.6,63,2
INST_02323,0.5649989751969728,1,High Risk,Bank,Asia Pacific,Professional,1725.15,1,3
INST_03041,0.5649031916374425,1,High Risk,Payment Processor,North America,Professional,1977.57,51,13
INST_04531,0.5641194170183546,1,High Risk,Bank,Latin America,Enterprise,13161.4,5,3
INST_04079,0.5624394678800603,1,High Risk,Bank,North America,Professional,5695.85,45,5
INST_04145,0.5624379669118779,1,High Risk,Investment Firm,Europe,Professional,2278.52,5,3
INST_03880,0.5618186770755231,1,High Risk,Credit Union,Europe,Professional,2567.29,1,2
INST_01101,0.5615349465343085,1,High Risk,Payment Processor,Asia Pacific,Enterprise,1630.45,1,11
INST_01820,0.5614089977351117,1,High Risk,Bank,Europe,Enterprise,10682.88,5,1
INST_01612,0.5609325144101406,1,High Risk,Credit Union,North America,Basic,20799.01,6,5
INST_00164,0.5604786947726459,1,High Risk,Bank,North America,Enterprise,6733.72,8,5
INST_00090,0.5601296065482915,1,High Risk,Bank,North America,Basic,24196.95,6,3
INST_00368,0.5598710439468249,1,High Risk,Bank,Asia Pacific,Professional,48093.78,1,0
INST_01990,0.5595624453645234,1,High Risk,Insurance Company,Latin America,Basic,12428.98,1,7
INST_04787,0.5591427150257,1,High Risk,Payment Processor,North America,Professional,6482.38,1,10
INST_04684,0.5589281456678412,1,High Risk,Insurance Company,Europe,Professional,3057.06,2,0
INST_04111,0.5588678842661247,1,High Risk,Credit Union,Europe,Professional,3714.25,11,3
INST_01752,0.5584781003145014,1,High Risk,Bank,North America,Professional,2349.54,5,3
INST_04008,0.5578562244076523,1,High Risk,Investment Firm,Europe,Professional,1686.0,3,10
INST_00905,0.5574114757061822,1,High Risk,Payment Processor,Europe,Professional,73528.85,3,11
INST_01978,0.5573348626207774,1,High Risk,Payment Processor,Asia Pacific,Professional,1570.53,2,6
INST_03172,0.5571240108537402,1,High Risk,Bank,Europe,Professional,14840.78,4,0
INST_00522,0.5570582539849598,1,High Risk,Payment Processor,Europe,Enterprise,1456.03,10,3
INST_00482,0.5568281979082682,1,High Risk,Credit Union,Europe,Professional,31650.01,22,4
INST_04426,0.5564428569921247,1,High Risk,Bank,North America,Professional,1385.1,1,20
INST_02770,0.5556069450324617,1,High Risk,Bank,Europe,Professional,664.24,29,0
INST_01868,0.5555417678155561,1,High Risk,Bank,Europe,Professional,18491.45,5,28
INST_04902,0.5553523393739783,1,High Risk,Bank,North America,Basic,14259.79,3,12
INST_03851,0.5551990510560741,1,High Risk,Bank,Europe,Professional,1235.48,1,0
INST_01375,0.555034148147837,1,High Risk,Payment Processor,North America,Professional,15014.46,5,2
INST_00490,0.5549168164948918,1,High Risk,Credit Union,North America,Basic,49310.59,16,9
INST_04045,0.5539677004503629,1,High Risk,Credit Union,North America,Professional,4724.84,3,0
INST_00388,0.5535106787881151,1,High Risk,Insurance Company,Europe,Enterprise,29552.42,15,0
INST_04199,0.5534822089092404,1,High Risk,Investment Firm,Europe,Professional,59536.21,4,0
INST_04714,0.5534534877830976,1,High Risk,Credit Union,Europe,Professional,8613.26,12,6
INST_04232,0.5533565306274179,1,High Risk,Credit Union,Latin America,Basic,14415.88,9,4
INST_04584,0.5532505355481905,1,High Risk,Investment Firm,Latin America,Professional,1680.99,2,1
INST_04500,0.5532299901223842,1,High Risk,Investment Firm,Europe,Professional,1000.79,4,1
INST_02444,0.5532006491167604,1,High Risk,Credit Union,North America,Basic,2122.13,6,2
INST_01928,0.5524065326883304,1,High Risk,Investment Firm,Asia Pacific,Professional,18148.32,1,7
INST_01575,0.5519065423181597,1,High Risk,Bank,Asia Pacific,Basic,29698.1,96,3
INST_01224,0.5517645589306205,1,High Risk,Credit Union,North America,Professional,1248.46,1,14
INST_03825,0.5515369691216631,1,High Risk,Bank,North America,Basic,13723.38,23,2
INST_03374,0.55118241967005,1,High Risk,Insurance Company,Europe,Professional,3707.95,5,11
INST_03750,0.5507700927872994,1,High Risk,Payment Processor,Europe,Basic,8248.39,1,5
INST_02759,0.5506248463547042,1,High Risk,Bank,North America,Professional,60810.58,4,16
INST_01635,0.5502625155148027,1,High Risk,Bank,North America,Professional,1922.67,17,7
INST_00808,0.5499844922255873,1,High Risk,Credit Union,Europe,Professional,2665.33,52,6
INST_04852,0.5497142029614641,1,High Risk,Insurance Company,North America,Professional,4661.87,1,9
INST_04871,0.5494714892256918,1,High Risk,Bank,Europe,Professional,500.0,2,3
INST_00319,0.5488829834528124,1,High Risk,Bank,Europe,Basic,30951.54,21,7
INST_03154,0.5482451276014322,1,High Risk,Credit Union,Asia Pacific,Basic,1910.27,9,9
INST_00416,0.5481721455157941,1,High Risk,Bank,North America,Professional,1778.24,3,3
INST_00605,0.5472945293230692,1,High Risk,Credit Union,Europe,Basic,500.0,5,17
INST_03432,0.54654420946477,1,High Risk,Insurance Company,North America,Basic,39748.75,1,11
INST_02339,0.5463337240592355,1,High Risk,Credit Union,Europe,Basic,7071.8,1,15
INST_01236,0.5462925982940559,1,High Risk,Payment Processor,Europe,Professional,2955.15,2,0
INST_04208,0.5461687186832634,1,High Risk,Bank,Asia Pacific,Enterprise,1501.34,13,9
INST_04014,0.5456657815311727,1,High Risk,Investment Firm,North America,Basic,1646.21,1,0
INST_04631,0.5454022418589988,1,High Risk,Bank,Asia Pacific,Professional,10318.26,2,17
INST_00962,0.5453403469551202,1,High Risk,Bank,Europe,Professional,1613.85,20,5
INST_04437,0.5448352348457806,1,High Risk,Insurance Company,North America,Professional,13466.87,1,0
INST_02053,0.5446515767663627,1,High Risk,Payment Processor,Europe,Professional,25708.15,1,5
INST_02789,0.5445748566962966,1,High Risk,Payment Processor,Europe,Professional,500.0,7,3
INST_00648,0.5443498627137578,1,High Risk,Insurance Company,Europe,Enterprise,9512.9,5,0
INST_04837,0.5440217302659814,1,High Risk,Credit Union,North America,Professional,7232.5,11,6
INST_01853,0.5437669926269946,1,High Risk,Insurance Company,Asia Pacific,Professional,2508.83,74,1
INST_00935,0.5434586108302055,1,High Risk,Bank,Asia Pacific,Basic,1373.3,1,0
INST_01255,0.5433716074252647,1,High Risk,Credit Union,Europe,Enterprise,2824.12,120,12
INST_01669,0.5415014838831256,1,High Risk,Insurance Company,North America,Basic,17416.29,10,20
INST_04370,0.541351402287522,1,High Risk,Bank,Asia Pacific,Enterprise,27839.6,1,20
INST_00890,0.5411871504401903,1,High Risk,Insurance Company,Asia Pacific,Enterprise,12967.13,1,11
INST_00024,0.5399348852580488,1,High Risk,Credit Union,Latin America,Professional,6204.1,2,0
INST_03790,0.5397604828845779,1,High Risk,Bank,Latin America,Basic,6202.93,21,26
INST_03951,0.5397059308721041,1,High Risk,Insurance Company,Asia Pacific,Professional,11665.16,3,13
INST_01084,0.5395998880973876,1,High Risk,Payment Processor,North America,Professional,73834.95,33,5
INST_04271,0.5393087339606231,1,High Risk,Payment Processor,Europe,Professional,8053.45,114,3
INST_02157,0.5392790785869944,1,High Risk,Bank,Europe,Basic,4144.48,22,12
INST_04311,0.5379935749439505,1,High Risk,Payment Processor,North America,Professional,13048.57,18,41
INST_00313,0.5379503823032589,1,High Risk,Payment Processor,Middle East,Basic,2346.98,1,4
INST_04119,0.5369416195166048,1,High Risk,Insurance Company,Latin America,Basic,2183.4,44,10
INST_01926,0.5367023102111276,1,High Risk,Investment Firm,Europe,Basic,7820.12,4,2
INST_03497,0.5366935940196772,1,High Risk,Payment Processor,Europe,Basic,500.0,2,0
INST_01474,0.5366563308932023,1,High Risk,Bank,Asia Pacific,Professional,8462.08,40,0
INST_03448,0.5362744414134717,1,High Risk,Investment Firm,North America,Enterprise,6892.54,5,4
INST_04259,0.5361603206454499,1,High Risk,Credit Union,North America,Basic,500.0,3,4
INST_01734,0.5361502195319461,1,High Risk,Bank,North America,Professional,29117.94,47,2
INST_04057,0.533362313706894,1,High Risk,Bank,North America,Enterprise,1797.51,1,1
INST_01526,0.5331964608836103,1,High Risk,Bank,North America,Basic,4822.79,13,1
INST_02278,0.532876918241234,1,High Risk,Investment Firm,Asia Pacific,Professional,573.33,3,6
INST_03106,0.5325704036683571,1,High Risk,Insurance Company,North America,Professional,1281.12,2,7
INST_01519,0.5325061242033828,1,High Risk,Payment Processor,North America,Enterprise,2078.92,2,20
INST_02557,0.5321083424357794,1,High Risk,Bank,Europe,Professional,1532.43,4,1
INST_02493,0.5313945653744042,1,High Risk,Credit Union,Europe,Basic,14678.33,1,4
INST_01663,0.5310994767415123,1,High Risk,Credit Union,Asia Pacific,Professional,131657.58,24,2
INST_01728,0.5309892400242484,1,High Risk,Insurance Company,Middle East,Basic,25193.42,37,9
INST_02518,0.530580257333148,1,High Risk,Investment Firm,Asia Pacific,Professional,27829.45,64,14
INST_01190,0.5303529793955419,1,High Risk,Bank,Asia Pacific,Professional,500.0,19,12
INST_02189,0.5301100887689597,1,High Risk,Investment Firm,Europe,Professional,3945.97,5,12
INST_02178,0.5295869364382394,1,High Risk,Investment Firm,North America,Professional,1604.74,34,4
INST_02637,0.529550297555037,1,High Risk,Insurance Company,Europe,Enterprise,10792.4,4,0
INST_04914,0.5294818515564403,1,High Risk,Bank,Europe,Professional,80871.46,2,9
INST_03526,0.5290819035741297,1,High Risk,Payment Processor,Europe,Enterprise,4776.22,6,1
INST_02273,0.5276283460373622,1,High Risk,Investment Firm,North America,Professional,500.0,10,8
INST_03596,0.5269888850100921,1,High Risk,Bank,Europe,Professional,8977.14,1,18
INST_01878,0.5267415837408215,1,High Risk,Bank,Asia Pacific,Professional,908.29,6,2
INST_03080,0.526722450956325,1,High Risk,Insurance Company,North America,Basic,2723.51,9,4
INST_00734,0.5264055189019257,1,High Risk,Credit Union,Asia Pacific,Professional,8200.6,16,7
INST_03889,0.5262617211785536,1,High Risk,Credit Union,North America,Professional,11169.04,2,8
INST_02332,0.5261856104362641,1,High Risk,Investment Firm,Latin America,Enterprise,5272.94,4,3
INST_01226,0.5260816455749147,1,High Risk,Credit Union,North America,Professional,16694.94,3,10
INST_04507,0.5258683874797299,1,High Risk,Bank,Europe,Professional,2110.67,52,16
INST_00806,0.5257414558192421,1,High Risk,Payment Processor,North America,Basic,2013.03,3,1
INST_00852,0.5236068271904792,1,High Risk,Bank,Latin America,Professional,19017.7,4,36
INST_03760,0.5230393648936207,1,High Risk,Bank,North America,Basic,20057.25,1,13
INST_01999,0.5228948561659539,1,High Risk,Bank,Europe,Professional,1015.44,3,3
INST_02718,0.5227044530282806,1,High Risk,Insurance Company,Europe,Professional,9874.53,6,4
INST_00003,0.5223106264416674,1,High Risk,Investment Firm,North America,Professional,5419.93,2,12
INST_03813,0.5218118375479838,1,High Risk,Investment Firm,North America,Basic,3147.94,1,10
INST_04109,0.5202621055568892,1,High Risk,Investment Firm,Asia Pacific,Basic,1095.2,23,1
INST_01257,0.5191882811752893,1,High Risk,Credit Union,Asia Pacific,Professional,500.0,2,13
INST_00801,0.5188304368667008,1,High Risk,Bank,North America,Enterprise,673.31,7,11
INST_01661,0.5178240177314491,1,High Risk,Credit Union,Europe,Enterprise,9042.1,3,0
INST_04977,0.5164257777528345,1,High Risk,Bank,Asia Pacific,Basic,1256.65,6,0
INST_00374,0.5162191325437919,1,High Risk,Bank,Europe,Enterprise,14072.22,1,10
INST_04293,0.5159931523407919,1,High Risk,Payment Processor,Europe,Basic,1312.07,42,16
INST_04801,0.5159800868807557,1,High Risk,Bank,North America,Enterprise,1880.63,1,18
INST_01817,0.5148787017665373,1,High Risk,Insurance Company,Latin America,Basic,14674.43,1,0
INST_03179,0.5146040860617935,1,High Risk,Investment Firm,North America,Professional,500.0,9,6
INST_02781,0.5136040614984949,1,High Risk,Insurance Company,North America,Enterprise,7458.86,20,14
INST_01655,0.5135437724219125,1,High Risk,Payment Processor,Europe,Professional,1106.23,17,5
INST_04009,0.5123756275030932,1,High Risk,Bank,Europe,Enterprise,2158.9,3,2
INST_02920,0.5122957306994981,1,High Risk,Bank,Europe,Enterprise,16380.4,1,5
INST_01098,0.5119972368063762,1,High Risk,Insurance Company,North America,Professional,1172.22,15,3
INST_00441,0.51176606440055,1,High Risk,Payment Processor,North America,Professional,2405.05,4,8
INST_03456,0.511241746699479,1,High Risk,Credit Union,Europe,Basic,1136.21,6,11
INST_02042,0.5108796045703294,1,High Risk,Credit Union,Europe,Enterprise,33870.78,5,22
INST_03060,0.5102781566916529,1,High Risk,Bank,Europe,Professional,30029.49,2,4
INST_02070,0.510235664535026,1,High Risk,Insurance Company,North America,Professional,1350.05,10,2
INST_03469,0.5098778941045137,1,High Risk,Bank,North America,Professional,638.11,6,1
INST_02784,0.5096807061073316,1,High Risk,Payment Processor,Latin America,Professional,7393.43,6,0
INST_02616,0.5081724722294207,1,High Risk,Credit Union,North America,Basic,1685.53,13,1
INST_02918,0.5081514408489564,1,High Risk,Credit Union,North America,Basic,2015.22,7,0
INST_02491,0.5076695115691148,1,High Risk,Bank,North America,Basic,41021.6,1,3
INST_03084,0.5072888478219324,1,High Risk,Insurance Company,Asia Pacific,Basic,1931.97,41,2
INST_01570,0.5071446159260976,1,High Risk,Investment Firm,Europe,Basic,1512.22,9,16
INST_02850,0.5064837774173327,1,High Risk,Investment Firm,North America,Basic,2119.43,32,2
INST_01560,0.5060475762670055,1,High Risk,Credit Union,North America,Professional,4873.23,1,1
INST_01031,0.5058073162189287,1,High Risk,Investment Firm,North America,Basic,210449.76,5,8
INST_02903,0.5056471756872959,1,High Risk,Credit Union,Asia Pacific,Enterprise,3025.06,1,20
INST_00867,0.5055938498378765,1,High Risk,Bank,North America,Professional,4778.29,62,1
INST_00965,0.5047780493421041,1,High Risk,Credit Union,Latin America,Basic,27626.9,10,4
INST_03014,0.5046099518733747,1,High Risk,Investment Firm,Asia Pacific,Enterprise,6900.05,5,3
INST_00926,0.5034453883357254,1,High Risk,Bank,Asia Pacific,Enterprise,43535.56,4,1
INST_04476,0.5020410060830253,1,High Risk,Credit Union,Middle East,Enterprise,20139.75,3,7
INST_01258,0.5020171459919486,1,High Risk,Bank,Asia Pacific,Enterprise,9153.36,1,2
INST_02835,0.5009280588955152,1,High Risk,Payment Processor,Europe,Professional,1495.56,6,5
INST_03928,0.5008312293992359,1,High Risk,Investment Firm,North America,Enterprise,17073.72,1,0
INST_04896,0.4995564410093734,0,Medium Risk,Bank,Asia Pacific,Professional,1446.11,7,3
INST_00733,0.49923336838048477,0,Medium Risk,Credit Union,Europe,Professional,9791.96,11,2
INST_02831,0.49910696406019267,0,Medium Risk,Investment Firm,Europe,Basic,89772.38,4,10
INST_04796,0.4980333458185226,0,Medium Risk,Bank,Latin America,Basic,813.48,33,2
INST_01630,0.49746330844563597,0,Medium Risk,Insurance Company,Europe,Enterprise,16881.26,3,3
INST_01581,0.4973578006453158,0,Medium Risk,Credit Union,Latin America,Basic,13949.84,18,13
INST_00787,0.49723480390983915,0,Medium Risk,Credit Union,Asia Pacific,Basic,21527.39,9,3
INST_01685,0.49621183898369364,0,Medium Risk,Payment Processor,North America,Professional,6305.81,6,5
INST_01678,0.4954061850916193,0,Medium Risk,Bank,Europe,Professional,6013.66,1,21
INST_00824,0.4952009118281623,0,Medium Risk,Credit Union,North America,Professional,500.0,2,7
INST_00644,0.495062014514867,0,Medium Risk,Bank,Europe,Basic,12146.55,6,8
INST_04988,0.4946641461860179,0,Medium Risk,Insurance Company,North America,Professional,903.86,6,9
INST_01066,0.49437351997306395,0,Medium Risk,Bank,Europe,Basic,3208.11,1,16
INST_01609,0.4942158369919084,0,Medium Risk,Credit Union,North America,Professional,500.0,17,18
INST_02075,0.49365111947750767,0,Medium Risk,Payment Processor,North America,Enterprise,23265.37,6,25
INST_02188,0.4929369710899246,0,Medium Risk,Insurance Company,Europe,Professional,807.77,1,20
INST_03147,0.49244224481444315,0,Medium Risk,Investment Firm,Latin America,Professional,543.21,9,2
INST_00343,0.49237170123562074,0,Medium Risk,Credit Union,North America,Professional,8307.53,1,2
INST_01993,0.49236386708658314,0,Medium Risk,Bank,North America,Basic,51141.49,2,27
INST_02915,0.4923173578699398,0,Medium Risk,Investment Firm,North America,Professional,11212.36,5,3
INST_02471,0.49222273681891,0,Medium Risk,Payment Processor,North America,Professional,8228.54,9,20
INST_04667,0.4919122474784903,0,Medium Risk,Insurance Company,North America,Professional,15101.67,3,4
INST_03238,0.4914878932272664,0,Medium Risk,Investment Firm,Europe,Enterprise,2818.28,3,5
INST_00542,0.4907797119410844,0,Medium Risk,Bank,Latin America,Professional,561.82,1,2
INST_04424,0.4906180434433533,0,Medium Risk,Bank,Latin America,Professional,70734.68,16,7
INST_01103,0.48993890355193753,0,Medium Risk,Payment Processor,Latin America,Professional,42931.44,1,5
INST_03979,0.4895916428505646,0,Medium Risk,Credit Union,North America,Basic,1365.4,1,0
INST_04266,0.4890637280339834,0,Medium Risk,Investment Firm,North America,Enterprise,4413.36,1,8
INST_01364,0.48862701563572486,0,Medium Risk,Insurance Company,Europe,Basic,3870.79,1,0
INST_01933,0.4884264833356231,0,Medium Risk,Investment Firm,North America,Basic,4796.7,1,2
INST_04312,0.48795597337452185,0,Medium Risk,Bank,Asia Pacific,Professional,6258.85,5,8
INST_00866,0.48778771468601145,0,Medium Risk,Bank,Asia Pacific,Basic,2519.65,38,9
INST_01452,0.4876484482466317,0,Medium Risk,Payment Processor,Europe,Basic,2754.32,1,0
INST_01205,0.48740309427722456,0,Medium Risk,Insurance Company,Latin America,Enterprise,5702.66,1,1
INST_03859,0.4872419080013232,0,Medium Risk,Insurance Company,Europe,Professional,4094.63,13,2
INST_04090,0.48716709064136926,0,Medium Risk,Insurance Company,Europe,Enterprise,14385.69,1,1
INST_01367,0.48511647362092397,0,Medium Risk,Payment Processor,North America,Enterprise,5446.36,7,13
INST_03365,0.4844443682412836,0,Medium Risk,Investment Firm,Asia Pacific,Professional,903.89,4,10
INST_00386,0.48403374263400756,0,Medium Risk,Bank,Europe,Basic,1179.4,6,2
INST_01779,0.48390839809082536,0,Medium Risk,Insurance Company,North America,Professional,12489.46,9,2
INST_04719,0.48382079597703836,0,Medium Risk,Payment Processor,Asia Pacific,Professional,5289.59,5,17
INST_02845,0.48336027461072406,0,Medium Risk,Credit Union,Europe,Basic,572.92,6,8
INST_02508,0.48217894379888615,0,Medium Risk,Insurance Company,Europe,Basic,3301.09,4,2
INST_03728,0.48210390014488214,0,Medium Risk,Bank,North America,Basic,10004.44,5,26
INST_04474,0.4820014214715876,0,Medium Risk,Investment Firm,Latin America,Professional,6541.38,9,8
INST_02284,0.4812182611382714,0,Medium Risk,Bank,North America,Basic,717.03,9,1
INST_01667,0.4809163276453379,0,Medium Risk,Payment Processor,Asia Pacific,Enterprise,7063.48,55,18
INST_01848,0.4806834370974109,0,Medium Risk,Payment Processor,Europe,Professional,7344.42,9,0
INST_03384,0.48015824444746963,0,Medium Risk,Bank,North America,Professional,12119.28,11,1
INST_00194,0.47985348273553585,0,Medium Risk,Bank,North America,Basic,13288.4,6,2
INST_04152,0.47971294256801017,0,Medium Risk,Insurance Company,North America,Professional,11880.18,2,1
INST_00192,0.47930258097607614,0,Medium Risk,Payment Processor,Asia Pacific,Basic,2392.07,8,5
INST_02402,0.47890437574030364,0,Medium Risk,Credit Union,Europe,Professional,4863.2,1,0
INST_01872,0.4784936120373475,0,Medium Risk,Credit Union,Europe,Professional,18458.36,1,14
INST_04310,0.47823914747792107,0,Medium Risk,Bank,North America,Basic,1017.82,41,6
INST_04406,0.47804392858616035,0,Medium Risk,Payment Processor,North America,Basic,3736.08,3,12
INST_02503,0.4779406659643465,0,Medium Risk,Payment Processor,North America,Professional,654.39,1,0
INST_04071,0.47719207552523585,0,Medium Risk,Investment Firm,Asia Pacific,Basic,1866.35,14,9
INST_00694,0.47706873667377325,0,Medium Risk,Bank,Asia Pacific,Enterprise,20137.6,8,4
INST_00312,0.4756898549307477,0,Medium Risk,Bank,Latin America,Enterprise,31060.61,4,8
INST_04911,0.4753908263747258,0,Medium Risk,Investment Firm,Latin America,Professional,11673.85,2,10
INST_03782,0.47505324671355437,0,Medium Risk,Bank,North America,Professional,26781.49,2,10
INST_04027,0.4742600234575241,0,Medium Risk,Bank,North America,Basic,2201.5,23,7
INST_00914,0.47416006916295217,0,Medium Risk,Investment Firm,Europe,Enterprise,4302.96,43,2
INST_01458,0.4740518233146604,0,Medium Risk,Bank,North America,Enterprise,609.02,6,18
INST_00655,0.4729436779219062,0,Medium Risk,Bank,North America,Enterprise,14568.66,6,5
INST_00435,0.47272459341616874,0,Medium Risk,Insurance Company,Asia Pacific,Professional,46593.16,1,1
INST_00795,0.47176210494496895,0,Medium Risk,Payment Processor,Asia Pacific,Professional,5400.53,5,20
INST_01717,0.47173893179199433,0,Medium Risk,Investment Firm,Europe,Professional,30365.4,6,8
INST_00191,0.4709191642519992,0,Medium Risk,Payment Processor,Asia Pacific,Professional,500.0,1,2
INST_01133,0.4706016966468238,0,Medium Risk,Bank,North America,Professional,4463.23,1,5
INST_00629,0.4701668597734402,0,Medium Risk,Bank,North America,Professional,500.0,2,10
INST_04713,0.46950146139009485,0,Medium Risk,Insurance Company,North America,Professional,1732.07,1,1
INST_04092,0.4687130448112861,0,Medium Risk,Credit Union,Europe,Professional,58844.2,3,1
INST_04640,0.4686603871633262,0,Medium Risk,Payment Processor,Europe,Professional,3854.73,6,0
INST_01163,0.46835902082406056,0,Medium Risk,Insurance Company,North America,Professional,1353.86,11,12
INST_00068,0.4677878494017858,0,Medium Risk,Bank,Latin America,Professional,500.0,3,11
INST_01389,0.46776113663360425,0,Medium Risk,Credit Union,Europe,Professional,20308.16,1,9
INST_00885,0.46771509221934265,0,Medium Risk,Bank,Europe,Professional,22631.83,5,0
INST_00009,0.46763160431415524,0,Medium Risk,Insurance Company,Europe,Professional,2350.03,5,1
INST_01000,0.4675441836382392,0,Medium Risk,Bank,Europe,Professional,4827.88,1,0
INST_02372,0.4669811699134657,0,Medium Risk,Investment Firm,North America,Professional,3761.02,1,13
INST_01243,0.4667343392760421,0,Medium Risk,Insurance Company,Asia Pacific,Professional,700.48,5,0
INST_01628,0.46549371506292936,0,Medium Risk,Bank,Europe,Professional,1007.84,20,21
INST_02563,0.46456036318579763,0,Medium Risk,Bank,Asia Pacific,Enterprise,98056.9,2,3
INST_03909,0.4642651300955263,0,Medium Risk,Bank,Middle East,Basic,500.0,6,3
INST_02709,0.4639050186146765,0,Medium Risk,Bank,Asia Pacific,Professional,40049.49,2,1
INST_03869,0.4635374391371018,0,Medium Risk,Bank,North America,Professional,1014.22,13,1
INST_02832,0.46326602665545935,0,Medium Risk,Bank,North America,Professional,1738.79,1,20
INST_04577,0.46308063969241664,0,Medium Risk,Bank,Asia Pacific,Professional,1654.38,1,1
INST_04642,0.4630157760892966,0,Medium Risk,Payment Processor,North America,Professional,30578.9,18,0
INST_00120,0.4626918551842505,0,Medium Risk,Insurance Company,North America,Basic,1101.88,20,7
INST_01444,0.46251380412373727,0,Medium Risk,Payment Processor,Europe,Professional,4074.21,2,0
INST_02072,0.4623348314690472,0,Medium Risk,Bank,Europe,Basic,1344.13,22,6
INST_04649,0.462278906740816,0,Medium Risk,Bank,North America,Professional,24402.5,3,1
INST_00401,0.46107425582105854,0,Medium Risk,Payment Processor,Middle East,Basic,9139.7,3,3
INST_03698,0.4607304240222969,0,Medium Risk,Payment Processor,Europe,Basic,3317.22,7,5
INST_03062,0.4606975375470627,0,Medium Risk,Investment Firm,Latin America,Basic,1386.74,48,0
INST_03100,0.46007762022750276,0,Medium Risk,Bank,Asia Pacific,Basic,1433.16,1,2
INST_02084,0.46004921237276336,0,Medium Risk,Credit Union,Europe,Basic,978.34,20,27
INST_04592,0.4597426161499365,0,Medium Risk,Credit Union,Asia Pacific,Enterprise,12638.58,4,3
INST_00903,0.4596295291331758,0,Medium Risk,Investment Firm,North America,Professional,2964.66,6,12
INST_04015,0.4594232700877253,0,Medium Risk,Bank,North America,Basic,26656.22,8,1
INST_02338,0.4589675114384289,0,Medium Risk,Bank,Asia Pacific,Professional,5575.45,5,2
INST_04166,0.45868294222359557,0,Medium Risk,Bank,Latin America,Professional,75581.38,1,4
INST_00941,0.458580076591283,0,Medium Risk,Investment Firm,North America,Professional,2973.9,7,11
INST_01924,0.458355144607185,0,Medium Risk,Insurance Company,Europe,Basic,2256.35,13,8
INST_02501,0.45832418334771524,0,Medium Risk,Insurance Company,Asia Pacific,Basic,15615.97,7,0
INST_00475,0.45736301363945636,0,Medium Risk,Payment Processor,Europe,Professional,1548.3,2,0
INST_02566,0.45721772518702575,0,Medium Risk,Bank,Latin America,Professional,35072.7,25,31
INST_04257,0.4569467497081583,0,Medium Risk,Credit Union,North America,Enterprise,3977.05,1,1
INST_02861,0.4568980628369512,0,Medium Risk,Bank,North America,Enterprise,101809.15,4,9
INST_02265,0.45659806771122724,0,Medium Risk,Investment Firm,North America,Professional,3781.66,4,9
INST_04475,0.4563255021315852,0,Medium Risk,Credit Union,Asia Pacific,Professional,10658.24,1,1
INST_04049,0.45599328824295315,0,Medium Risk,Bank,Europe,Basic,500.0,9,2
INST_03321,0.4557389747061303,0,Medium Risk,Bank,Asia Pacific,Professional,9915.41,28,22
INST_00218,0.4550420400018633,0,Medium Risk,Investment Firm,North America,Professional,7458.21,6,13
INST_02961,0.45502008967311286,0,Medium Risk,Bank,North America,Basic,4476.79,1,1
INST_01360,0.4547048898706187,0,Medium Risk,Payment Processor,North America,Professional,500.0,10,13
INST_02753,0.4543409949841234,0,Medium Risk,Bank,Europe,Basic,25267.58,12,2
INST_00775,0.45342439885617586,0,Medium Risk,Bank,North America,Basic,57802.04,25,2
INST_02694,0.4534092871518291,0,Medium Risk,Payment Processor,Latin America,Professional,10324.13,1,10
INST_02818,0.45272229507104406,0,Medium Risk,Bank,Latin America,Professional,24581.54,45,10
INST_01296,0.45196831441975954,0,Medium Risk,Bank,North America,Professional,2783.33,6,2
INST_04201,0.4517460293273549,0,Medium Risk,Bank,Europe,Enterprise,2076.99,9,5
INST_00501,0.4515158052390247,0,Medium Risk,Credit Union,North America,Basic,500.0,27,0
INST_04254,0.45132817457434304,0,Medium Risk,Bank,Asia Pacific,Enterprise,81510.47,3,13
INST_00157,0.45103296778602714,0,Medium Risk,Insurance Company,Asia Pacific,Basic,595.59,22,10
INST_03622,0.45074023630451315,0,Medium Risk,Bank,Europe,Enterprise,811.62,13,3
INST_03074,0.450600609659654,0,Medium Risk,Investment Firm,Asia Pacific,Enterprise,5883.48,1,10
INST_02032,0.449988552475553,0,Medium Risk,Credit Union,Europe,Professional,8526.31,9,4
INST_00284,0.4492300510213601,0,Medium Risk,Investment Firm,Europe,Basic,500.0,18,26
INST_04724,0.44919650651483267,0,Medium Risk,Bank,North America,Enterprise,3013.46,7,0
INST_04698,0.44838076825598594,0,Medium Risk,Bank,Europe,Basic,1437.89,7,21
INST_03755,0.4482474608171176,0,Medium Risk,Bank,Latin America,Professional,500.0,5,15
INST_02287,0.447736452227466,0,Medium Risk,Bank,North America,Basic,1232.77,6,0
INST_01314,0.4475601048955943,0,Medium Risk,Credit Union,North America,Enterprise,500000.0,5,9
INST_00201,0.4473285675277639,0,Medium Risk,Bank,Middle East,Basic,757.65,17,15
INST_03837,0.4472267619790473,0,Medium Risk,Bank,Europe,Enterprise,1744.61,12,10
INST_03404,0.44711349611612117,0,Medium Risk,Insurance Company,Europe,Basic,500.0,1,15
INST_03157,0.4468500126235335,0,Medium Risk,Bank,North America,Basic,6041.2,1,2
INST_02500,0.4453973760656437,0,Medium Risk,Insurance Company,Europe,Enterprise,13112.58,6,2
INST_04999,0.44431390867629916,0,Medium Risk,Investment Firm,North America,Basic,1185.71,4,9
INST_00101,0.4443025244868222,0,Medium Risk,Investment Firm,Europe,Professional,2533.56,1,32
INST_00673,0.44418509593430544,0,Medium Risk,Credit Union,North America,Basic,500.0,41,2
INST_03099,0.44336223161975175,0,Medium Risk,Credit Union,Europe,Professional,125025.48,1,5
INST_00419,0.44329402026269543,0,Medium Risk,Insurance Company,North America,Professional,11521.11,10,5
INST_01327,0.44319774992923144,0,Medium Risk,Insurance Company,Europe,Basic,39009.38,1,10
INST_03429,0.44250336891707265,0,Medium Risk,Investment Firm,North America,Professional,844.66,3,1
INST_03616,0.44245679474521826,0,Medium Risk,Investment Firm,Middle East,Basic,21844.58,16,5
INST_02805,0.4420552574463493,0,Medium Risk,Payment Processor,North America,Enterprise,820.25,14,7
INST_02536,0.4418800651442132,0,Medium Risk,Insurance Company,Asia Pacific,Professional,31499.94,3,5
INST_03092,0.44186773853642514,0,Medium Risk,Credit Union,Europe,Basic,5327.53,3,1
INST_04364,0.44146925488806993,0,Medium Risk,Bank,North America,Basic,6839.32,9,6
INST_04213,0.4410201835127384,0,Medium Risk,Bank,Europe,Enterprise,500.0,6,8
INST_01800,0.4405467265424718,0,Medium Risk,Payment Processor,North America,Basic,500.0,18,5
INST_04188,0.4400535852741092,0,Medium Risk,Investment Firm,Middle East,Basic,6852.65,5,4
INST_03087,0.43873885737381435,0,Medium Risk,Bank,Asia Pacific,Enterprise,1270.59,6,0
INST_00515,0.43846844162001924,0,Medium Risk,Bank,Asia Pacific,Professional,89249.74,2,3
INST_04070,0.43840700627478973,0,Medium Risk,Bank,Latin America,Professional,5609.79,4,6
INST_00639,0.43753941339110985,0,Medium Risk,Credit Union,North America,Basic,955.19,33,1
INST_00408,0.4375053936904869,0,Medium Risk,Payment Processor,North America,Professional,500.0,9,6
INST_03970,0.43710207601320866,0,Medium Risk,Payment Processor,North America,Basic,1374.2,16,6
INST_00763,0.4367810560582187,0,Medium Risk,Insurance Company,North America,Basic,2830.71,1,7
INST_01556,0.436627456952641,0,Medium Risk,Investment Firm,North America,Enterprise,1352.05,24,7
INST_03150,0.43655582568911205,0,Medium Risk,Investment Firm,Europe,Basic,10057.61,31,4
INST_03019,0.4364770128428801,0,Medium Risk,Insurance Company,Latin America,Enterprise,4188.23,1,15
INST_04890,0.43623225887705064,0,Medium Risk,Bank,Asia Pacific,Professional,500.0,4,1
INST_03088,0.43587678132933577,0,Medium Risk,Investment Firm,North America,Professional,44689.96,11,14
INST_01325,0.4355526649538509,0,Medium Risk,Bank,North America,Professional,3444.8,6,1
INST_01638,0.4355311064337248,0,Medium Risk,Payment Processor,North America,Professional,1668.87,10,2
INST_01988,0.43537946906369557,0,Medium Risk,Credit Union,North America,Professional,1982.95,52,14
INST_04352,0.43508736924965924,0,Medium Risk,Credit Union,Latin America,Basic,38071.7,1,2
INST_04298,0.43486467912175064,0,Medium Risk,Credit Union,Latin America,Professional,4869.07,9,12
INST_00422,0.434670132299828,0,Medium Risk,Bank,Middle East,Professional,58211.37,5,18
INST_02401,0.434582597416329,0,Medium Risk,Bank,Asia Pacific,Professional,2232.73,33,2
INST_01822,0.4343532065869553,0,Medium Risk,Investment Firm,Middle East,Professional,500.0,5,24
INST_04356,0.4343090480737585,0,Medium Risk,Bank,Asia Pacific,Enterprise,500.0,32,9
INST_00498,0.4340515988083334,0,Medium Risk,Payment Processor,Europe,Basic,10852.48,1,0
INST_03441,0.4338628042425089,0,Medium Risk,Credit Union,North America,Professional,17374.08,4,9
INST_01874,0.43378515255301187,0,Medium Risk,Insurance Company,Latin America,Enterprise,500.0,17,1
INST_01003,0.4332419519559524,0,Medium Risk,Insurance Company,Europe,Professional,15835.63,1,4
INST_03599,0.4331761003717159,0,Medium Risk,Investment Firm,Asia Pacific,Enterprise,17466.64,7,2
INST_00263,0.43284871803275765,0,Medium Risk,Credit Union,North America,Enterprise,2032.66,15,4
INST_02309,0.4322051924595132,0,Medium Risk,Bank,North America,Professional,94874.04,7,0
INST_00006,0.4318044369326699,0,Medium Risk,Bank,Asia Pacific,Basic,3312.62,7,5
INST_01070,0.4312406159760029,0,Medium Risk,Bank,Latin America,Basic,26815.17,7,6
INST_00533,0.430384236992122,0,Medium Risk,Investment Firm,Asia Pacific,Basic,1402.62,2,6
INST_01365,0.4299575970452004,0,Medium Risk,Bank,Europe,Professional,512.52,11,6
INST_02900,0.42986338589036976,0,Medium Risk,Bank,Europe,Enterprise,10473.14,1,6
INST_00998,0.4291070518979827,0,Medium Risk,Payment Processor,Europe,Basic,34924.08,32,5
INST_03379,0.42850314274241863,0,Medium Risk,Investment Firm,Europe,Professional,500.0,25,22
INST_03108,0.4284449221519707,0,Medium Risk,Investment Firm,Asia Pacific,Enterprise,5688.36,12,0
INST_01288,0.42764403744336543,0,Medium Risk,Bank,Middle East,Professional,7044.45,1,2
INST_02087,0.4276172675983594,0,Medium Risk,Investment Firm,Europe,Professional,500.0,7,7
INST_02785,0.42733814684454624,0,Medium Risk,Bank,Europe,Professional,9397.24,8,0
INST_04012,0.4269164817047797,0,Medium Risk,Investment Firm,North America,Basic,1946.32,11,9
INST_01838,0.426577035009753,0,Medium Risk,Payment Processor,North America,Basic,1909.67,1,0
INST_02965,0.4264882300640056,0,Medium Risk,Insurance Company,North America,Basic,33317.82,38,5
INST_01062,0.4256809247332676,0,Medium Risk,Insurance Company,Europe,Enterprise,75854.14,3,4
INST_00834,0.42555335072019296,0,Medium Risk,Credit Union,Asia Pacific,Professional,22537.77,38,0
INST_01718,0.42421626653107014,0,Medium Risk,Payment Processor,North America,Basic,2205.51,8,5
INST_00350,0.42399966248552845,0,Medium Risk,Credit Union,Asia Pacific,Professional,111594.54,1,3
INST_01498,0.42376424876802943,0,Medium Risk,Credit Union,North America,Basic,18394.1,8,3
INST_00530,0.4236695143449709,0,Medium Risk,Insurance Company,Europe,Professional,2114.85,2,3
INST_02496,0.4234565187335893,0,Medium Risk,Investment Firm,North America,Professional,1087.45,15,0
INST_00010,0.4232627281151987,0,Medium Risk,Bank,North America,Enterprise,9215.31,1,5
INST_02853,0.42307441640547566,0,Medium Risk,Payment Processor,North America,Professional,1666.4,14,18
INST_04329,0.42304548494080196,0,Medium Risk,Insurance Company,Asia Pacific,Basic,11733.82,8,5
INST_00883,0.422526630226845,0,Medium Risk,Bank,Middle East,Professional,61535.7,4,5
INST_00239,0.4216772754978808,0,Medium Risk,Bank,North America,Basic,2200.75,1,3
INST_01081,0.4214487368931518,0,Medium Risk,Bank,Middle East,Professional,5230.6,6,25
INST_01907,0.42072732408182895,0,Medium Risk,Credit Union,Asia Pacific,Professional,63398.23,1,1
INST_03476,0.42020179807066976,0,Medium Risk,Payment Processor,North America,Basic,500.0,20,0
INST_03139,0.4200601115755818,0,Medium Risk,Bank,North America,Basic,500.0,54,1
INST_04215,0.41999938476950854,0,Medium Risk,Insurance Company,North America,Basic,3187.23,3,11
INST_03818,0.41975953296339275,0,Medium Risk,Insurance Company,Europe,Professional,29869.43,6,17
INST_04635,0.4195291418181046,0,Medium Risk,Payment Processor,North America,Basic,8317.21,21,2
INST_04282,0.4191396042019855,0,Medium Risk,Bank,Asia Pacific,Professional,23952.06,21,8
INST_00759,0.41846591985533843,0,Medium Risk,Insurance Company,North America,Professional,1788.93,1,7
INST_01845,0.4182532950018137,0,Medium Risk,Bank,North America,Basic,1829.88,27,2
INST_00294,0.418212002298169,0,Medium Risk,Bank,Asia Pacific,Professional,3552.9,9,3
INST_00815,0.41820187087998334,0,Medium Risk,Credit Union,North America,Professional,3388.92,27,14
INST_02972,0.4181799566328807,0,Medium Risk,Insurance Company,North America,Enterprise,10263.53,1,9
INST_00687,0.4179887749667261,0,Medium Risk,Bank,Latin America,Basic,629.91,3,1
INST_01045,0.41782960899637267,0,Medium Risk,Investment Firm,Asia Pacific,Professional,6604.75,24,7
INST_03886,0.4176909964590135,0,Medium Risk,Payment Processor,Asia Pacific,Professional,24041.65,10,1
INST_03492,0.4175213234276093,0,Medium Risk,Payment Processor,Europe,Basic,687.76,17,2
INST_04612,0.4169708924646208,0,Medium Risk,Credit Union,Latin America,Professional,5531.13,1,0
INST_00721,0.41694708240759065,0,Medium Risk,Bank,Europe,Basic,5162.77,1,4
INST_00902,0.4169459712265416,0,Medium Risk,Bank,North America,Professional,30818.85,7,3
INST_04978,0.41606567483964363,0,Medium Risk,Bank,Middle East,Professional,35444.19,2,4
INST_03614,0.4157955883330777,0,Medium Risk,Credit Union,North America,Professional,500.0,35,15
INST_00757,0.4156452779683146,0,Medium Risk,Credit Union,Europe,Professional,22250.6,7,1
INST_04808,0.415592864646116,0,Medium Risk,Bank,Middle East,Professional,7242.38,22,14
INST_03637,0.4155829052436951,0,Medium Risk,Bank,Europe,Professional,6720.31,15,7
INST_00864,0.4155276007947722,0,Medium Risk,Credit Union,Asia Pacific,Basic,568.29,19,7
INST_04180,0.41499007488105893,0,Medium Risk,Credit Union,Europe,Basic,18753.66,42,4
INST_01858,0.41418937665894945,0,Medium Risk,Insurance Company,Latin America,Professional,554.22,42,0
INST_04961,0.4141811239538088,0,Medium Risk,Bank,Europe,Professional,5934.3,5,25
INST_00342,0.41350342917435867,0,Medium Risk,Bank,North America,Basic,1599.48,7,0
INST_03281,0.41252921749798976,0,Medium Risk,Bank,Middle East,Basic,5949.44,7,2
INST_03367,0.41251914400649226,0,Medium Risk,Bank,Asia Pacific,Enterprise,622.25,9,8
INST_00548,0.4124392603983697,0,Medium Risk,Credit Union,North America,Basic,6061.19,1,9
INST_04458,0.41196782768618173,0,Medium Risk,Credit Union,Asia Pacific,Professional,3071.65,6,20
INST_04661,0.4119081312552607,0,Medium Risk,Investment Firm,North America,Professional,7898.44,1,4
INST_02890,0.41183336631334155,0,Medium Risk,Bank,North America,Professional,14591.18,10,3
INST_01812,0.4112126352951562,0,Medium Risk,Bank,North America,Basic,18717.86,56,7
INST_03740,0.41014399291937226,0,Medium Risk,Payment Processor,Europe,Basic,681.6,16,2
INST_00769,0.4101021127466455,0,Medium Risk,Insurance Company,Latin America,Professional,500.0,6,1
INST_02561,0.40960117388424394,0,Medium Risk,Insurance Company,Asia Pacific,Basic,4166.03,23,0
INST_03540,0.4086527391360486,0,Medium Risk,Bank,Europe,Professional,7454.18,36,1
INST_00701,0.4084562825870501,0,Medium Risk,Bank,North America,Professional,5043.27,3,1
INST_02139,0.40800412167564665,0,Medium Risk,Payment Processor,North America,Enterprise,500.0,30,1
INST_01170,0.40797681899802574,0,Medium Risk,Investment Firm,North America,Enterprise,14055.42,1,18
INST_02149,0.4079654398388528,0,Medium Risk,Insurance Company,Europe,Basic,748.91,3,12
INST_02235,0.4069474545915858,0,Medium Risk,Investment Firm,Europe,Enterprise,597.76,26,3
INST_02775,0.4067204288418125,0,Medium Risk,Credit Union,North America,Professional,29268.39,30,1
INST_01188,0.406291818618285,0,Medium Risk,Bank,North America,Basic,15558.79,26,4
INST_01780,0.40577315663978475,0,Medium Risk,Bank,North America,Basic,2619.5,11,1
INST_02765,0.40558921414525545,0,Medium Risk,Payment Processor,Europe,Professional,1968.51,8,6
INST_04372,0.4052895833316362,0,Medium Risk,Bank,North America,Professional,808.88,9,1
INST_04881,0.4047729954966275,0,Medium Risk,Credit Union,Europe,Basic,1344.87,34,6
INST_02777,0.404367835620701,0,Medium Risk,Bank,Asia Pacific,Enterprise,73797.88,1,4
INST_02092,0.40372746951936805,0,Medium Risk,Bank,Asia Pacific,Basic,500.0,78,5
INST_03076,0.4035173108089478,0,Medium Risk,Payment Processor,Europe,Enterprise,605.88,22,0
INST_01599,0.4034225154198392,0,Medium Risk,Payment Processor,Europe,Professional,173618.18,35,2
INST_02446,0.4023497849375267,0,Medium Risk,Bank,Europe,Professional,13780.42,3,2
INST_02576,0.4019866112616314,0,Medium Risk,Payment Processor,Europe,Basic,739.93,1,9
INST_01340,0.4018592988712305,0,Medium Risk,Bank,North America,Professional,7572.34,1,0
INST_03961,0.40165116943754087,0,Medium Risk,Credit Union,Europe,Professional,26246.77,3,0
INST_03450,0.4014831763964831,0,Medium Risk,Credit Union,Asia Pacific,Professional,4130.85,4,26
INST_04052,0.4005040503587567,0,Medium Risk,Insurance Company,North America,Professional,826.62,84,34
INST_04252,0.4004997965282175,0,Medium Risk,Bank,North America,Professional,1212.75,9,5
INST_02469,0.4001444700427772,0,Medium Risk,Credit Union,North America,Professional,3352.6,10,4
INST_02397,0.39974036985133327,0,Medium Risk,Bank,Latin America,Basic,808.18,24,9
INST_03364,0.3993037142414794,0,Medium Risk,Payment Processor,Europe,Professional,9682.04,9,12
INST_01260,0.3989790612898288,0,Medium Risk,Bank,North America,Basic,920.56,13,0
INST_03309,0.39867620767956324,0,Medium Risk,Credit Union,Europe,Professional,500.0,8,1
INST_03650,0.39782229531906005,0,Medium Risk,Insurance Company,North America,Professional,840.23,9,2
INST_01051,0.3973628440338448,0,Medium Risk,Credit Union,Middle East,Basic,1302.5,17,9
INST_00054,0.3972542677281596,0,Medium Risk,Investment Firm,Europe,Professional,6141.98,15,11
INST_02611,0.39723162160229863,0,Medium Risk,Bank,North America,Basic,8802.43,10,0
INST_02002,0.3967358356950049,0,Medium Risk,Payment Processor,Asia Pacific,Basic,4077.81,52,7
INST_03920,0.39622741252746946,0,Medium Risk,Payment Processor,Europe,Basic,2189.13,14,3
INST_03579,0.396044999373203,0,Medium Risk,Credit Union,North America,Professional,10985.4,9,0
INST_00744,0.39588204489417295,0,Medium Risk,Bank,North America,Professional,10701.64,15,3
INST_02130,0.3956272724467088,0,Medium Risk,Bank,North America,Professional,500.0,35,3
INST_02739,0.3951214327657041,0,Medium Risk,Bank,North America,Professional,6614.17,8,15
INST_04720,0.39507502493085644,0,Medium Risk,Bank,Asia Pacific,Professional,7732.65,18,0
INST_01547,0.3944548833060737,0,Medium Risk,Investment Firm,Europe,Enterprise,6532.44,1,7
INST_02610,0.3944066900429799,0,Medium Risk,Insurance Company,North America,Basic,500.0,1,3
INST_01808,0.3942385604847145,0,Medium Risk,Bank,North America,Basic,37016.73,30,0
INST_02960,0.39416984481376294,0,Medium Risk,Bank,Latin America,Basic,1557.95,6,2
INST_00641,0.39411894404073267,0,Medium Risk,Bank,Asia Pacific,Enterprise,1868.85,13,0
INST_04308,0.3937391659856756,0,Medium Risk,Insurance Company,North America,Basic,10733.65,54,34
INST_02732,0.39356633285533243,0,Medium Risk,Bank,North America,Professional,1846.89,4,3
INST_02261,0.39349513426830607,0,Medium Risk,Investment Firm,North America,Professional,4434.24,11,13
INST_01726,0.3930621510330629,0,Medium Risk,Credit Union,North America,Basic,2402.88,1,0
INST_04456,0.3926939552557108,0,Medium Risk,Investment Firm,North America,Basic,4206.82,1,5
INST_03553,0.3922759177286914,0,Medium Risk,Credit Union,Europe,Basic,500.0,16,6
INST_04770,0.39209658107348033,0,Medium Risk,Bank,Asia Pacific,Enterprise,14400.4,50,16
INST_00062,0.3920508294268993,0,Medium Risk,Insurance Company,Europe,Professional,970.78,2,2
INST_00662,0.39193009645057325,0,Medium Risk,Investment Firm,Asia Pacific,Enterprise,5433.42,16,10
INST_03808,0.3918833506903979,0,Medium Risk,Bank,North America,Basic,7783.95,1,25
INST_03983,0.3913175945543928,0,Medium Risk,Bank,Europe,Basic,12871.54,11,0
INST_01050,0.3906974488099148,0,Medium Risk,Payment Processor,Europe,Basic,3467.27,34,14
INST_00048,0.39029774766616937,0,Medium Risk,Credit Union,North America,Professional,1692.22,10,7
INST_03687,0.3897808259630848,0,Medium Risk,Credit Union,North America,Enterprise,2822.0,3,1
INST_00121,0.3894007679386426,0,Medium Risk,Payment Processor,Latin America,Basic,23735.26,1,1
INST_02640,0.38881155045084287,0,Medium Risk,Bank,Europe,Professional,21358.34,7,5
INST_03574,0.38835763758897807,0,Medium Risk,Payment Processor,Latin America,Professional,50396.14,4,4
INST_01750,0.3882696569373749,0,Medium Risk,Credit Union,North America,Professional,869.33,39,8
INST_04051,0.3880916360155639,0,Medium Risk,Investment Firm,Europe,Professional,1200.2,1,19
INST_00314,0.3870999509212444,0,Medium Risk,Insurance Company,Europe,Professional,2231.41,4,4
INST_00812,0.38675493386352455,0,Medium Risk,Bank,Asia Pacific,Basic,6330.95,22,4
INST_04020,0.38675466303946876,0,Medium Risk,Credit Union,North America,Enterprise,1602.08,2,4
INST_00564,0.38660526887145324,0,Medium Risk,Credit Union,Latin America,Basic,2783.69,7,3
INST_03522,0.38569338062129893,0,Medium Risk,Bank,North America,Basic,14869.73,14,8
INST_02081,0.3855958487006623,0,Medium Risk,Bank,Asia Pacific,Professional,1042.1,24,0
INST_00536,0.38531686205087445,0,Medium Risk,Insurance Company,North America,Professional,1176.62,8,42
INST_01500,0.38509502234876986,0,Medium Risk,Credit Union,North America,Professional,1311.3,8,5
INST_02172,0.38506377849950063,0,Medium Risk,Bank,North America,Basic,5591.71,1,3
INST_02434,0.3846427161358871,0,Medium Risk,Payment Processor,North America,Basic,6574.09,2,5
INST_04651,0.3845954646662059,0,Medium Risk,Insurance Company,North America,Professional,983.6,15,15
INST_00929,0.3836881083273008,0,Medium Risk,Bank,Latin America,Enterprise,44978.82,11,1
INST_02921,0.3833556596040143,0,Medium Risk,Insurance Company,Asia Pacific,Basic,38578.48,67,0
INST_02598,0.38330584112301935,0,Medium Risk,Bank,Middle East,Professional,2037.51,43,4
INST_00951,0.38321236957591753,0,Medium Risk,Investment Firm,North America,Professional,500.0,2,3
INST_01471,0.3824863828312043,0,Medium Risk,Insurance Company,Asia Pacific,Basic,770.6,20,9
INST_01252,0.3824120966532327,0,Medium Risk,Bank,North America,Enterprise,9163.44,2,7
INST_03903,0.382386393868226,0,Medium Risk,Bank,Asia Pacific,Enterprise,1924.25,15,0
INST_00819,0.3820869180428932,0,Medium Risk,Bank,Europe,Professional,15126.74,5,0
INST_04389,0.381909559657225,0,Medium Risk,Bank,Europe,Professional,2154.77,14,8
INST_00005,0.3805811895828779,0,Medium Risk,Bank,North America,Enterprise,921.59,5,14
INST_01212,0.38057116349018405,0,Medium Risk,Bank,Europe,Professional,9987.81,16,6
INST_03762,0.3795727488369498,0,Medium Risk,Credit Union,Europe,Basic,25684.65,13,8
INST_03011,0.37941943951289564,0,Medium Risk,Bank,Europe,Professional,922.76,112,3
INST_01156,0.3786965096860213,0,Medium Risk,Bank,Asia Pacific,Enterprise,5945.04,8,4
INST_02936,0.3784473719644304,0,Medium Risk,Insurance Company,Europe,Professional,1585.23,25,0
INST_04887,0.3784196137210021,0,Medium Risk,Investment Firm,Asia Pacific,Basic,500.0,33,3
INST_04669,0.37814715294207524,0,Medium Risk,Investment Firm,Asia Pacific,Professional,7164.46,45,0
INST_02138,0.3780804887855463,0,Medium Risk,Bank,Asia Pacific,Basic,14297.4,38,20
INST_00766,0.37776872773296843,0,Medium Risk,Insurance Company,North America,Professional,66136.95,23,8
INST_02052,0.37718096468307116,0,Medium Risk,Bank,Latin America,Professional,6682.82,5,4
INST_03316,0.3771764376075318,0,Medium Risk,Credit Union,Latin America,Basic,1533.63,1,21
INST_04589,0.37713623727285267,0,Medium Risk,Insurance Company,Asia Pacific,Basic,1152.95,33,2
INST_04868,0.37705968660773187,0,Medium Risk,Investment Firm,Latin America,Basic,500.0,25,4
INST_04873,0.37701133253163555,0,Medium Risk,Bank,North America,Professional,500.0,13,5
INST_02783,0.3768079784280464,0,Medium Risk,Insurance Company,North America,Basic,3297.29,1,3
INST_00714,0.37673078929099996,0,Medium Risk,Bank,Asia Pacific,Enterprise,7669.27,1,10
INST_03849,0.37637014499392796,0,Medium Risk,Bank,North America,Basic,704.46,27,4
INST_03530,0.37590079599329024,0,Medium Risk,Bank,Latin America,Enterprise,71730.41,1,10
INST_04915,0.3758831789219547,0,Medium Risk,Payment Processor,Latin America,Basic,500.0,44,4
INST_02128,0.3758718620182273,0,Medium Risk,Payment Processor,North America,Professional,785.16,12,9
INST_00910,0.3755769340522376,0,Medium Risk,Investment Firm,Europe,Basic,3869.73,64,9
INST_01493,0.3752413870465594,0,Medium Risk,Bank,North America,Professional,2873.52,9,24
INST_04367,0.375018632107549,0,Medium Risk,Credit Union,Asia Pacific,Professional,20658.31,1,6
INST_00275,0.3749422921766453,0,Medium Risk,Credit Union,North America,Professional,3406.16,15,18
INST_00102,0.3744342342272748,0,Medium Risk,Bank,Europe,Enterprise,8515.36,4,3
INST_00099,0.373887040988199,0,Medium Risk,Bank,North America,Basic,55566.85,1,1
INST_04847,0.3735204684284998,0,Medium Risk,Bank,North America,Enterprise,5018.44,1,22
INST_03571,0.37351265791747373,0,Medium Risk,Credit Union,North America,Basic,500.0,9,23
INST_03807,0.3732931224860115,0,Medium Risk,Bank,Asia Pacific,Basic,5121.71,7,2
INST_02059,0.37284126792623545,0,Medium Risk,Credit Union,Latin America,Professional,161419.5,1,7
INST_02943,0.37279267401415844,0,Medium Risk,Insurance Company,North America,Professional,13301.71,20,0
INST_00473,0.37275403873358554,0,Medium Risk,Payment Processor,Asia Pacific,Basic,29144.0,1,0
INST_04291,0.3727236630153432,0,Medium Risk,Bank,Europe,Basic,500.0,120,5
INST_00954,0.3726345767521525,0,Medium Risk,Credit Union,North America,Enterprise,3173.49,3,3
INST_03395,0.3724291080609076,0,Medium Risk,Payment Processor,Asia Pacific,Basic,17811.1,22,3
INST_03741,0.3715650379084533,0,Medium Risk,Insurance Company,Europe,Basic,7823.81,9,4
INST_02836,0.37032607445705457,0,Medium Risk,Payment Processor,Europe,Enterprise,500.0,1,0
INST_02747,0.36978342653829943,0,Medium Risk,Bank,Asia Pacific,Professional,15035.82,7,1
INST_02118,0.3696209791806482,0,Medium Risk,Bank,Asia Pacific,Professional,6136.72,18,3
INST_00089,0.3696116406899522,0,Medium Risk,Credit Union,North America,Basic,2578.43,10,13
INST_04287,0.3690559369834421,0,Medium Risk,Investment Firm,Asia Pacific,Enterprise,4929.86,6,0
INST_03678,0.3688988500925149,0,Medium Risk,Insurance Company,Europe,Professional,20982.98,27,6
INST_04728,0.36854261901654417,0,Medium Risk,Insurance Company,North America,Enterprise,1240.78,35,4
INST_03061,0.3683436003869281,0,Medium Risk,Bank,North America,Basic,545.04,53,7
INST_02922,0.3676091211524688,0,Medium Risk,Insurance Company,North America,Professional,800.86,19,3
INST_00387,0.36752566229526684,0,Medium Risk,Bank,Middle East,Enterprise,2666.4,6,3
INST_04480,0.3674504995455435,0,Medium Risk,Bank,North America,Basic,1432.48,9,5
INST_00080,0.367372392464462,0,Medium Risk,Payment Processor,North America,Professional,18712.51,26,12
INST_02314,0.3669984433506363,0,Medium Risk,Payment Processor,North America,Professional,3091.41,17,8
INST_00725,0.36666320811480607,0,Medium Risk,Insurance Company,Europe,Professional,30089.1,1,17
INST_03619,0.3666009672170877,0,Medium Risk,Bank,North America,Basic,2205.89,5,6
INST_03934,0.36636136717277706,0,Medium Risk,Bank,Europe,Professional,3301.62,5,5
INST_04147,0.3662706431870806,0,Medium Risk,Credit Union,Europe,Basic,10686.24,53,1
INST_01804,0.3660121757290669,0,Medium Risk,Bank,Europe,Enterprise,17064.01,51,9
INST_00847,0.36594098882555115,0,Medium Risk,Payment Processor,Asia Pacific,Enterprise,947.27,35,5
INST_03816,0.3658266903993267,0,Medium Risk,Credit Union,Europe,Basic,2638.94,7,4
INST_02388,0.3654708295177362,0,Medium Risk,Insurance Company,North America,Enterprise,11963.46,36,1
INST_00529,0.36532103108215075,0,Medium Risk,Payment Processor,North America,Basic,500.0,17,15
INST_02592,0.36510210239623214,0,Medium Risk,Investment Firm,Asia Pacific,Professional,1796.51,6,6
INST_01280,0.36485776605991715,0,Medium Risk,Investment Firm,Asia Pacific,Basic,991.3,8,0
INST_04484,0.36484658542026493,0,Medium Risk,Bank,Latin America,Basic,3298.51,6,1
INST_03089,0.364675956151787,0,Medium Risk,Bank,Latin America,Professional,5399.55,2,2
INST_04967,0.3640036896696981,0,Medium Risk,Insurance Company,North America,Professional,54304.81,7,1
INST_02017,0.363889521974055,0,Medium Risk,Payment Processor,North America,Enterprise,4781.94,2,28
INST_03148,0.3632582297644501,0,Medium Risk,Insurance Company,North America,Professional,9737.33,23,1
INST_03924,0.36321405308614163,0,Medium Risk,Payment Processor,North America,Professional,3128.89,6,1
INST_03394,0.36285420317332673,0,Medium Risk,Payment Processor,Asia Pacific,Basic,5922.36,2,0
INST_03239,0.36265939831938027,0,Medium Risk,Investment Firm,North America,Enterprise,34623.92,9,0
INST_03879,0.3626544648711916,0,Medium Risk,Bank,North America,Enterprise,29098.12,2,5
INST_00270,0.36256211542709393,0,Medium Risk,Insurance Company,North America,Professional,3658.17,1,1
INST_04774,0.3624782923878861,0,Medium Risk,Bank,Asia Pacific,Enterprise,2053.25,29,16
INST_04511,0.3624572005503519,0,Medium Risk,Credit Union,Europe,Professional,6072.06,7,1
INST_00066,0.36215092619425976,0,Medium Risk,Bank,Europe,Professional,8154.16,1,0
INST_01214,0.3619590995580625,0,Medium Risk,Investment Firm,Asia Pacific,Enterprise,772.41,9,2
INST_04617,0.36169089935903137,0,Medium Risk,Payment Processor,Latin America,Professional,1157.38,8,0
INST_00052,0.36161926893825425,0,Medium Risk,Payment Processor,North America,Enterprise,18338.18,2,3
INST_01469,0.36161354298956433,0,Medium Risk,Insurance Company,Asia Pacific,Enterprise,3089.01,6,18
INST_01391,0.3614914928125366,0,Medium Risk,Bank,Europe,Basic,500.0,8,8
INST_00552,0.3614380672076314,0,Medium Risk,Investment Firm,Latin America,Professional,2976.81,2,3
INST_00087,0.36131544486732353,0,Medium Risk,Investment Firm,North America,Professional,5307.25,3,8
INST_02116,0.36115024410837476,0,Medium Risk,Credit Union,Asia Pacific,Professional,1744.08,2,13
INST_01913,0.3606961273429753,0,Medium Risk,Credit Union,North America,Enterprise,615.46,5,1
INST_02841,0.36062305257755334,0,Medium Risk,Insurance Company,Europe,Professional,6138.51,1,4
INST_01372,0.3603376700318337,0,Medium Risk,Payment Processor,Latin America,Professional,2624.36,12,0
INST_02037,0.3601488596461855,0,Medium Risk,Bank,Europe,Enterprise,5258.79,3,7
INST_04904,0.3600731421542307,0,Medium Risk,Payment Processor,Latin America,Professional,4678.62,2,2
INST_03667,0.358977647205932,0,Medium Risk,Bank,North America,Basic,21351.86,120,9
INST_03581,0.35886308204998474,0,Medium Risk,Insurance Company,Asia Pacific,Basic,4036.79,28,1
INST_04330,0.3583740327287844,0,Medium Risk,Bank,Asia Pacific,Basic,5904.71,2,2
INST_04994,0.3581174508395485,0,Medium Risk,Bank,North America,Professional,8169.1,55,6
INST_01772,0.3579440650440038,0,Medium Risk,Payment Processor,Europe,Basic,4973.49,25,4
INST_03056,0.35746431640147686,0,Medium Risk,Investment Firm,North America,Basic,1523.22,52,0
INST_04850,0.35708903003889764,0,Medium Risk,Payment Processor,Europe,Enterprise,3446.47,11,0
INST_04579,0.35667413098892253,0,Medium Risk,Investment Firm,North America,Basic,19149.7,6,10
INST_03584,0.3560290780869645,0,Medium Risk,Credit Union,Europe,Basic,939.93,34,2
INST_00781,0.35558043257537464,0,Medium Risk,Credit Union,Europe,Professional,20838.22,27,7
INST_04545,0.3546885072839986,0,Medium Risk,Insurance Company,North America,Professional,15635.41,5,3
INST_04721,0.3544447182625601,0,Medium Risk,Bank,Europe,Basic,936.92,7,6
INST_04306,0.3539859613651397,0,Medium Risk,Credit Union,North America,Basic,30103.19,9,5
INST_04455,0.35325214373654956,0,Medium Risk,Bank,North America,Professional,23581.98,6,9
INST_04313,0.35296921362070244,0,Medium Risk,Payment Processor,North America,Professional,7578.81,9,8
INST_02203,0.3521861178084372,0,Medium Risk,Bank,North America,Professional,1532.73,11,5
INST_00565,0.35212765748109504,0,Medium Risk,Investment Firm,North America,Professional,972.78,6,0
INST_03718,0.3519144418829571,0,Medium Risk,Credit Union,Latin America,Professional,9024.18,6,23
INST_04120,0.35191241704134657,0,Medium Risk,Bank,Latin America,Professional,14811.67,3,1
INST_04807,0.3516316841356513,0,Medium Risk,Payment Processor,Europe,Enterprise,3449.18,1,19
INST_04399,0.3512650581761184,0,Medium Risk,Bank,North America,Basic,790.81,11,3
INST_00688,0.3511348080216054,0,Medium Risk,Insurance Company,North America,Professional,2845.72,6,11
INST_02651,0.3509848326687843,0,Medium Risk,Credit Union,North America,Basic,10888.95,6,2
INST_03685,0.3506542501866733,0,Medium Risk,Investment Firm,Europe,Basic,4019.4,2,0
INST_03611,0.35041372667503906,0,Medium Risk,Bank,Latin America,Enterprise,5590.71,5,1
INST_01977,0.35032827976156944,0,Medium Risk,Credit Union,Asia Pacific,Enterprise,1546.61,56,54
INST_04534,0.3502993091077762,0,Medium Risk,Investment Firm,Europe,Professional,872.16,1,17
INST_00653,0.35025177883871256,0,Medium Risk,Insurance Company,North America,Professional,6172.53,6,0
INST_01696,0.3500566161906181,0,Medium Risk,Bank,Asia Pacific,Professional,500.0,27,5
INST_01369,0.34969245936419646,0,Medium Risk,Bank,Asia Pacific,Enterprise,2488.29,1,4
INST_04689,0.3493230171974239,0,Medium Risk,Payment Processor,Asia Pacific,Professional,1483.94,11,7
INST_00030,0.348754407049153,0,Medium Risk,Investment Firm,North America,Basic,1284.21,24,5
INST_03533,0.34832641683077276,0,Medium Risk,Bank,Asia Pacific,Professional,1430.39,9,10
INST_04002,0.3466452063094726,0,Medium Risk,Insurance Company,Asia Pacific,Professional,5153.63,1,5
INST_00944,0.34639154158633995,0,Medium Risk,Bank,Middle East,Professional,7326.96,7,8
INST_02148,0.34638443472554864,0,Medium Risk,Credit Union,Europe,Basic,7974.88,11,2
INST_00081,0.3462669228874036,0,Medium Risk,Investment Firm,North America,Professional,57426.67,15,5
INST_01005,0.3450144616514658,0,Medium Risk,Investment Firm,Middle East,Enterprise,31446.39,6,0
INST_02325,0.34496411462096793,0,Medium Risk,Payment Processor,North America,Professional,1051.99,39,4
INST_00013,0.3449537607008356,0,Medium Risk,Bank,Europe,Professional,9543.13,15,4
INST_01466,0.34482743784184927,0,Medium Risk,Payment Processor,Europe,Basic,5047.44,15,14
INST_03704,0.34395368316596064,0,Medium Risk,Payment Processor,North America,Professional,1513.37,1,7
INST_01646,0.3438996355420767,0,Medium Risk,Bank,Latin America,Professional,1446.69,70,9
INST_01393,0.34364494185263916,0,Medium Risk,Credit Union,Asia Pacific,Professional,7333.57,4,6
INST_02527,0.34344978704685203,0,Medium Risk,Payment Processor,Europe,Basic,500.0,56,11
INST_04933,0.34338917933620566,0,Medium Risk,Credit Union,North America,Professional,23175.87,32,5
INST_03140,0.34301324303934727,0,Medium Risk,Credit Union,North America,Enterprise,1318.78,10,1
INST_01323,0.34272775232747255,0,Medium Risk,Bank,North America,Basic,10425.39,35,12
INST_01334,0.34226454648866667,0,Medium Risk,Payment Processor,North America,Basic,1464.01,24,3
INST_01869,0.3418950131215018,0,Medium Risk,Insurance Company,Middle East,Professional,1454.61,26,6
INST_04359,0.34151929491335165,0,Medium Risk,Bank,Asia Pacific,Enterprise,6238.53,2,1
INST_03002,0.3401913847988209,0,Medium Risk,Bank,North America,Enterprise,1779.09,15,11
INST_01543,0.3401776173448299,0,Medium Risk,Bank,North America,Professional,500.0,18,18
INST_02762,0.3401182360632239,0,Medium Risk,Investment Firm,North America,Professional,1038.51,10,4
INST_03852,0.3398001806714281,0,Medium Risk,Investment Firm,North America,Enterprise,242272.18,3,1
INST_01139,0.33937960529533906,0,Medium Risk,Investment Firm,Asia Pacific,Enterprise,11423.68,2,0
INST_00772,0.33922760627113424,0,Medium Risk,Bank,North America,Professional,1702.27,6,0
INST_00984,0.33914602689116785,0,Medium Risk,Insurance Company,North America,Basic,602.82,17,23
INST_03445,0.3384836324149953,0,Medium Risk,Investment Firm,Asia Pacific,Enterprise,1179.8,3,8
INST_00764,0.33817072645095153,0,Medium Risk,Bank,Latin America,Professional,3198.21,3,6
INST_00876,0.33799019877068565,0,Medium Risk,Insurance Company,Latin America,Professional,1815.56,4,29
INST_01798,0.33795021581609874,0,Medium Risk,Bank,North America,Basic,1828.91,1,14
INST_03262,0.33779726755129635,0,Medium Risk,Credit Union,Asia Pacific,Professional,3376.43,2,4
INST_04249,0.33778767317986513,0,Medium Risk,Payment Processor,North America,Enterprise,2057.57,22,0
INST_01857,0.3376649320564226,0,Medium Risk,Credit Union,North America,Professional,4801.89,1,2
INST_01317,0.3374732216262346,0,Medium Risk,Insurance Company,Europe,Professional,9443.24,31,5
INST_02578,0.33744662380305795,0,Medium Risk,Credit Union,Latin America,Professional,3628.63,1,11
INST_01175,0.33664104467229494,0,Medium Risk,Credit Union,Europe,Professional,1286.77,7,7
INST_04459,0.3365955208424103,0,Medium Risk,Credit Union,North America,Professional,93993.69,2,4
INST_03358,0.3365004297300978,0,Medium Risk,Insurance Company,North America,Enterprise,24866.65,4,3
INST_04875,0.3358160748891764,0,Medium Risk,Investment Firm,North America,Professional,12399.73,4,5
INST_00193,0.33574037631079834,0,Medium Risk,Investment Firm,Latin America,Enterprise,500.0,6,2
INST_03145,0.33559405975210166,0,Medium Risk,Credit Union,North America,Professional,2775.62,11,25
INST_00860,0.33528383286390245,0,Medium Risk,Insurance Company,Europe,Enterprise,3901.47,2,1
INST_01572,0.33518488520208195,0,Medium Risk,Insurance Company,North America,Basic,771.7,54,2
INST_02198,0.3344424926239131,0,Medium Risk,Credit Union,Latin America,Basic,2749.83,2,15
INST_00106,0.3343301974157908,0,Medium Risk,Credit Union,North America,Basic,26468.8,1,1
INST_00571,0.3341378331324727,0,Medium Risk,Insurance Company,North America,Enterprise,12955.43,20,2
INST_04325,0.33403754481532244,0,Medium Risk,Payment Processor,Latin America,Enterprise,2759.11,69,9
INST_00302,0.33376979141763186,0,Medium Risk,Credit Union,Asia Pacific,Basic,18514.8,6,1
INST_01306,0.33358620241503134,0,Medium Risk,Insurance Company,North America,Enterprise,19247.1,8,1
INST_01373,0.33341290698585113,0,Medium Risk,Credit Union,Latin America,Professional,500.0,13,3
INST_02911,0.3331919671850767,0,Medium Risk,Bank,Europe,Enterprise,7960.26,1,12
INST_03185,0.3329138873391887,0,Medium Risk,Credit Union,North America,Enterprise,3384.02,2,13
INST_02556,0.3328015684132236,0,Medium Risk,Credit Union,North America,Professional,500.0,10,4
INST_04123,0.33264632734481103,0,Medium Risk,Payment Processor,Latin America,Professional,587.6,93,11
INST_03266,0.33226897841607267,0,Medium Risk,Credit Union,Asia Pacific,Basic,2657.99,25,19
INST_04930,0.33195870548095013,0,Medium Risk,Credit Union,Asia Pacific,Basic,1739.22,7,0
INST_00158,0.331216584054976,0,Medium Risk,Bank,Europe,Enterprise,167779.83,7,2
INST_04013,0.3311524698670049,0,Medium Risk,Bank,North America,Professional,2020.76,1,24
INST_03236,0.3310870519206216,0,Medium Risk,Bank,Asia Pacific,Basic,2039.03,8,0
INST_03998,0.33090747303166224,0,Medium Risk,Credit Union,North America,Professional,9023.32,11,1
INST_02745,0.3308439249519066,0,Medium Risk,Insurance Company,Europe,Basic,13521.2,1,1
INST_02620,0.33060597467775255,0,Medium Risk,Insurance Company,Latin America,Professional,9767.01,1,19
INST_01698,0.33048090251125617,0,Medium Risk,Payment Processor,Asia Pacific,Enterprise,6753.6,26,2
INST_03988,0.3304377318459478,0,Medium Risk,Bank,Asia Pacific,Basic,2762.97,13,6
INST_03392,0.33005320500911856,0,Medium Risk,Payment Processor,Middle East,Basic,7464.31,6,7
INST_00461,0.3296610125442173,0,Medium Risk,Investment Firm,North America,Professional,500.0,40,2
INST_03232,0.3296177043179427,0,Medium Risk,Bank,Asia Pacific,Enterprise,1054.02,32,7
INST_00581,0.3296047470559844,0,Medium Risk,Payment Processor,North America,Enterprise,683.55,12,2
INST_04146,0.32950365613681853,0,Medium Risk,Bank,North America,Professional,42356.32,8,4
INST_02197,0.3293802051606594,0,Medium Risk,Payment Processor,Asia Pacific,Basic,500.0,18,1
INST_04178,0.3292114013877335,0,Medium Risk,Bank,Europe,Basic,2668.58,30,7
INST_04185,0.32900082702554573,0,Medium Risk,Investment Firm,Asia Pacific,Professional,7211.37,36,1
INST_00963,0.32839292135660725,0,Medium Risk,Credit Union,Asia Pacific,Professional,1454.93,7,1
INST_04468,0.3279980527011592,0,Medium Risk,Payment Processor,Europe,Professional,656.78,12,2
INST_01816,0.32759568370371944,0,Medium Risk,Bank,North America,Professional,12836.09,9,5
INST_02328,0.32745173491147206,0,Medium Risk,Investment Firm,North America,Enterprise,62185.25,37,22
INST_04181,0.3272537246773258,0,Medium Risk,Investment Firm,Europe,Professional,21482.23,7,3
INST_00085,0.32714098418270454,0,Medium Risk,Bank,Europe,Professional,1023.77,2,0
INST_03863,0.3269684175388935,0,Medium Risk,Bank,Europe,Enterprise,2928.79,3,8
INST_01909,0.32675289697456833,0,Medium Risk,Bank,Europe,Basic,533.9,1,4
INST_01213,0.3266047395827616,0,Medium Risk,Insurance Company,North America,Basic,1524.58,13,6
INST_01140,0.3264693537929933,0,Medium Risk,Insurance Company,Europe,Professional,15269.96,14,1
INST_04280,0.3262637023833686,0,Medium Risk,Bank,Europe,Enterprise,18204.7,12,0
INST_04939,0.32595594176031534,0,Medium Risk,Insurance Company,Asia Pacific,Professional,1328.58,4,1
INST_01792,0.32594266085704726,0,Medium Risk,Credit Union,North America,Enterprise,6956.78,83,7
INST_01010,0.32582934969566013,0,Medium Risk,Bank,Asia Pacific,Professional,6826.21,1,25
INST_04103,0.325143849087734,0,Medium Risk,Bank,Asia Pacific,Professional,11784.21,10,2
INST_00596,0.3249639060602067,0,Medium Risk,Investment Firm,North America,Professional,41118.51,3,10
INST_04234,0.32462679287330976,0,Medium Risk,Bank,Asia Pacific,Enterprise,500.0,31,9
INST_02717,0.324376202044219,0,Medium Risk,Payment Processor,Latin America,Professional,5509.55,9,10
INST_02715,0.32417240445685247,0,Medium Risk,Bank,Middle East,Basic,7058.97,10,0
INST_03077,0.32403936228813973,0,Medium Risk,Bank,Europe,Professional,7772.23,11,4
INST_04778,0.3239174869726693,0,Medium Risk,Bank,North America,Professional,4249.4,9,1
INST_03018,0.32387569334649524,0,Medium Risk,Bank,Europe,Professional,3367.61,9,8
INST_04297,0.32377994614909517,0,Medium Risk,Bank,Asia Pacific,Basic,45358.92,20,7
INST_04823,0.32306043582168437,0,Medium Risk,Credit Union,North America,Basic,3437.3,17,6
INST_02863,0.3229615349338955,0,Medium Risk,Investment Firm,Europe,Professional,7503.87,3,8
INST_04375,0.3228446254203148,0,Medium Risk,Credit Union,North America,Enterprise,768.18,18,42
INST_03255,0.3228135525009793,0,Medium Risk,Bank,Latin America,Basic,7469.26,2,10
INST_02956,0.322792945618736,0,Medium Risk,Insurance Company,Asia Pacific,Enterprise,2641.8,9,8
INST_00177,0.32270910490234683,0,Medium Risk,Credit Union,North America,Professional,2039.01,8,0
INST_02749,0.32268145948112553,0,Medium Risk,Investment Firm,Asia Pacific,Professional,744.7,11,9
INST_02945,0.3225448257525877,0,Medium Risk,Bank,North America,Professional,2698.96,8,2
INST_04129,0.32239960040023535,0,Medium Risk,Bank,Middle East,Basic,500.0,8,1
INST_02422,0.3223223161612777,0,Medium Risk,Insurance Company,North America,Basic,2854.83,8,4
INST_03812,0.3222608426669132,0,Medium Risk,Bank,Asia Pacific,Professional,16014.36,6,2
INST_00367,0.32224845998476986,0,Medium Risk,Payment Processor,North America,Professional,2276.7,14,14
INST_00534,0.32196274492061827,0,Medium Risk,Insurance Company,North America,Professional,4924.21,7,3
INST_02996,0.32179512888785317,0,Medium Risk,Bank,North America,Professional,3121.76,34,18
INST_03327,0.32179488985456595,0,Medium Risk,Credit Union,Latin America,Basic,45868.16,4,23
INST_00957,0.321774616014416,0,Medium Risk,Bank,North America,Professional,8923.71,15,17
INST_04622,0.32160741960002803,0,Medium Risk,Bank,North America,Professional,1230.88,8,5
INST_02408,0.3215000341621975,0,Medium Risk,Payment Processor,North America,Enterprise,13257.41,2,17
INST_03866,0.3212649557485124,0,Medium Risk,Credit Union,Europe,Professional,7464.61,6,1
INST_01640,0.32068588101120193,0,Medium Risk,Credit Union,Asia Pacific,Enterprise,500.0,25,6
INST_02016,0.3206149997776292,0,Medium Risk,Bank,North America,Basic,3382.84,9,0
INST_01931,0.3203373499611506,0,Medium Risk,Investment Firm,North America,Professional,1090.2,9,1
INST_04077,0.32014385054004385,0,Medium Risk,Bank,Asia Pacific,Basic,19898.99,2,2
INST_04924,0.32014271467445143,0,Medium Risk,Bank,Europe,Professional,10316.91,1,0
INST_00810,0.32013951680813113,0,Medium Risk,Payment Processor,North America,Professional,4258.12,2,0
INST_02152,0.3201168368780709,0,Medium Risk,Insurance Company,Middle East,Basic,500.0,120,0
INST_02539,0.3200398238779944,0,Medium Risk,Insurance Company,North America,Basic,521.95,10,13
INST_01160,0.3198430709627587,0,Medium Risk,Insurance Company,North America,Basic,45334.63,18,3
INST_00429,0.31969440548879774,0,Medium Risk,Bank,Asia Pacific,Enterprise,928.59,8,7
INST_02655,0.31967676736041656,0,Medium Risk,Credit Union,Asia Pacific,Basic,1347.34,29,0
INST_04156,0.31960552397246567,0,Medium Risk,Credit Union,Latin America,Enterprise,18460.45,8,5
INST_04954,0.3193801647211889,0,Medium Risk,Credit Union,North America,Professional,12069.5,3,0
INST_03969,0.31931459878311064,0,Medium Risk,Credit Union,North America,Professional,1165.8,15,20
INST_01274,0.31912695486560566,0,Medium Risk,Credit Union,Europe,Basic,613.69,37,29
INST_01917,0.31889971398405,0,Medium Risk,Investment Firm,Latin America,Enterprise,2684.38,9,2
INST_03724,0.3188777791725684,0,Medium Risk,Credit Union,Latin America,Enterprise,47095.76,1,14
INST_03286,0.31870026239080185,0,Medium Risk,Credit Union,Europe,Enterprise,1189.45,1,2
INST_04594,0.3186718784463541,0,Medium Risk,Credit Union,North America,Professional,35916.24,9,1
INST_03980,0.31823239008579707,0,Medium Risk,Insurance Company,Asia Pacific,Basic,834.88,48,25
INST_02512,0.3180357422361361,0,Medium Risk,Credit Union,North America,Basic,2974.63,1,9
INST_01413,0.31786369120505953,0,Medium Risk,Bank,North America,Basic,7597.72,36,12
INST_01608,0.3176821920317061,0,Medium Risk,Bank,Latin America,Basic,9197.94,5,0
INST_02958,0.3176729089966743,0,Medium Risk,Bank,North America,Professional,86144.21,1,0
INST_03086,0.31760600470145484,0,Medium Risk,Credit Union,Middle East,Professional,2235.62,11,7
INST_02106,0.31731183001703256,0,Medium Risk,Payment Processor,North America,Professional,2771.49,31,7
INST_04769,0.31694580313142745,0,Medium Risk,Bank,North America,Basic,28840.24,10,0
INST_02679,0.31690112407469245,0,Medium Risk,Credit Union,North America,Basic,30148.25,7,2
INST_01616,0.31682063124641446,0,Medium Risk,Payment Processor,North America,Professional,1745.71,4,0
INST_04337,0.3166458869453861,0,Medium Risk,Payment Processor,Middle East,Enterprise,500.0,24,3
INST_00689,0.3165704602148518,0,Medium Risk,Bank,Europe,Basic,1681.0,56,14
INST_04923,0.3163397988686852,0,Medium Risk,Payment Processor,Europe,Professional,2295.51,31,3
INST_00738,0.316216602174108,0,Medium Risk,Credit Union,North America,Basic,3833.97,9,4
INST_04686,0.31589235249740805,0,Medium Risk,Bank,North America,Professional,8119.52,14,4
INST_00786,0.31588372357868044,0,Medium Risk,Investment Firm,North America,Basic,2560.9,6,1
INST_03870,0.3157610405104964,0,Medium Risk,Credit Union,Latin America,Professional,28016.58,1,0
INST_01742,0.31567002627508106,0,Medium Risk,Insurance Company,Europe,Professional,2841.97,37,29
INST_01082,0.3149707638413359,0,Medium Risk,Credit Union,North America,Professional,7166.21,6,4
INST_00735,0.3149482699343675,0,Medium Risk,Payment Processor,Asia Pacific,Basic,27575.22,10,5
INST_00264,0.31488788978878623,0,Medium Risk,Payment Processor,Middle East,Enterprise,500.0,24,8
INST_02398,0.3148082384908173,0,Medium Risk,Investment Firm,Asia Pacific,Professional,3211.2,4,12
INST_00553,0.31455472855548416,0,Medium Risk,Investment Firm,Europe,Professional,1308.43,1,9
INST_01625,0.3144546828291319,0,Medium Risk,Investment Firm,North America,Basic,41216.34,20,5
INST_02133,0.3144106188224358,0,Medium Risk,Credit Union,North America,Basic,651.23,6,11
INST_01854,0.3143175543596347,0,Medium Risk,Payment Processor,North America,Professional,774.99,29,21
INST_01216,0.31424537957161114,0,Medium Risk,Bank,North America,Professional,4565.05,3,1
INST_02245,0.31408616059833677,0,Medium Risk,Credit Union,North America,Basic,17558.1,22,3
INST_03174,0.31389849997371166,0,Medium Risk,Bank,Europe,Basic,6540.2,51,4
INST_00798,0.3138302292557681,0,Medium Risk,Investment Firm,Middle East,Professional,2434.72,3,3
INST_04279,0.3136316064293303,0,Medium Risk,Credit Union,North America,Professional,3305.77,12,3
INST_03865,0.3135105720666999,0,Medium Risk,Credit Union,Asia Pacific,Professional,16659.47,4,0
INST_03893,0.3134821908933838,0,Medium Risk,Credit Union,Europe,Enterprise,1964.34,18,17
INST_01295,0.3132296834581243,0,Medium Risk,Bank,Latin America,Basic,16679.87,9,10
INST_02045,0.31315474033263974,0,Medium Risk,Insurance Company,North America,Basic,19906.15,20,6
INST_00487,0.3131008484921259,0,Medium Risk,Bank,Asia Pacific,Enterprise,5814.02,1,6
INST_04979,0.31274797243961366,0,Medium Risk,Bank,Europe,Professional,2048.75,14,7
INST_00508,0.3124563567315918,0,Medium Risk,Payment Processor,North America,Professional,500.0,15,3
INST_03193,0.31223295928321965,0,Medium Risk,Bank,North America,Professional,24628.35,6,4
INST_04134,0.31218762274530293,0,Medium Risk,Investment Firm,Asia Pacific,Professional,24647.8,8,3
INST_04968,0.3119444767560187,0,Medium Risk,Payment Processor,Asia Pacific,Professional,1022.08,23,1
INST_02120,0.31187813286717103,0,Medium Risk,Insurance Company,Latin America,Professional,500.0,6,10
INST_03529,0.31183250438355287,0,Medium Risk,Credit Union,Europe,Basic,1469.92,26,6
INST_00825,0.31169620471279474,0,Medium Risk,Payment Processor,North America,Professional,4082.45,7,0
INST_02163,0.3113829948831767,0,Medium Risk,Insurance Company,Asia Pacific,Basic,500.0,59,17
INST_01533,0.31137530147226467,0,Medium Risk,Bank,North America,Basic,3530.4,4,0
INST_03155,0.31104602636796264,0,Medium Risk,Investment Firm,North America,Basic,3026.99,13,1
INST_02891,0.3106865299100589,0,Medium Risk,Investment Firm,Europe,Professional,2684.72,28,0
INST_01976,0.3105868547629819,0,Medium Risk,Bank,Asia Pacific,Professional,10304.47,6,4
INST_01649,0.31044522080797116,0,Medium Risk,Insurance Company,Latin America,Enterprise,2345.6,9,4
INST_03607,0.3103740214556394,0,Medium Risk,Bank,North America,Professional,3799.1,4,11
INST_01806,0.3103114210209684,0,Medium Risk,Investment Firm,Asia Pacific,Professional,711.23,13,4
INST_04245,0.31016029340539614,0,Medium Risk,Payment Processor,Latin America,Basic,21197.41,120,28
INST_02391,0.3100494604381684,0,Medium Risk,Bank,North America,Enterprise,538.86,48,7
INST_04767,0.3099472750704712,0,Medium Risk,Bank,Asia Pacific,Enterprise,2088.83,2,2
INST_02412,0.30954340436628996,0,Medium Risk,Credit Union,North America,Basic,4029.48,4,1
INST_02241,0.3095323741881236,0,Medium Risk,Bank,Latin America,Basic,1414.83,18,42
INST_00409,0.30886740450885347,0,Medium Risk,Bank,Europe,Basic,4226.85,8,4
INST_03435,0.3083101689009014,0,Medium Risk,Credit Union,North America,Enterprise,7731.34,1,2
INST_00463,0.30829886315607313,0,Medium Risk,Investment Firm,North America,Enterprise,2259.96,8,0
INST_04095,0.30825564560386526,0,Medium Risk,Credit Union,Latin America,Professional,4596.41,7,9
INST_00173,0.3080437142246698,0,Medium Risk,Bank,North America,Basic,3880.22,8,4
INST_02437,0.30755169928150117,0,Medium Risk,Bank,North America,Professional,16450.47,22,4
INST_01275,0.3069985768676483,0,Medium Risk,Bank,Asia Pacific,Professional,500.0,4,1
INST_00661,0.3067693892961142,0,Medium Risk,Payment Processor,North America,Basic,31572.52,2,28
INST_02790,0.30623991751397966,0,Medium Risk,Insurance Company,Europe,Basic,16684.37,54,0
INST_00316,0.3059759730009862,0,Medium Risk,Credit Union,North America,Professional,41638.13,1,0
INST_00365,0.3059185804269669,0,Medium Risk,Credit Union,Middle East,Professional,781.15,1,0
INST_04538,0.3056987289657141,0,Medium Risk,Bank,North America,Enterprise,4707.73,7,8
INST_00526,0.30547574416113904,0,Medium Risk,Credit Union,Europe,Professional,7972.7,38,7
INST_04173,0.30511549096745383,0,Medium Risk,Credit Union,North America,Enterprise,602.47,14,19
INST_03597,0.3049709703895754,0,Medium Risk,Investment Firm,North America,Basic,17915.16,1,1
INST_03254,0.3049300086742612,0,Medium Risk,Bank,Europe,Basic,1395.4,42,1
INST_00681,0.3044567192099336,0,Medium Risk,Bank,Europe,Enterprise,1501.24,1,9
INST_02077,0.30435132920857577,0,Medium Risk,Credit Union,Europe,Professional,1996.14,11,4
INST_00823,0.3041604846863127,0,Medium Risk,Credit Union,Asia Pacific,Basic,12307.85,20,5
INST_01836,0.30404368470050885,0,Medium Risk,Bank,North America,Professional,2699.22,21,22
INST_03501,0.3038830270741251,0,Medium Risk,Insurance Company,North America,Professional,695.47,11,2
INST_00019,0.3036876464726382,0,Medium Risk,Bank,Latin America,Basic,5232.41,27,0
INST_01264,0.3034192706514809,0,Medium Risk,Bank,Asia Pacific,Professional,9669.77,4,7
INST_02384,0.30335656280502316,0,Medium Risk,Bank,Asia Pacific,Professional,5198.52,10,14
INST_01014,0.30312371922645887,0,Medium Risk,Insurance Company,Europe,Enterprise,38306.93,5,0
INST_04423,0.30294197032280423,0,Medium Risk,Insurance Company,Europe,Basic,20874.32,3,6
INST_02236,0.3028576519634236,0,Medium Risk,Payment Processor,Europe,Professional,1286.55,5,51
INST_01106,0.3024173098327342,0,Medium Risk,Credit Union,Europe,Professional,4892.19,15,14
INST_01462,0.30223998190758267,0,Medium Risk,Bank,Latin America,Professional,60206.51,4,4
INST_02543,0.3022271765997979,0,Medium Risk,Investment Firm,Middle East,Basic,912.13,120,2
INST_03196,0.3021436279675229,0,Medium Risk,Payment Processor,Asia Pacific,Enterprise,1009.04,35,1
INST_02819,0.3019562401998799,0,Medium Risk,Credit Union,Europe,Professional,4863.0,6,0
INST_00686,0.3018936072760917,0,Medium Risk,Investment Firm,Europe,Professional,3835.32,63,39
INST_02448,0.3012070079775448,0,Medium Risk,Bank,Asia Pacific,Professional,1243.99,9,1
INST_03967,0.3010437086109283,0,Medium Risk,Bank,Asia Pacific,Enterprise,500.0,5,6
INST_03784,0.3009021072871162,0,Medium Risk,Insurance Company,Europe,Basic,3682.58,52,3
INST_03381,0.3008857241777985,0,Medium Risk,Credit Union,North America,Basic,12531.02,5,19
INST_04810,0.30076258213165535,0,Medium Risk,Bank,North America,Basic,22082.65,5,8
INST_03081,0.3007077961049255,0,Medium Risk,Payment Processor,North America,Basic,7370.73,15,5
INST_01677,0.30048215129875777,0,Medium Risk,Credit Union,North America,Professional,1705.55,10,1
INST_04227,0.3003845586714865,0,Medium Risk,Investment Firm,Latin America,Basic,8383.0,16,0
INST_04374,0.3003364724795512,0,Medium Risk,Credit Union,North America,Enterprise,20421.39,29,16
INST_01711,0.30026391514621004,0,Medium Risk,Bank,North America,Basic,18624.29,9,8
INST_00877,0.3002635006583078,0,Medium Risk,Investment Firm,Asia Pacific,Professional,38813.77,1,4
INST_00420,0.30020561582898286,0,Medium Risk,Insurance Company,North America,Basic,500.0,9,5
INST_00886,0.2997010951077164,0,Low Risk,Investment Firm,Europe,Basic,2423.19,27,4
INST_01040,0.29945954852937257,0,Low Risk,Credit Union,Europe,Professional,3451.42,2,6
INST_01035,0.2992622072660322,0,Low Risk,Investment Firm,North America,Enterprise,1142.07,19,14
INST_04601,0.29886698443487986,0,Low Risk,Insurance Company,Asia Pacific,Basic,1765.47,1,3
INST_02981,0.29885296556388635,0,Low Risk,Bank,North America,Professional,21006.98,3,7
INST_00509,0.2983334033545152,0,Low Risk,Insurance Company,Europe,Basic,3932.13,4,1
INST_02413,0.29830468113695136,0,Low Risk,Bank,Asia Pacific,Enterprise,2509.49,6,1
INST_03409,0.29827427213337726,0,Low Risk,Bank,North America,Enterprise,3034.31,23,1
INST_03897,0.2982020934224451,0,Low Risk,Insurance Company,Europe,Basic,18655.34,20,8
INST_01773,0.29784130020930527,0,Low Risk,Payment Processor,North America,Basic,8728.51,31,3
INST_00127,0.2975476962421412,0,Low Risk,Payment Processor,North America,Enterprise,38042.22,15,4
INST_03779,0.29743230129239023,0,Low Risk,Payment Processor,North America,Professional,2191.79,41,3
INST_04508,0.2972357476529314,0,Low Risk,Investment Firm,North America,Enterprise,500.0,83,34
INST_04783,0.2970347176406393,0,Low Risk,Bank,Latin America,Professional,1958.85,1,14
INST_02222,0.29693792560110455,0,Low Risk,Bank,North America,Basic,1178.2,61,5
INST_01043,0.2961529262297972,0,Low Risk,Investment Firm,North America,Professional,1716.89,47,2
INST_02321,0.29599196720926674,0,Low Risk,Insurance Company,Europe,Enterprise,2212.63,1,16
INST_03190,0.29583620360194957,0,Low Risk,Bank,Latin America,Enterprise,2268.8,11,0
INST_03962,0.295420730315586,0,Low Risk,Bank,Europe,Enterprise,7451.87,25,15
INST_00972,0.2950384552019873,0,Low Risk,Insurance Company,Asia Pacific,Basic,964.48,65,1
INST_00541,0.2949493089401958,0,Low Risk,Investment Firm,Europe,Professional,4316.66,8,10
INST_02769,0.294868932596153,0,Low Risk,Investment Firm,Asia Pacific,Professional,2579.05,40,8
INST_04193,0.29481671486855576,0,Low Risk,Insurance Company,Asia Pacific,Enterprise,6371.14,7,0
INST_01818,0.2948054654246678,0,Low Risk,Investment Firm,Latin America,Professional,765.62,17,3
INST_02438,0.2947926886636339,0,Low Risk,Credit Union,North America,Basic,822.99,13,2
INST_00485,0.2943654670452371,0,Low Risk,Payment Processor,Middle East,Enterprise,7093.32,40,6
INST_04481,0.2941619983617385,0,Low Risk,Credit Union,North America,Professional,2228.08,3,2
INST_03523,0.2941029978813882,0,Low Risk,Bank,Europe,Enterprise,1454.77,74,0
INST_01249,0.2939972664834247,0,Low Risk,Investment Firm,North America,Enterprise,3407.22,1,0
INST_00537,0.2932598756033308,0,Low Risk,Bank,Latin America,Basic,903.89,25,18
INST_01425,0.29318656676333954,0,Low Risk,Payment Processor,North America,Professional,1329.03,27,9
INST_02857,0.2930888827147179,0,Low Risk,Bank,North America,Professional,21388.41,28,2
INST_04653,0.29306035158645805,0,Low Risk,Insurance Company,North America,Professional,93930.1,6,6
INST_03871,0.29300172415728293,0,Low Risk,Bank,North America,Professional,500.0,10,3
INST_00739,0.2930010840319732,0,Low Risk,Credit Union,Europe,Basic,279253.01,13,2
INST_01220,0.2929894683377724,0,Low Risk,Payment Processor,Asia Pacific,Basic,3241.02,47,1
INST_03737,0.2928928000078708,0,Low Risk,Insurance Company,North America,Enterprise,14062.33,7,12
INST_01508,0.2928138997685427,0,Low Risk,Investment Firm,Latin America,Professional,7385.48,5,0
INST_03706,0.2925697050695595,0,Low Risk,Insurance Company,Asia Pacific,Professional,10457.23,10,3
INST_01732,0.29245443874981963,0,Low Risk,Credit Union,Latin America,Professional,7325.49,7,5
INST_00103,0.292441391486034,0,Low Risk,Credit Union,North America,Professional,500.0,19,3
INST_01017,0.2924039798423953,0,Low Risk,Investment Firm,Europe,Enterprise,2566.23,37,3
INST_04562,0.29235140594228953,0,Low Risk,Payment Processor,Asia Pacific,Professional,500.0,3,4
INST_00865,0.29208584842057844,0,Low Risk,Investment Firm,Europe,Enterprise,13958.25,1,3
INST_02932,0.2919886227646495,0,Low Risk,Bank,Europe,Professional,4656.14,20,28
INST_03138,0.29193167642154333,0,Low Risk,Credit Union,Europe,Enterprise,32492.68,6,6
INST_03923,0.29176796502187097,0,Low Risk,Bank,Asia Pacific,Basic,2738.95,1,6
INST_02668,0.29132997451604487,0,Low Risk,Insurance Company,Latin America,Professional,500.0,17,1
INST_00928,0.29128065973890227,0,Low Risk,Investment Firm,Europe,Professional,4460.82,9,5
INST_02155,0.2910729821283091,0,Low Risk,Bank,Asia Pacific,Basic,32847.37,9,19
INST_00079,0.2909445116949783,0,Low Risk,Bank,Europe,Enterprise,7509.2,11,2
INST_03181,0.29088627176433784,0,Low Risk,Bank,North America,Basic,4537.64,2,6
INST_01238,0.29076184040176706,0,Low Risk,Payment Processor,Latin America,Professional,2684.9,14,15
INST_04906,0.29065557824606314,0,Low Risk,Payment Processor,Asia Pacific,Professional,4365.95,9,7
INST_03405,0.2906524153191046,0,Low Risk,Insurance Company,North America,Professional,14798.18,1,14
INST_01422,0.2904453547958413,0,Low Risk,Bank,North America,Enterprise,2432.77,6,5
INST_00400,0.2904416702617296,0,Low Risk,Bank,North America,Basic,144577.88,23,0
INST_01720,0.2901070734013855,0,Low Risk,Bank,Asia Pacific,Basic,204203.33,9,1
INST_03422,0.2900493714396531,0,Low Risk,Insurance Company,North America,Enterprise,1253.14,21,9
INST_02733,0.28998118340888707,0,Low Risk,Payment Processor,Asia Pacific,Basic,6586.27,15,7
INST_04080,0.2898655642927891,0,Low Risk,Investment Firm,North America,Basic,9751.7,16,15
INST_02986,0.28968882359368836,0,Low Risk,Bank,Asia Pacific,Enterprise,500.0,14,2
INST_00251,0.28949709982317406,0,Low Risk,Credit Union,Middle East,Basic,928.99,17,8
INST_03598,0.2893803886957868,0,Low Risk,Credit Union,Europe,Basic,7560.62,28,4
INST_03118,0.2891868132074426,0,Low Risk,Bank,North America,Enterprise,13253.75,30,5
INST_02560,0.2891309673716746,0,Low Risk,Insurance Company,Asia Pacific,Professional,7519.15,24,8
INST_02691,0.28883268991165173,0,Low Risk,Investment Firm,Latin America,Professional,1235.15,8,8
INST_03143,0.2881551444696336,0,Low Risk,Credit Union,North America,Basic,10817.62,8,0
INST_01428,0.2879585676781748,0,Low Risk,Investment Firm,North America,Basic,773.73,14,6
INST_04791,0.28790263636462027,0,Low Risk,Payment Processor,Europe,Professional,1021.75,17,6
INST_00685,0.2878181190942463,0,Low Risk,Investment Firm,Asia Pacific,Basic,5020.31,37,3
INST_04214,0.28777874592638475,0,Low Risk,Investment Firm,North America,Professional,56800.51,16,4
INST_00657,0.28772831649772024,0,Low Risk,Credit Union,Latin America,Professional,7856.41,98,3
INST_04876,0.28765617691442114,0,Low Risk,Investment Firm,North America,Basic,638.11,3,14
INST_02335,0.28743047732178967,0,Low Risk,Credit Union,North America,Basic,603.92,109,11
INST_01028,0.2865443297387168,0,Low Risk,Bank,Asia Pacific,Enterprise,1570.75,7,0
INST_01662,0.28648655208433116,0,Low Risk,Payment Processor,North America,Professional,536.42,48,1
INST_02821,0.2856051040147914,0,Low Risk,Bank,North America,Professional,10386.7,6,1
INST_03135,0.285567548614291,0,Low Risk,Investment Firm,North America,Enterprise,4722.52,33,3
INST_03169,0.2848378352162355,0,Low Risk,Credit Union,North America,Professional,1196.43,8,14
INST_02572,0.28449771692950115,0,Low Risk,Bank,North America,Basic,31536.37,20,2
INST_02686,0.28427066397839246,0,Low Risk,Bank,Asia Pacific,Professional,1954.42,4,10
INST_01011,0.28424776735368956,0,Low Risk,Payment Processor,Asia Pacific,Professional,2681.81,9,1
INST_01927,0.28414491930718433,0,Low Risk,Credit Union,Europe,Basic,70357.07,7,4
INST_01002,0.28381358660102385,0,Low Risk,Payment Processor,Latin America,Professional,1750.41,15,0
INST_03315,0.283788776036979,0,Low Risk,Investment Firm,North America,Basic,1031.9,38,2
INST_01959,0.2833876772804929,0,Low Risk,Insurance Company,Middle East,Enterprise,500.0,58,5
INST_00071,0.2831230706459899,0,Low Risk,Bank,Asia Pacific,Enterprise,13990.22,6,8
INST_01647,0.28264710182639174,0,Low Risk,Insurance Company,Latin America,Professional,21711.94,10,2
INST_03231,0.2826312471983041,0,Low Risk,Investment Firm,Europe,Professional,674.33,21,4
INST_00912,0.2825478971367712,0,Low Risk,Investment Firm,Asia Pacific,Basic,24495.31,37,4
INST_03488,0.2825253400716525,0,Low Risk,Bank,North America,Basic,1541.25,35,7
INST_01515,0.28232788245648516,0,Low Risk,Bank,North America,Professional,3298.84,19,22
INST_04611,0.2823248961620479,0,Low Risk,Bank,North America,Enterprise,15614.9,1,2
INST_03176,0.2822751316486618,0,Low Risk,Investment Firm,North America,Professional,8740.66,7,1
INST_02494,0.28224873230838327,0,Low Risk,Credit Union,Latin America,Basic,586.07,7,9
INST_04688,0.2820503839079179,0,Low Risk,Credit Union,North America,Enterprise,120438.28,43,37
INST_01384,0.2819567909816599,0,Low Risk,Investment Firm,Europe,Basic,896.31,49,2
INST_04501,0.28187086538634903,0,Low Risk,Credit Union,Asia Pacific,Enterprise,728.44,13,30
INST_03489,0.28175247660241576,0,Low Risk,Credit Union,North America,Professional,69936.14,14,3
INST_01129,0.28152167723521426,0,Low Risk,Bank,North America,Enterprise,62818.63,13,7
INST_01361,0.28150249953470596,0,Low Risk,Bank,Europe,Professional,5589.15,7,17
INST_01932,0.2811413438853572,0,Low Risk,Investment Firm,Europe,Basic,16352.53,4,8
INST_02941,0.28086362660954206,0,Low Risk,Investment Firm,Europe,Professional,3194.03,11,9
INST_01506,0.28060985016252615,0,Low Risk,Investment Firm,Asia Pacific,Enterprise,13326.9,21,6
INST_00392,0.28059110216853633,0,Low Risk,Credit Union,Latin America,Professional,1058.54,8,34
INST_04098,0.2803105221874069,0,Low Risk,Bank,Latin America,Professional,113536.54,2,4
INST_02414,0.28029284786150965,0,Low Risk,Credit Union,Europe,Basic,10824.61,1,6
INST_02266,0.2802004538288663,0,Low Risk,Investment Firm,North America,Basic,4183.32,8,3
INST_01350,0.27992158388063326,0,Low Risk,Payment Processor,North America,Professional,17568.72,2,20
INST_01514,0.27971309668986094,0,Low Risk,Bank,Europe,Professional,2339.31,49,0
INST_03325,0.2795863309756077,0,Low Risk,Insurance Company,Asia Pacific,Basic,10059.66,8,1
INST_03218,0.2793345475537439,0,Low Risk,Insurance Company,North America,Enterprise,16262.22,2,2
INST_00971,0.2793266858252805,0,Low Risk,Payment Processor,North America,Enterprise,816.31,1,10
INST_01877,0.2792714121480634,0,Low Risk,Credit Union,North America,Professional,22939.76,13,0
INST_00748,0.27925990948526747,0,Low Risk,Payment Processor,Middle East,Professional,1042.34,2,25
INST_00372,0.2789404226018629,0,Low Risk,Bank,Europe,Professional,6516.47,27,2
INST_00510,0.27880046842513295,0,Low Risk,Investment Firm,North America,Basic,12602.57,8,5
INST_03974,0.2787013779173929,0,Low Risk,Bank,Europe,Professional,17764.64,10,5
INST_00287,0.2784109026345567,0,Low Risk,Credit Union,North America,Basic,2509.17,53,3
INST_04903,0.27830170326221104,0,Low Risk,Bank,Europe,Basic,27369.37,1,8
INST_03657,0.27820939059727634,0,Low Risk,Credit Union,North America,Professional,4350.28,34,2
INST_03104,0.27804468572244617,0,Low Risk,Bank,Asia Pacific,Professional,19599.74,11,21
INST_00358,0.2779343490622409,0,Low Risk,Payment Processor,Latin America,Basic,5421.69,12,1
INST_04735,0.27781462158702813,0,Low Risk,Bank,Europe,Basic,38903.06,16,8
INST_00978,0.27774149161981665,0,Low Risk,Credit Union,Europe,Professional,32928.9,4,14
INST_01943,0.2774920991738017,0,Low Risk,Insurance Company,North America,Enterprise,8237.6,15,1
INST_03173,0.2772601817337154,0,Low Risk,Bank,North America,Enterprise,46023.86,2,19
INST_04951,0.27725973751484534,0,Low Risk,Bank,Asia Pacific,Basic,8395.89,73,10
INST_00753,0.27723257217804587,0,Low Risk,Bank,Asia Pacific,Professional,15725.04,11,7
INST_00879,0.2767674157138633,0,Low Risk,Bank,Europe,Enterprise,8696.91,6,1
INST_02302,0.2765613918983599,0,Low Risk,Credit Union,North America,Professional,16136.22,1,9
INST_02613,0.2764813045480014,0,Low Risk,Insurance Company,North America,Basic,1581.43,11,1
INST_02798,0.27642401432819524,0,Low Risk,Payment Processor,North America,Professional,1989.08,9,5
INST_02177,0.27632408972867734,0,Low Risk,Investment Firm,Asia Pacific,Professional,16722.92,8,6
INST_02458,0.2762882099589661,0,Low Risk,Credit Union,North America,Professional,5310.33,1,2
INST_03424,0.27610543706478813,0,Low Risk,Insurance Company,North America,Enterprise,3566.58,5,13
INST_02975,0.2758510010930268,0,Low Risk,Bank,North America,Professional,6946.93,5,8
INST_02256,0.2755167063625407,0,Low Risk,Credit Union,North America,Professional,3155.34,1,0
INST_03570,0.27549162645476405,0,Low Risk,Bank,North America,Basic,1807.7,3,8
INST_04726,0.2753984352216328,0,Low Risk,Payment Processor,Asia Pacific,Professional,78539.37,3,1
INST_04523,0.2753359340097405,0,Low Risk,Investment Firm,Asia Pacific,Basic,2427.69,10,2
INST_02061,0.27530846989695645,0,Low Risk,Credit Union,Europe,Professional,19370.74,26,3
INST_00549,0.2752509696687659,0,Low Risk,Insurance Company,North America,Basic,1048.62,39,7
INST_02240,0.27502496010670735,0,Low Risk,Insurance Company,Asia Pacific,Basic,5541.6,1,15
INST_03572,0.2749962714426682,0,Low Risk,Insurance Company,North America,Enterprise,20742.7,3,0
INST_00069,0.27456392036512045,0,Low Risk,Payment Processor,North America,Enterprise,961.6,69,4
INST_00578,0.27440463532971365,0,Low Risk,Credit Union,Latin America,Basic,23848.25,37,11
INST_02463,0.27411486084568165,0,Low Risk,Investment Firm,North America,Professional,56134.81,1,8
INST_02213,0.27397829875192015,0,Low Risk,Payment Processor,Europe,Enterprise,2067.55,2,13
INST_01522,0.27388371338224043,0,Low Risk,Credit Union,Asia Pacific,Basic,711.5,43,21
INST_01626,0.27338387200729736,0,Low Risk,Bank,Asia Pacific,Professional,7597.07,16,1
INST_02013,0.2730599997859821,0,Low Risk,Bank,North America,Enterprise,500.0,2,5
INST_00568,0.27286154554355985,0,Low Risk,Payment Processor,Asia Pacific,Enterprise,18097.74,4,10
INST_03200,0.2728222543864661,0,Low Risk,Investment Firm,North America,Basic,1483.74,53,4
INST_01613,0.2726815389620798,0,Low Risk,Bank,North America,Enterprise,13894.93,1,3
INST_00930,0.27243654533617373,0,Low Risk,Bank,North America,Enterprise,1717.25,1,3
INST_03575,0.2721506895816209,0,Low Risk,Credit Union,North America,Professional,1242.69,29,3
INST_01727,0.2720697835651822,0,Low Risk,Payment Processor,North America,Professional,13372.88,1,12
INST_00785,0.2720161996859467,0,Low Risk,Payment Processor,Latin America,Basic,2776.17,13,12
INST_00576,0.27194393165704045,0,Low Risk,Bank,Asia Pacific,Enterprise,1907.75,14,8
INST_01504,0.27172516867965985,0,Low Risk,Credit Union,North America,Professional,1973.15,6,7
INST_02528,0.27169233559623773,0,Low Risk,Bank,Europe,Professional,6499.87,51,2
INST_01313,0.27166593274654605,0,Low Risk,Insurance Company,North America,Enterprise,1674.58,6,7
INST_04262,0.27136874842897935,0,Low Risk,Credit Union,Asia Pacific,Professional,1717.6,4,5
INST_03467,0.27124246687564535,0,Low Risk,Investment Firm,Europe,Enterprise,6472.2,2,5
INST_01527,0.2710570405129408,0,Low Risk,Bank,Asia Pacific,Enterprise,5322.86,27,9
INST_00799,0.27104972873132677,0,Low Risk,Payment Processor,North America,Basic,3258.72,3,0
INST_01583,0.270767916205173,0,Low Risk,Credit Union,North America,Professional,11997.1,40,10
INST_02350,0.2707161480946644,0,Low Risk,Investment Firm,North America,Professional,1783.68,36,9
INST_04435,0.2704620064517043,0,Low Risk,Bank,North America,Professional,5906.96,35,13
INST_00277,0.270260290076984,0,Low Risk,Investment Firm,North America,Enterprise,933.23,25,18
INST_00558,0.26998318098213575,0,Low Risk,Insurance Company,North America,Professional,140064.85,60,46
INST_02431,0.26972817751726125,0,Low Risk,Insurance Company,Europe,Basic,2055.25,120,3
INST_02044,0.26937697399837646,0,Low Risk,Payment Processor,Latin America,Professional,5780.24,2,1
INST_02506,0.2693195794174077,0,Low Risk,Payment Processor,Europe,Professional,30315.06,16,35
INST_02970,0.2693144413920113,0,Low Risk,Credit Union,Middle East,Professional,21375.78,1,20
INST_04548,0.2692413846070298,0,Low Risk,Investment Firm,Europe,Professional,2098.4,52,8
INST_00723,0.2692010531409677,0,Low Risk,Insurance Company,North America,Enterprise,631.28,1,23
INST_04737,0.268745061078284,0,Low Risk,Bank,North America,Enterprise,2591.11,28,5
INST_02226,0.26872623191921585,0,Low Risk,Bank,Latin America,Professional,4234.78,20,2
INST_04944,0.26844395162731904,0,Low Risk,Insurance Company,North America,Basic,1750.21,13,8
INST_02656,0.26839855800406714,0,Low Risk,Insurance Company,Asia Pacific,Professional,5929.29,1,3
INST_01222,0.2683293676435874,0,Low Risk,Credit Union,North America,Professional,49466.43,9,1
INST_04054,0.2681186553956435,0,Low Risk,Insurance Company,Europe,Basic,36598.2,15,2
INST_01312,0.2679332782570488,0,Low Risk,Credit Union,Asia Pacific,Professional,8236.07,1,17
INST_04815,0.26793026774714784,0,Low Risk,Payment Processor,Asia Pacific,Professional,14136.85,9,0
INST_01266,0.267858995605729,0,Low Risk,Credit Union,Middle East,Professional,1053.14,74,1
INST_00455,0.26764573332086383,0,Low Risk,Credit Union,North America,Professional,2266.17,15,5
INST_02869,0.2673975640711749,0,Low Risk,Credit Union,North America,Professional,1480.51,12,3
INST_03349,0.2673667021997534,0,Low Risk,Bank,Europe,Professional,21704.19,7,4
INST_03976,0.2666802036410033,0,Low Risk,Credit Union,North America,Professional,88209.38,24,6
INST_02382,0.26655061688164267,0,Low Risk,Payment Processor,Middle East,Professional,119760.15,5,1
INST_01738,0.2662524908076539,0,Low Risk,Credit Union,North America,Professional,3762.71,42,7
INST_01233,0.2661639455521741,0,Low Risk,Bank,North America,Professional,2021.47,7,3
INST_02907,0.2661300543532677,0,Low Risk,Bank,Asia Pacific,Enterprise,500.0,13,2
INST_02099,0.2658707794942815,0,Low Risk,Credit Union,Latin America,Professional,2573.35,1,12
INST_03036,0.2658080502215939,0,Low Risk,Credit Union,North America,Professional,863.92,15,16
INST_02286,0.26576995482363364,0,Low Risk,Payment Processor,Europe,Professional,500.0,23,2
INST_02050,0.2654975987916194,0,Low Risk,Credit Union,Latin America,Basic,8129.53,20,0
INST_00741,0.2651114530359164,0,Low Risk,Bank,Europe,Professional,12035.47,29,35
INST_01394,0.26472260152244753,0,Low Risk,Bank,Middle East,Professional,9075.99,12,18
INST_03875,0.26438046832525164,0,Low Risk,Credit Union,North America,Basic,2631.41,57,8
INST_00209,0.2643225353909061,0,Low Risk,Bank,North America,Professional,51968.29,2,23
INST_02447,0.2640579203792088,0,Low Risk,Bank,North America,Enterprise,10084.0,17,23
INST_01739,0.26402331866622547,0,Low Risk,Credit Union,Latin America,Basic,614.62,18,12
INST_02274,0.26399681626490806,0,Low Risk,Payment Processor,Europe,Professional,11001.9,6,20
INST_04479,0.2636781113085675,0,Low Risk,Investment Firm,North America,Basic,46815.7,48,2
INST_03679,0.2636542777410939,0,Low Risk,Credit Union,North America,Professional,659.82,38,1
INST_01046,0.2635000905352523,0,Low Risk,Bank,North America,Basic,14273.81,61,16
INST_01684,0.26346024219469194,0,Low Risk,Bank,Asia Pacific,Enterprise,5689.01,7,10
INST_04893,0.26330603179700457,0,Low Risk,Bank,Asia Pacific,Professional,17462.16,2,13
INST_01716,0.26302660028585445,0,Low Risk,Bank,North America,Basic,7511.2,7,0
INST_04219,0.26287240506979515,0,Low Risk,Bank,North America,Professional,21812.34,4,11
INST_04177,0.2627662930012947,0,Low Risk,Insurance Company,Asia Pacific,Professional,35352.69,1,2
INST_00615,0.26272588612556247,0,Low Risk,Payment Processor,Asia Pacific,Professional,11398.93,8,13
INST_01182,0.26265536259260047,0,Low Risk,Investment Firm,North America,Professional,14278.92,14,13
INST_03078,0.26246511429765884,0,Low Risk,Bank,North America,Enterprise,15280.02,1,7
INST_01763,0.26219630017418266,0,Low Risk,Credit Union,North America,Basic,3792.76,18,18
INST_02680,0.26203394032924493,0,Low Risk,Bank,Latin America,Professional,4540.6,16,1
INST_04225,0.2616439641192253,0,Low Risk,Insurance Company,Latin America,Professional,12391.32,4,6
INST_00305,0.26108510075295266,0,Low Risk,Payment Processor,Europe,Professional,49080.56,1,3
INST_00848,0.2610556440860288,0,Low Risk,Credit Union,North America,Enterprise,5244.14,3,12
INST_01012,0.26105166222336895,0,Low Risk,Payment Processor,Middle East,Enterprise,3100.14,11,4
INST_04332,0.26096572107618077,0,Low Risk,Credit Union,Europe,Basic,502.57,21,1
INST_04818,0.2608626631542785,0,Low Risk,Payment Processor,North America,Basic,7724.44,10,4
INST_01827,0.2606451527120323,0,Low Risk,Payment Processor,North America,Enterprise,3939.52,1,4
INST_03277,0.26037170624868883,0,Low Risk,Credit Union,Europe,Professional,1595.3,10,5
INST_02928,0.26028522102070656,0,Low Risk,Insurance Company,Asia Pacific,Professional,2385.07,12,10
INST_01201,0.2596028097089916,0,Low Risk,Bank,Europe,Professional,1839.52,35,1
INST_00610,0.2589170176893026,0,Low Risk,Bank,North America,Professional,2894.94,19,28
INST_00938,0.25879529259403866,0,Low Risk,Bank,North America,Basic,31017.47,6,4
INST_01938,0.25846486645753447,0,Low Risk,Credit Union,Europe,Basic,2461.8,50,7
INST_04790,0.2583242283074375,0,Low Risk,Bank,North America,Professional,3747.74,2,1
INST_04632,0.2582520386975412,0,Low Risk,Insurance Company,North America,Basic,11529.48,58,4
INST_04916,0.2581936186517438,0,Low Risk,Bank,North America,Professional,1100.6,9,1
INST_01245,0.25818732933759003,0,Low Risk,Investment Firm,Europe,Professional,3433.23,13,10
INST_00520,0.25800428310189094,0,Low Risk,Investment Firm,Asia Pacific,Professional,16184.66,1,25
INST_04017,0.2579966398959831,0,Low Risk,Payment Processor,Asia Pacific,Basic,3218.04,6,0
INST_03411,0.2576146128759734,0,Low Risk,Bank,Middle East,Basic,510.88,81,3
INST_00695,0.2574288409162399,0,Low Risk,Investment Firm,North America,Enterprise,1354.57,17,3
INST_04115,0.25742135731971855,0,Low Risk,Bank,Europe,Professional,1740.41,14,1
INST_00574,0.25736672154415724,0,Low Risk,Payment Processor,Europe,Enterprise,73651.22,4,7
INST_03855,0.2570509552256529,0,Low Risk,Bank,North America,Enterprise,6393.86,36,17
INST_03811,0.2568619836170555,0,Low Risk,Credit Union,Europe,Basic,500.0,77,1
INST_02727,0.2567068647330265,0,Low Risk,Bank,Europe,Enterprise,16147.62,3,14
INST_03921,0.25662362171370545,0,Low Risk,Credit Union,North America,Basic,525.72,1,6
INST_00470,0.2562780639042747,0,Low Risk,Bank,Asia Pacific,Professional,500.0,1,2
INST_00850,0.2562308911056931,0,Low Risk,Bank,North America,Professional,2186.32,4,7
INST_02421,0.25623043068828966,0,Low Risk,Bank,Asia Pacific,Professional,4766.34,4,4
INST_03878,0.2562072140594399,0,Low Risk,Investment Firm,North America,Professional,40891.29,8,27
INST_03675,0.2561409245849336,0,Low Risk,Bank,North America,Professional,1316.61,16,12
INST_04760,0.2560988620163759,0,Low Risk,Credit Union,Latin America,Professional,4490.51,30,0
INST_04828,0.2557355852695227,0,Low Risk,Bank,Asia Pacific,Professional,126767.83,64,2
INST_04303,0.2553660197490496,0,Low Risk,Investment Firm,Europe,Basic,4268.19,7,8
INST_02773,0.2552471763083982,0,Low Risk,Credit Union,North America,Professional,3612.48,4,3
INST_03463,0.2552082758098795,0,Low Risk,Investment Firm,Asia Pacific,Professional,1071.54,3,1
INST_03113,0.25514890308035054,0,Low Risk,Bank,Asia Pacific,Professional,16809.1,17,0
INST_03656,0.2551292662876663,0,Low Risk,Bank,Europe,Professional,10516.99,43,1
INST_02707,0.25503854883272525,0,Low Risk,Bank,Asia Pacific,Professional,3960.68,1,20
INST_04860,0.254679563766609,0,Low Risk,Investment Firm,Asia Pacific,Basic,2312.62,31,3
INST_00322,0.2546169269241183,0,Low Risk,Investment Firm,Europe,Enterprise,2406.2,1,3
INST_03932,0.25459627431824783,0,Low Risk,Investment Firm,North America,Basic,3469.61,16,10
INST_02699,0.25432666770828805,0,Low Risk,Insurance Company,North America,Basic,14438.85,49,2
INST_04416,0.25401778530862473,0,Low Risk,Credit Union,Europe,Professional,10772.62,8,23
INST_00920,0.25394519407163096,0,Low Risk,Payment Processor,North America,Professional,883.92,52,9
INST_00484,0.25374846492390973,0,Low Risk,Investment Firm,Asia Pacific,Basic,1543.92,30,0
INST_03243,0.2536178260702111,0,Low Risk,Investment Firm,Europe,Professional,17517.41,2,26
INST_01077,0.25361078955677313,0,Low Risk,Investment Firm,Europe,Basic,47909.18,1,1
INST_03287,0.25355456901465306,0,Low Risk,Insurance Company,North America,Professional,34789.56,87,1
INST_01007,0.2535408763091645,0,Low Risk,Insurance Company,North America,Enterprise,7538.02,1,8
INST_00634,0.2535180891041436,0,Low Risk,Bank,North America,Professional,2843.92,12,8
INST_03310,0.2534424841192128,0,Low Risk,Insurance Company,Europe,Professional,1015.42,10,6
INST_02243,0.2531569213542553,0,Low Risk,Payment Processor,Europe,Enterprise,3185.62,6,6
INST_03017,0.25279225043987097,0,Low Risk,Credit Union,Europe,Professional,500.0,52,9
INST_03251,0.252735905944852,0,Low Risk,Bank,Middle East,Professional,6162.35,1,28
INST_02698,0.25263354488669176,0,Low Risk,Insurance Company,North America,Enterprise,3729.01,24,14
INST_02122,0.2526334434366081,0,Low Risk,Payment Processor,Europe,Professional,17303.54,4,1
INST_02750,0.25236303963290074,0,Low Risk,Credit Union,North America,Basic,10109.54,32,9
INST_03950,0.2522133693315693,0,Low Risk,Bank,North America,Enterprise,1789.52,84,3
INST_03285,0.25193360211762306,0,Low Risk,Bank,Asia Pacific,Enterprise,2879.49,19,14
INST_00752,0.25182841548188795,0,Low Risk,Investment Firm,North America,Professional,1254.32,9,0
INST_01339,0.25176253842474666,0,Low Risk,Bank,North America,Professional,8508.83,11,0
INST_03406,0.25173398765384514,0,Low Risk,Payment Processor,North America,Professional,500.0,51,5
INST_03268,0.25150556696473286,0,Low Risk,Investment Firm,Europe,Enterprise,8583.66,2,9
INST_04816,0.2511811950775855,0,Low Risk,Payment Processor,Europe,Professional,1968.45,35,6
INST_04859,0.251150443275817,0,Low Risk,Payment Processor,North America,Enterprise,1130.69,30,4
INST_03132,0.25104342605089186,0,Low Risk,Payment Processor,Middle East,Professional,932.72,12,0
INST_04255,0.2510171630435804,0,Low Risk,Investment Firm,North America,Enterprise,2950.19,10,23
INST_03393,0.2505010901133641,0,Low Risk,Bank,Asia Pacific,Enterprise,1756.49,14,8
INST_01150,0.25008994632588794,0,Low Risk,Insurance Company,Europe,Basic,572.34,89,11
INST_00594,0.2496824758789504,0,Low Risk,Payment Processor,North America,Enterprise,115998.84,2,7
INST_00494,0.2496087121908095,0,Low Risk,Credit Union,Europe,Professional,1743.26,11,0
INST_01141,0.24940192974108563,0,Low Risk,Bank,North America,Enterprise,92345.21,5,5
INST_04980,0.24877850094475015,0,Low Risk,Payment Processor,North America,Basic,500.0,52,17
INST_03291,0.24870393529129786,0,Low Risk,Payment Processor,Asia Pacific,Basic,3347.33,14,4
INST_02935,0.24844952139589527,0,Low Risk,Bank,North America,Professional,1030.13,37,10
INST_03794,0.24842008646287272,0,Low Risk,Bank,Europe,Enterprise,2134.93,2,0
INST_04976,0.2483060411307738,0,Low Risk,Bank,Europe,Professional,2778.35,1,4
INST_04605,0.24819652871784237,0,Low Risk,Payment Processor,Asia Pacific,Enterprise,3791.76,10,4
INST_00175,0.24775928505868158,0,Low Risk,Bank,Asia Pacific,Basic,778.23,30,16
INST_01911,0.24767972989035988,0,Low Risk,Payment Processor,Middle East,Professional,17786.12,26,2
INST_03233,0.24739041117610164,0,Low Risk,Bank,Europe,Basic,15099.56,9,4
INST_03547,0.2473749747626804,0,Low Risk,Credit Union,North America,Professional,1432.65,13,1
INST_04302,0.24702708875298568,0,Low Risk,Insurance Company,Asia Pacific,Basic,500.0,120,0
INST_01121,0.24698630401131239,0,Low Risk,Payment Processor,North America,Basic,2026.29,27,14
INST_01440,0.246971178914238,0,Low Risk,Payment Processor,North America,Basic,500.0,12,1
INST_01544,0.24693193078589912,0,Low Risk,Payment Processor,Europe,Professional,687.91,25,1
INST_04398,0.24618113000647684,0,Low Risk,Bank,Europe,Professional,19475.4,10,2
INST_01042,0.24615202314023762,0,Low Risk,Bank,Europe,Enterprise,1145.74,1,7
INST_00742,0.24593209951616443,0,Low Risk,Insurance Company,Asia Pacific,Basic,500.0,59,3
INST_04845,0.24592710638060905,0,Low Risk,Credit Union,Europe,Professional,14581.62,1,5
INST_03481,0.24522273075161682,0,Low Risk,Investment Firm,North America,Basic,1164.62,112,7
INST_02893,0.24505295785791184,0,Low Risk,Investment Firm,Europe,Enterprise,500.0,23,4
INST_00960,0.24468261988027545,0,Low Risk,Bank,Europe,Professional,585.99,19,0
INST_01421,0.24464332437187966,0,Low Risk,Credit Union,Europe,Basic,10356.14,7,1
INST_02952,0.24460306522192293,0,Low Risk,Insurance Company,Europe,Professional,950.06,1,13
INST_02919,0.24458630696094905,0,Low Risk,Bank,Europe,Professional,102794.09,51,12
INST_01862,0.2445450467027733,0,Low Risk,Bank,Middle East,Enterprise,2046.6,7,2
INST_03895,0.2443986314329569,0,Low Risk,Insurance Company,North America,Professional,1066.51,26,1
INST_03902,0.24433411659843624,0,Low Risk,Payment Processor,Asia Pacific,Professional,26766.53,61,7
INST_00524,0.2441858307578285,0,Low Risk,Insurance Company,Europe,Professional,557.03,18,13
INST_02432,0.24388856651465407,0,Low Risk,Payment Processor,North America,Enterprise,765.98,21,2
INST_04139,0.2436764517450819,0,Low Risk,Investment Firm,Europe,Professional,1276.43,51,5
INST_04782,0.24348851263027235,0,Low Risk,Investment Firm,Asia Pacific,Enterprise,5905.8,7,20
INST_03059,0.24348260958785212,0,Low Risk,Payment Processor,Europe,Basic,3954.05,14,7
INST_01415,0.24340276875230596,0,Low Risk,Payment Processor,Europe,Professional,1178.85,12,2
INST_04877,0.2431665279864386,0,Low Risk,Investment Firm,North America,Enterprise,36575.74,10,8
INST_03119,0.243029358913392,0,Low Risk,Bank,Europe,Basic,67274.45,40,3
INST_00993,0.24288515116642057,0,Low Risk,Investment Firm,Europe,Professional,2653.76,20,9
INST_02628,0.24281710443190854,0,Low Risk,Credit Union,Latin America,Professional,1593.13,24,13
INST_03440,0.24241549088856323,0,Low Risk,Bank,North America,Professional,7713.38,13,1
INST_03823,0.24219618355770492,0,Low Risk,Bank,North America,Professional,1410.61,54,5
INST_01119,0.2421262092581818,0,Low Risk,Bank,Asia Pacific,Professional,136281.63,6,17
INST_02516,0.24207052121818354,0,Low Risk,Bank,North America,Professional,2364.57,32,6
INST_04647,0.24201667258058823,0,Low Risk,Bank,Europe,Professional,594.72,43,8
INST_02645,0.24198531257841455,0,Low Risk,Credit Union,Asia Pacific,Professional,1531.53,46,11
INST_04943,0.2419791292031383,0,Low Risk,Credit Union,Asia Pacific,Professional,601.92,41,3
INST_02803,0.24185935954338394,0,Low Risk,Payment Processor,North America,Basic,3566.38,6,1
INST_00041,0.2417244269923247,0,Low Risk,Credit Union,Europe,Basic,74277.73,1,14
INST_02605,0.24164171680123148,0,Low Risk,Credit Union,Asia Pacific,Professional,35924.45,11,3
INST_03283,0.24153510749427035,0,Low Risk,Payment Processor,North America,Basic,500.0,15,1
INST_00249,0.24137290204126938,0,Low Risk,Payment Processor,Europe,Basic,2572.62,7,9
INST_00590,0.2411125339061553,0,Low Risk,Bank,North America,Professional,1605.27,25,15
INST_04450,0.24106331538749504,0,Low Risk,Credit Union,Europe,Enterprise,5609.84,11,7
INST_02007,0.2408943563966823,0,Low Risk,Insurance Company,North America,Enterprise,3710.14,11,3
INST_04239,0.24061365106510701,0,Low Risk,Bank,Asia Pacific,Basic,102315.8,63,2
INST_02564,0.2400274793459894,0,Low Risk,Credit Union,Europe,Professional,6399.81,31,0
INST_02021,0.2399864673006723,0,Low Risk,Investment Firm,Asia Pacific,Professional,3828.45,8,15
INST_04842,0.23995364058847066,0,Low Risk,Credit Union,North America,Basic,13094.41,35,4
INST_00600,0.23976601630404992,0,Low Risk,Bank,North America,Basic,4075.04,10,1
INST_04781,0.23974890435673837,0,Low Risk,Bank,North America,Enterprise,3241.93,23,2
INST_03428,0.2393803269584287,0,Low Risk,Payment Processor,North America,Basic,1299.45,11,6
INST_03661,0.23923144038204583,0,Low Risk,Credit Union,Europe,Basic,3144.05,68,6
INST_01700,0.23919776101355655,0,Low Risk,Payment Processor,Europe,Basic,500.0,45,10
INST_00272,0.23919222281906322,0,Low Risk,Payment Processor,North America,Enterprise,136721.33,10,9
INST_03026,0.23884072444825516,0,Low Risk,Payment Processor,Asia Pacific,Basic,21141.47,14,11
INST_01117,0.23873628435452654,0,Low Risk,Payment Processor,Middle East,Professional,4366.25,10,1
INST_04776,0.238474901045207,0,Low Risk,Bank,Europe,Basic,554.67,11,15
INST_01985,0.23825731880656373,0,Low Risk,Bank,North America,Professional,5700.87,1,6
INST_03370,0.23825198366778952,0,Low Risk,Bank,North America,Enterprise,1122.91,25,0
INST_02232,0.2378386747893902,0,Low Risk,Payment Processor,North America,Basic,500.0,31,26
INST_02205,0.2377188454664909,0,Low Risk,Payment Processor,North America,Basic,8463.78,17,5
INST_04812,0.23760834024855634,0,Low Risk,Bank,North America,Professional,48605.52,54,5
INST_03122,0.23748209664307598,0,Low Risk,Bank,North America,Basic,159103.23,34,17
INST_00250,0.2374433781616372,0,Low Risk,Bank,North America,Professional,1961.8,1,0
INST_00304,0.23720409016282457,0,Low Risk,Insurance Company,Europe,Basic,1234.25,25,1
INST_02575,0.23711123801802544,0,Low Risk,Investment Firm,North America,Professional,655.39,37,3
INST_03753,0.2371072145995286,0,Low Risk,Investment Firm,North America,Basic,5068.06,3,8
INST_03350,0.23693465376045225,0,Low Risk,Bank,Asia Pacific,Enterprise,62374.55,7,2
INST_03839,0.23676476430473867,0,Low Risk,Investment Firm,North America,Professional,2687.94,6,3
INST_04338,0.23669957034293776,0,Low Risk,Credit Union,North America,Professional,14845.38,20,4
INST_02033,0.23665031750704701,0,Low Risk,Payment Processor,Europe,Professional,3493.29,45,4
INST_03766,0.23578487783286178,0,Low Risk,Investment Firm,Asia Pacific,Basic,2334.72,23,3
INST_03634,0.23575272736482172,0,Low Risk,Bank,North America,Professional,2283.38,8,7
INST_00493,0.23560105244683147,0,Low Risk,Bank,North America,Basic,696.55,12,28
INST_04192,0.23554055573260377,0,Low Risk,Credit Union,Latin America,Professional,1822.0,18,3
INST_04150,0.23549273497498377,0,Low Risk,Bank,Europe,Professional,19639.22,17,2
INST_00870,0.23521242959264219,0,Low Risk,Credit Union,North America,Basic,42250.43,9,2
INST_00380,0.23519726440858094,0,Low Risk,Bank,North America,Professional,2156.27,52,5
INST_04799,0.2347414766727058,0,Low Risk,Investment Firm,Latin America,Professional,4986.29,10,5
INST_01244,0.23445294687194385,0,Low Risk,Insurance Company,Asia Pacific,Basic,6286.85,18,7
INST_02167,0.23412312139854113,0,Low Risk,Bank,Europe,Professional,9630.48,85,10
INST_01022,0.23408588683182285,0,Low Risk,Payment Processor,Latin America,Enterprise,15981.27,2,8
INST_00989,0.2339905350825163,0,Low Risk,Insurance Company,Asia Pacific,Professional,500.0,18,3
INST_01842,0.2339308048319609,0,Low Risk,Credit Union,North America,Enterprise,739.6,41,6
INST_03494,0.23391767584966533,0,Low Risk,Investment Firm,North America,Professional,3661.1,17,41
INST_03005,0.23345250007062784,0,Low Risk,Insurance Company,North America,Professional,52033.22,7,7
INST_03711,0.23334965116546133,0,Low Risk,Insurance Company,North America,Basic,713.34,28,2
INST_04843,0.2332417655599572,0,Low Risk,Bank,Asia Pacific,Professional,7658.48,47,6
INST_03672,0.23322440506267975,0,Low Risk,Insurance Company,Europe,Basic,2818.11,14,15
INST_03583,0.23309356246824683,0,Low Risk,Payment Processor,North America,Professional,858.41,42,3
INST_01123,0.23258795017406983,0,Low Risk,Insurance Company,Middle East,Professional,500.0,11,12
INST_00156,0.23238792759744023,0,Low Risk,Investment Firm,North America,Basic,22586.07,6,3
INST_01801,0.2321805565573253,0,Low Risk,Insurance Company,North America,Professional,68743.11,28,2
INST_00141,0.23215145062084272,0,Low Risk,Bank,North America,Professional,18600.88,95,3
INST_00900,0.23210743185569285,0,Low Risk,Bank,Europe,Professional,6238.16,9,23
INST_03204,0.2318548430759873,0,Low Risk,Investment Firm,Asia Pacific,Professional,2772.26,1,16
INST_02159,0.23172942281226516,0,Low Risk,Insurance Company,Europe,Basic,25433.85,8,3
INST_00887,0.23164914315057344,0,Low Risk,Bank,Latin America,Basic,2754.12,10,2
INST_03709,0.23162653706531663,0,Low Risk,Payment Processor,Asia Pacific,Professional,2590.38,14,3
INST_00075,0.23153928070087823,0,Low Risk,Insurance Company,Europe,Basic,44665.05,17,8
INST_01033,0.23139183448708325,0,Low Risk,Bank,North America,Professional,4125.31,12,4
INST_02454,0.23137317678379263,0,Low Risk,Investment Firm,Latin America,Professional,4690.29,9,6
INST_03867,0.2312607810181508,0,Low Risk,Investment Firm,Europe,Basic,1014.7,37,10
INST_00144,0.23113810083076813,0,Low Risk,Bank,Europe,Professional,10531.99,28,12
INST_00407,0.23112556350540836,0,Low Risk,Bank,Europe,Professional,10323.65,8,9
INST_03053,0.2308967523034988,0,Low Risk,Bank,Asia Pacific,Professional,41420.58,29,2
INST_02741,0.23074909641550628,0,Low Risk,Bank,North America,Professional,25608.18,1,24
INST_02183,0.23060475100766042,0,Low Risk,Bank,Asia Pacific,Professional,793.18,8,1
INST_01573,0.23022489559728102,0,Low Risk,Payment Processor,Latin America,Basic,4904.43,32,0
INST_03603,0.2301752585719207,0,Low Risk,Bank,North America,Professional,1085.52,24,0
INST_02275,0.23006183285908655,0,Low Risk,Investment Firm,Latin America,Professional,1398.85,12,11
INST_04949,0.22993786445796108,0,Low Risk,Insurance Company,Europe,Professional,8054.38,14,9
INST_03681,0.22993728414683376,0,Low Risk,Bank,Asia Pacific,Enterprise,3712.58,30,3
INST_04938,0.22974383085073766,0,Low Risk,Insurance Company,Latin America,Professional,3533.3,10,25
INST_04633,0.22941084099484502,0,Low Risk,Payment Processor,Asia Pacific,Professional,2986.74,17,5
INST_01194,0.22932004379474516,0,Low Risk,Bank,Asia Pacific,Basic,15997.82,120,1
INST_02914,0.2290898100465809,0,Low Risk,Bank,North America,Enterprise,3016.38,2,7
INST_04489,0.2290637107209173,0,Low Risk,Investment Firm,North America,Professional,1539.32,6,1
INST_04273,0.2290221113884639,0,Low Risk,Credit Union,North America,Professional,601.42,6,0
INST_02880,0.22879488858983923,0,Low Risk,Bank,North America,Professional,10561.64,8,5
INST_03697,0.2286477550204583,0,Low Risk,Investment Firm,Europe,Basic,3784.57,9,14
INST_02526,0.22851309637320494,0,Low Risk,Bank,Europe,Basic,8271.21,30,4
INST_04116,0.22842011803899884,0,Low Risk,Payment Processor,Europe,Professional,29144.78,7,13
INST_02143,0.22808117033367975,0,Low Risk,Bank,North America,Basic,500.0,24,6
INST_03107,0.22757679746072557,0,Low Risk,Bank,Europe,Enterprise,19187.59,9,20
INST_03730,0.22755561345355346,0,Low Risk,Bank,North America,Professional,2263.39,45,4
INST_01769,0.22753697735100345,0,Low Risk,Credit Union,North America,Basic,11722.77,19,5
INST_03503,0.22713341825665928,0,Low Risk,Bank,Middle East,Basic,5169.91,12,2
INST_04802,0.22702993830397147,0,Low Risk,Payment Processor,North America,Enterprise,3796.03,15,0
INST_01954,0.22657204444032764,0,Low Risk,Payment Processor,Asia Pacific,Enterprise,14554.29,91,5
INST_02171,0.22614387816326903,0,Low Risk,Bank,Latin America,Enterprise,500.0,6,4
INST_01610,0.2260373202529707,0,Low Risk,Payment Processor,Latin America,Enterprise,2808.73,10,2
INST_01855,0.22576834072920518,0,Low Risk,Bank,North America,Basic,2002.0,120,0
INST_04066,0.22576757433813313,0,Low Risk,Bank,North America,Enterprise,500000.0,1,0
INST_04191,0.22541011807006495,0,Low Risk,Payment Processor,North America,Basic,4544.84,101,3
INST_00396,0.22535266039402582,0,Low Risk,Payment Processor,North America,Professional,4067.31,10,19
INST_02474,0.2251854930698309,0,Low Risk,Credit Union,North America,Professional,85531.97,10,2
INST_02873,0.2251578937586528,0,Low Risk,Credit Union,Latin America,Basic,45817.52,7,1
INST_02257,0.22481163237768004,0,Low Risk,Credit Union,North America,Professional,7414.51,83,3
INST_02055,0.2246038417736896,0,Low Risk,Investment Firm,North America,Professional,21608.88,2,4
INST_04736,0.224597822936535,0,Low Risk,Credit Union,Asia Pacific,Basic,4050.59,18,3
INST_00471,0.22458738256048652,0,Low Risk,Payment Processor,North America,Enterprise,8324.25,35,1
INST_00223,0.22418111107237965,0,Low Risk,Credit Union,North America,Basic,1018.68,76,0
INST_02955,0.22382593786322855,0,Low Risk,Investment Firm,Europe,Professional,11104.83,33,43
INST_01475,0.2237088406177505,0,Low Risk,Investment Firm,Latin America,Basic,3234.0,4,1
INST_04503,0.22360785624322413,0,Low Risk,Bank,Latin America,Professional,27432.96,11,3
INST_01112,0.22353886300676454,0,Low Risk,Bank,Latin America,Basic,2878.06,9,4
INST_02187,0.2234138795364815,0,Low Risk,Insurance Company,North America,Professional,41018.93,115,0
INST_02839,0.2232525367778168,0,Low Risk,Credit Union,Latin America,Basic,24961.36,30,8
INST_02319,0.22323595944947963,0,Low Risk,Credit Union,Latin America,Enterprise,3795.15,12,8
INST_03600,0.2231716928886812,0,Low Risk,Bank,Europe,Basic,10518.99,9,4
INST_04693,0.2229574470311638,0,Low Risk,Credit Union,Asia Pacific,Professional,14158.59,12,6
INST_03386,0.22284037641311788,0,Low Risk,Bank,Middle East,Professional,3534.48,17,7
INST_00299,0.22270973922383022,0,Low Risk,Bank,North America,Enterprise,624.69,11,11
INST_00985,0.22257569601747346,0,Low Risk,Credit Union,North America,Basic,3323.58,9,3
INST_02957,0.2225487182316592,0,Low Risk,Payment Processor,Asia Pacific,Enterprise,2910.12,66,2
INST_04748,0.22243549050733097,0,Low Risk,Credit Union,North America,Basic,7419.54,84,13
INST_02865,0.22240806726696224,0,Low Risk,Investment Firm,Middle East,Professional,2800.41,1,0
INST_02757,0.22232252538668765,0,Low Risk,Payment Processor,Latin America,Enterprise,29184.24,22,6
INST_03093,0.22220291036584883,0,Low Risk,Insurance Company,Middle East,Basic,3528.17,10,2
INST_02184,0.22185822277202877,0,Low Risk,Investment Firm,North America,Basic,2469.68,6,4
INST_04268,0.22174728531350646,0,Low Risk,Insurance Company,North America,Enterprise,500.0,25,1
INST_04144,0.22161193003574728,0,Low Risk,Payment Processor,Asia Pacific,Professional,1735.95,3,1
INST_00125,0.22159132546052052,0,Low Risk,Credit Union,Europe,Enterprise,2747.2,7,10
INST_01879,0.22153670230459963,0,Low Risk,Investment Firm,North America,Enterprise,2300.29,7,20
INST_01183,0.22140366017413715,0,Low Risk,Payment Processor,Middle East,Professional,19343.04,7,7
INST_01721,0.22107793870797748,0,Low Risk,Bank,North America,Enterprise,13458.44,11,1
INST_01013,0.2210761796558974,0,Low Risk,Bank,Europe,Basic,26441.39,110,2
INST_03723,0.22077615938726047,0,Low Risk,Bank,North America,Basic,500.0,39,19
INST_04639,0.2206813764908968,0,Low Risk,Insurance Company,North America,Professional,7772.91,6,3
INST_04835,0.2206116186175992,0,Low Risk,Bank,North America,Professional,4300.09,4,5
INST_01297,0.22053653790525632,0,Low Risk,Bank,North America,Basic,5855.42,57,10
INST_03141,0.2201393121540921,0,Low Risk,Payment Processor,Asia Pacific,Basic,3869.41,8,0
INST_00909,0.22008648954300514,0,Low Risk,Credit Union,North America,Basic,1668.14,6,0
INST_00599,0.2200126464784726,0,Low Risk,Bank,Asia Pacific,Professional,4752.54,5,9
INST_01731,0.2199112657781529,0,Low Risk,Investment Firm,North America,Basic,7686.83,1,5
INST_04463,0.2198033258880649,0,Low Risk,Bank,Europe,Basic,1649.08,22,10
INST_00142,0.21976384101039645,0,Low Risk,Credit Union,Europe,Enterprise,3318.33,29,11
INST_04486,0.21973869605291463,0,Low Risk,Bank,North America,Basic,583.09,85,7
INST_03520,0.21962476792050012,0,Low Risk,Bank,Europe,Professional,89361.84,1,1
INST_03269,0.2196186364720383,0,Low Risk,Investment Firm,Asia Pacific,Enterprise,1910.54,24,5
INST_02343,0.21922001594270424,0,Low Risk,Credit Union,Europe,Professional,4233.51,7,58
INST_04588,0.2191336322079919,0,Low Risk,Investment Firm,North America,Professional,1966.23,20,0
INST_04851,0.2190177568263147,0,Low Risk,Credit Union,Middle East,Professional,9920.96,6,5
INST_02134,0.21900002160597762,0,Low Risk,Insurance Company,Europe,Basic,5041.86,106,0
INST_01641,0.21877480376314856,0,Low Risk,Insurance Company,Asia Pacific,Enterprise,9416.57,8,15
INST_02990,0.21877110207597103,0,Low Risk,Bank,Asia Pacific,Enterprise,8848.34,8,4
INST_02917,0.21868932034541597,0,Low Risk,Insurance Company,North America,Professional,4636.7,39,17
INST_02601,0.21854806582367114,0,Low Risk,Bank,North America,Professional,39973.4,25,6
INST_00967,0.21840996659435521,0,Low Risk,Bank,North America,Professional,8215.56,16,16
INST_03916,0.21832731127351626,0,Low Risk,Insurance Company,Europe,Enterprise,6759.25,10,8
INST_04072,0.21828188315029043,0,Low Risk,Investment Firm,Europe,Professional,34879.38,9,4
INST_03085,0.21828139397952484,0,Low Risk,Investment Firm,Asia Pacific,Basic,3233.31,14,4
INST_03710,0.21826465224386474,0,Low Risk,Bank,Asia Pacific,Professional,4075.8,41,8
INST_00458,0.21814071433294427,0,Low Risk,Bank,Middle East,Basic,3969.33,27,3
INST_03716,0.21791623237320412,0,Low Risk,Bank,Europe,Professional,5578.92,18,0
INST_00257,0.21770220446198033,0,Low Risk,Investment Firm,Europe,Professional,624.87,4,5
INST_01765,0.21768278546481734,0,Low Risk,Bank,Latin America,Professional,10733.52,5,0
INST_03631,0.21764151441069143,0,Low Risk,Bank,North America,Basic,6037.34,8,4
INST_03024,0.2175673684139341,0,Low Risk,Bank,North America,Professional,98690.39,28,3
INST_02247,0.21748317712341392,0,Low Risk,Insurance Company,Latin America,Basic,7017.95,36,4
INST_02544,0.2173096169288007,0,Low Risk,Bank,North America,Basic,74455.79,14,10
INST_02761,0.2172644974571805,0,Low Risk,Bank,North America,Professional,987.53,40,13
INST_01349,0.21716437867530428,0,Low Risk,Bank,Asia Pacific,Enterprise,82608.54,3,5
INST_02555,0.2171106186559319,0,Low Risk,Payment Processor,Europe,Professional,15232.1,6,15
INST_04581,0.21681149091736518,0,Low Risk,Bank,Europe,Basic,500.0,16,2
INST_03458,0.2167820322701695,0,Low Risk,Investment Firm,Middle East,Enterprise,500.0,15,0
INST_01477,0.21665389185882822,0,Low Risk,Insurance Company,North America,Professional,10797.79,9,9
INST_02358,0.216641347598926,0,Low Risk,Credit Union,North America,Basic,1483.03,39,9
INST_01104,0.2163268515515221,0,Low Risk,Payment Processor,North America,Professional,6140.27,36,0
INST_03978,0.21623918305360137,0,Low Risk,Bank,Europe,Basic,11570.43,7,0
INST_03097,0.21616222068605892,0,Low Risk,Bank,North America,Basic,1217.11,72,3
INST_01910,0.2161379207869804,0,Low Risk,Bank,Europe,Enterprise,1321.18,73,2
INST_02623,0.2161153671452836,0,Low Risk,Payment Processor,Asia Pacific,Basic,974.03,109,15
INST_04694,0.21603944848088175,0,Low Risk,Credit Union,Europe,Basic,12113.98,30,3
INST_04113,0.21603164446035555,0,Low Risk,Bank,Europe,Professional,12209.8,11,1
INST_03368,0.21596365002690532,0,Low Risk,Bank,Europe,Enterprise,2138.33,9,1
INST_02993,0.21584561163796917,0,Low Risk,Credit Union,North America,Basic,1137.67,18,5
INST_04685,0.21548716399673268,0,Low Risk,Credit Union,Europe,Basic,16977.57,16,2
INST_01555,0.21536639982395495,0,Low Risk,Bank,Asia Pacific,Professional,60231.98,9,0
INST_04981,0.21510514462935276,0,Low Risk,Bank,Europe,Professional,2976.05,15,4
INST_02094,0.21508128252059294,0,Low Risk,Bank,North America,Professional,12206.67,47,14
INST_00550,0.21478674981207785,0,Low Risk,Credit Union,North America,Professional,1276.73,16,18
INST_04676,0.21478455115104564,0,Low Risk,Bank,Latin America,Basic,1550.77,28,2
INST_04035,0.21466179751762632,0,Low Risk,Payment Processor,Asia Pacific,Professional,29722.35,12,5
INST_03043,0.21455707711406327,0,Low Risk,Credit Union,Asia Pacific,Enterprise,17220.25,1,1
INST_03787,0.21452371253801716,0,Low Risk,Credit Union,Asia Pacific,Basic,500.0,65,2
INST_01169,0.21436891025431173,0,Low Risk,Bank,North America,Basic,1382.1,25,8
INST_02098,0.21432253752600816,0,Low Risk,Insurance Company,North America,Professional,31763.44,9,0
INST_01776,0.21424353613430355,0,Low Risk,Investment Firm,Asia Pacific,Basic,4779.45,25,5
INST_04430,0.2142273928259973,0,Low Risk,Investment Firm,Asia Pacific,Enterprise,1325.98,66,38
INST_00796,0.21397585623776683,0,Low Risk,Payment Processor,North America,Professional,10957.96,10,10
INST_01587,0.2139554343113198,0,Low Risk,Credit Union,North America,Basic,49730.78,7,1
INST_03258,0.21387395889286853,0,Low Risk,Credit Union,Europe,Basic,569.44,34,3
INST_02030,0.21377499860896043,0,Low Risk,Bank,Asia Pacific,Professional,500.0,17,5
INST_00809,0.21317420783789173,0,Low Risk,Bank,Europe,Professional,113727.72,6,7
INST_01916,0.21306688942588725,0,Low Risk,Payment Processor,North America,Enterprise,500.0,14,3
INST_04400,0.21302046223367957,0,Low Risk,Bank,Asia Pacific,Basic,26983.28,30,6
INST_03541,0.21299309486076481,0,Low Risk,Insurance Company,Asia Pacific,Enterprise,2528.07,79,15
INST_01315,0.21290488388279563,0,Low Risk,Investment Firm,Latin America,Professional,12346.24,16,0
INST_01250,0.21276610277142172,0,Low Risk,Insurance Company,Europe,Professional,48713.5,9,9
INST_04358,0.2127322216521127,0,Low Risk,Investment Firm,Latin America,Enterprise,823.31,9,15
INST_00922,0.2126371003584354,0,Low Risk,Payment Processor,North America,Professional,6701.07,6,3
INST_03822,0.21251585355142347,0,Low Risk,Insurance Company,North America,Enterprise,6640.15,14,0
INST_02056,0.2123496318796778,0,Low Risk,Credit Union,Asia Pacific,Enterprise,2706.14,15,30
INST_04093,0.21228045684503946,0,Low Risk,Payment Processor,Asia Pacific,Enterprise,3538.69,6,7
INST_01004,0.21214505522408458,0,Low Risk,Insurance Company,North America,Basic,14116.04,88,1
INST_03500,0.21190380767580472,0,Low Risk,Bank,Europe,Basic,5979.42,27,4
INST_03090,0.2117852348895821,0,Low Risk,Credit Union,Latin America,Basic,4396.8,85,1
INST_04788,0.21177912935402315,0,Low Risk,Credit Union,Europe,Basic,1512.93,53,1
INST_01688,0.21171066676202843,0,Low Risk,Investment Firm,Europe,Professional,3047.59,18,17
INST_02406,0.21165289845700586,0,Low Risk,Credit Union,Asia Pacific,Basic,6991.74,8,4
INST_00279,0.21163974763601456,0,Low Risk,Insurance Company,North America,Professional,12008.2,79,3
INST_04824,0.21147642760921972,0,Low Risk,Credit Union,Europe,Professional,2082.13,15,25
INST_03519,0.21116596801236387,0,Low Risk,Bank,Asia Pacific,Basic,8399.62,10,1
INST_01639,0.21104922519558209,0,Low Risk,Payment Processor,Europe,Professional,19129.87,41,26
INST_01778,0.21093958262722398,0,Low Risk,Bank,Middle East,Enterprise,6412.67,12,2
INST_04036,0.2109391543485406,0,Low Risk,Payment Processor,North America,Basic,1603.07,29,2
INST_00882,0.21056564070861314,0,Low Risk,Bank,North America,Professional,6925.65,9,5
INST_00658,0.2104999626249949,0,Low Risk,Investment Firm,Middle East,Professional,5832.15,6,6
INST_01967,0.21035877873689857,0,Low Risk,Credit Union,North America,Basic,4939.47,6,0
INST_00238,0.21031769410760576,0,Low Risk,Investment Firm,North America,Enterprise,908.35,13,2
INST_02602,0.21018905213435576,0,Low Risk,Insurance Company,Europe,Professional,16359.88,3,0
INST_04699,0.21004526740927545,0,Low Risk,Payment Processor,Asia Pacific,Professional,2728.46,22,4
INST_03482,0.2099895859419293,0,Low Risk,Bank,Latin America,Professional,1408.2,51,1
INST_00100,0.20990767535771518,0,Low Risk,Bank,Europe,Enterprise,9893.53,15,6
INST_00857,0.2097668282374191,0,Low Risk,Credit Union,North America,Basic,500.0,14,3
INST_01719,0.2096292320508272,0,Low Risk,Bank,North America,Professional,500.0,13,3
INST_04432,0.20932492550676152,0,Low Risk,Credit Union,Asia Pacific,Basic,4953.53,9,13
INST_01629,0.2092906085801112,0,Low Risk,Credit Union,Asia Pacific,Professional,24505.92,7,0
INST_02117,0.2088806567354727,0,Low Risk,Investment Firm,North America,Enterprise,19175.97,8,4
INST_00999,0.208803814159122,0,Low Risk,Credit Union,North America,Professional,700.59,56,7
INST_04246,0.20857432974352455,0,Low Risk,Bank,Europe,Basic,4800.54,46,6
INST_01290,0.20842322563513196,0,Low Risk,Credit Union,North America,Professional,5664.25,9,2
INST_01401,0.2083363704865857,0,Low Risk,Bank,Latin America,Professional,3458.36,38,39
INST_00502,0.20821579008662508,0,Low Risk,Bank,North America,Professional,27888.87,10,11
INST_02600,0.20813058855044883,0,Low Risk,Investment Firm,Asia Pacific,Basic,27807.53,9,1
INST_02552,0.20767097026715592,0,Low Risk,Insurance Company,Asia Pacific,Basic,2920.22,11,24
INST_04874,0.20741539399691816,0,Low Risk,Bank,Europe,Professional,123336.21,7,0
INST_01516,0.2073264041987561,0,Low Risk,Investment Firm,Asia Pacific,Professional,7024.83,15,0
INST_01757,0.20716873853502304,0,Low Risk,Credit Union,Europe,Enterprise,2345.91,55,3
INST_03224,0.20713475306565457,0,Low Risk,Bank,North America,Professional,809.87,4,3
INST_03477,0.20692360456032016,0,Low Risk,Credit Union,Asia Pacific,Professional,2893.16,7,1
INST_03795,0.20675907489942064,0,Low Risk,Investment Firm,Europe,Enterprise,4357.82,20,4
INST_04975,0.20658130836962926,0,Low Risk,Credit Union,North America,Professional,763.79,48,9
INST_04998,0.20639306607060184,0,Low Risk,Insurance Company,North America,Professional,12839.5,14,4
INST_02606,0.20627787201620837,0,Low Risk,Bank,North America,Professional,8280.71,1,0
INST_04768,0.205969625836169,0,Low Risk,Insurance Company,Middle East,Basic,3714.61,34,0
INST_01410,0.20594203340435754,0,Low Risk,Bank,North America,Basic,2761.97,9,1
INST_03745,0.2058643495285226,0,Low Risk,Bank,Europe,Professional,500.0,55,7
INST_04142,0.2058555264431165,0,Low Risk,Bank,Middle East,Professional,2408.17,27,9
INST_02887,0.20578271018139382,0,Low Risk,Credit Union,North America,Professional,18288.66,17,1
INST_03443,0.20572978625911578,0,Low Risk,Payment Processor,Europe,Professional,31564.61,6,6
INST_03646,0.20557081372530867,0,Low Risk,Credit Union,Europe,Professional,4086.52,6,5
INST_03067,0.2054413579722063,0,Low Risk,Payment Processor,North America,Professional,30597.51,26,4
INST_02279,0.20500987693163059,0,Low Risk,Bank,Europe,Professional,37719.32,6,0
INST_03727,0.20486260648542123,0,Low Risk,Bank,North America,Enterprise,500.0,2,20
INST_03323,0.20477202294818825,0,Low Risk,Investment Firm,Europe,Professional,20131.46,6,6
INST_02630,0.20476422336862737,0,Low Risk,Investment Firm,Europe,Professional,20948.24,32,6
INST_03565,0.20470232812437206,0,Low Risk,Insurance Company,Europe,Professional,500.0,51,1
INST_03868,0.20429186073693034,0,Low Risk,Investment Firm,Europe,Professional,2820.44,2,12
INST_03459,0.2040387187572685,0,Low Risk,Investment Firm,North America,Basic,4631.47,16,9
INST_03569,0.20400482412975504,0,Low Risk,Payment Processor,North America,Enterprise,2975.21,16,2
INST_03049,0.2039474177614473,0,Low Risk,Bank,North America,Professional,4174.31,65,16
INST_04491,0.2039414807164034,0,Low Risk,Investment Firm,North America,Professional,40440.84,95,26
INST_03194,0.20388683659792187,0,Low Risk,Credit Union,North America,Professional,1313.45,20,13
INST_00195,0.2037699972217838,0,Low Risk,Bank,Asia Pacific,Enterprise,1613.01,11,3
INST_00973,0.20372354311079213,0,Low Risk,Bank,Latin America,Professional,887.89,17,16
INST_04870,0.20371241653871247,0,Low Risk,Credit Union,North America,Basic,2683.71,29,2
INST_03729,0.20356220020780375,0,Low Risk,Investment Firm,North America,Basic,500.0,16,20
INST_00953,0.2034758465037131,0,Low Risk,Payment Processor,Europe,Basic,8641.67,9,2
INST_04762,0.20268542136655715,0,Low Risk,Insurance Company,Middle East,Basic,5153.22,54,0
INST_03965,0.2026403854722942,0,Low Risk,Insurance Company,Asia Pacific,Professional,4374.8,4,5
INST_01958,0.20220953738820557,0,Low Risk,Investment Firm,Asia Pacific,Professional,1346.07,52,29
INST_04465,0.20186999436768616,0,Low Risk,Credit Union,Middle East,Professional,14638.4,7,1
INST_04153,0.20186783897926028,0,Low Risk,Credit Union,Europe,Basic,6685.64,7,0
INST_04641,0.20172822106369864,0,Low Risk,Bank,Europe,Professional,4489.48,53,4
INST_03095,0.2016474133619808,0,Low Risk,Investment Firm,Latin America,Enterprise,51427.11,18,10
INST_04379,0.20161122629342895,0,Low Risk,Credit Union,North America,Basic,22352.26,31,13
INST_04878,0.20156369589580847,0,Low Risk,Credit Union,Asia Pacific,Professional,1594.68,16,9
INST_02147,0.20148684038604148,0,Low Risk,Credit Union,North America,Basic,72564.48,6,7
INST_03318,0.20129984823989985,0,Low Risk,Insurance Company,Latin America,Enterprise,13432.78,28,0
INST_00831,0.201287170792783,0,Low Risk,Credit Union,Europe,Basic,9279.07,8,12
INST_02842,0.20127860887090937,0,Low Risk,Payment Processor,North America,Professional,592.44,81,2
INST_04044,0.2010190252054602,0,Low Risk,Credit Union,Europe,Basic,28987.38,16,4
INST_02585,0.20089876627663641,0,Low Risk,Investment Firm,Asia Pacific,Basic,438802.39,7,13
INST_01198,0.2008869681716119,0,Low Risk,Insurance Company,North America,Professional,10407.67,23,1
INST_02054,0.20065309940229553,0,Low Risk,Insurance Company,Europe,Professional,1602.09,17,9
INST_00352,0.2003378451616808,0,Low Risk,Investment Firm,North America,Basic,740.1,24,21
INST_00731,0.200214711375078,0,Low Risk,Insurance Company,North America,Enterprise,29777.09,36,12
INST_01125,0.1997067864336148,0,Low Risk,Investment Firm,Asia Pacific,Professional,1602.65,18,10
INST_00376,0.199642947334029,0,Low Risk,Insurance Company,Europe,Basic,45707.03,44,1
INST_03402,0.19962213297764347,0,Low Risk,Payment Processor,Europe,Professional,2043.96,102,18
INST_00207,0.1996153607062066,0,Low Risk,Investment Firm,Europe,Basic,760.36,34,4
INST_00311,0.19958135660630316,0,Low Risk,Bank,Europe,Basic,1616.77,28,8
INST_01167,0.19957611260345576,0,Low Risk,Credit Union,Middle East,Basic,1334.3,105,7
INST_00551,0.19954549369809257,0,Low Risk,Payment Processor,North America,Professional,1124.43,8,6
INST_02276,0.19927957341801364,0,Low Risk,Insurance Company,North America,Professional,11492.88,17,1
INST_04946,0.19924565223936916,0,Low Risk,Investment Firm,North America,Basic,18220.8,7,0
INST_04319,0.1989919020223986,0,Low Risk,Credit Union,Asia Pacific,Basic,760.4,120,11
INST_03178,0.19892891816578068,0,Low Risk,Insurance Company,North America,Basic,1964.64,25,10
INST_02612,0.1989273267080138,0,Low Risk,Bank,Latin America,Basic,767.54,33,0
INST_04378,0.1988808341707183,0,Low Risk,Bank,Latin America,Professional,4214.35,8,3
INST_01056,0.1988083860781185,0,Low Risk,Insurance Company,Europe,Professional,9137.62,10,11
INST_01064,0.19872123786430795,0,Low Risk,Credit Union,North America,Basic,6680.27,1,8
INST_04460,0.198634541833974,0,Low Risk,Credit Union,Asia Pacific,Enterprise,2552.27,9,11
INST_03620,0.19858447158449713,0,Low Risk,Investment Firm,Middle East,Professional,2625.46,22,2
INST_03001,0.19858139245216422,0,Low Risk,Insurance Company,Asia Pacific,Basic,3016.68,12,1
INST_02666,0.1984934155409685,0,Low Risk,Bank,Europe,Enterprise,55402.96,16,1
INST_03514,0.1984068125590257,0,Low Risk,Payment Processor,North America,Basic,9338.79,41,8
INST_02097,0.19837879012212795,0,Low Risk,Investment Firm,North America,Enterprise,1269.54,6,1
INST_02502,0.1983718284272789,0,Low Risk,Investment Firm,North America,Basic,17473.68,60,1
INST_00300,0.1982562149289911,0,Low Risk,Bank,Asia Pacific,Enterprise,5839.56,109,0
INST_03798,0.1979335779327268,0,Low Risk,Bank,North America,Enterprise,55948.04,49,1
INST_04069,0.19793305475295575,0,Low Risk,Insurance Company,North America,Basic,68632.48,3,2
INST_00351,0.19792372110183454,0,Low Risk,Payment Processor,Middle East,Professional,17183.07,16,0
INST_00570,0.19787894156900937,0,Low Risk,Credit Union,Middle East,Professional,500.0,49,2
INST_01341,0.19770369731346726,0,Low Risk,Credit Union,Europe,Basic,5136.55,31,44
INST_02292,0.19763171536908367,0,Low Risk,Bank,North America,Enterprise,500.0,6,7
INST_01181,0.1975735402399182,0,Low Risk,Bank,North America,Enterprise,1565.5,57,4
INST_00162,0.1975558994282704,0,Low Risk,Investment Firm,North America,Professional,4583.18,14,7
INST_02886,0.19749008556857536,0,Low Risk,Credit Union,North America,Professional,4008.51,9,16
INST_00547,0.1973603063278109,0,Low Risk,Investment Firm,North America,Enterprise,834.14,6,4
INST_04492,0.19724653377178558,0,Low Risk,Investment Firm,North America,Basic,7235.47,40,3
INST_00110,0.1971736645416201,0,Low Risk,Bank,Middle East,Basic,995.63,34,5
INST_01887,0.1970620609888406,0,Low Risk,Bank,North America,Basic,1525.11,19,8
INST_02615,0.19695933208615124,0,Low Risk,Bank,Europe,Professional,3707.68,11,2
INST_00514,0.1968981240415524,0,Low Risk,Bank,North America,Professional,1966.02,15,5
INST_00398,0.19686481606298545,0,Low Risk,Insurance Company,North America,Professional,928.73,18,0
INST_02135,0.1966543691874273,0,Low Risk,Payment Processor,Asia Pacific,Professional,1470.01,72,3
INST_02193,0.19661353067825346,0,Low Risk,Investment Firm,North America,Professional,1887.98,14,22
INST_04514,0.19659955032609713,0,Low Risk,Investment Firm,Europe,Professional,2075.69,27,0
INST_04559,0.1965761468496142,0,Low Risk,Payment Processor,Europe,Basic,51605.99,9,1
INST_04722,0.1964764145136159,0,Low Risk,Bank,Asia Pacific,Professional,14850.43,16,2
INST_00496,0.1964541942999798,0,Low Risk,Investment Firm,Europe,Professional,500.0,12,2
INST_04854,0.1964046674232046,0,Low Risk,Investment Firm,Latin America,Professional,6205.14,7,4
INST_04522,0.19638818298575217,0,Low Risk,Payment Processor,Latin America,Enterprise,2113.23,12,8
INST_00397,0.19622865081829188,0,Low Risk,Credit Union,Europe,Professional,2962.37,38,0
INST_02796,0.19618852205468645,0,Low Risk,Bank,Latin America,Enterprise,8574.45,14,8
INST_03332,0.19618800583579557,0,Low Risk,Bank,Asia Pacific,Professional,4913.61,10,8
INST_03515,0.19583211594000688,0,Low Risk,Payment Processor,North America,Professional,1894.74,11,2
INST_04462,0.19582628099365137,0,Low Risk,Payment Processor,Asia Pacific,Basic,4227.06,30,6
INST_00643,0.1957589117147341,0,Low Risk,Bank,North America,Enterprise,2413.62,8,4
INST_04803,0.19568088386538052,0,Low Risk,Bank,Asia Pacific,Basic,2983.87,21,0
INST_02816,0.19557928469963873,0,Low Risk,Credit Union,North America,Professional,11155.97,15,0
INST_00045,0.19544097049706244,0,Low Risk,Investment Firm,Europe,Professional,7498.45,20,1
INST_00579,0.1953033791967432,0,Low Risk,Bank,Europe,Enterprise,629.88,33,1
INST_01709,0.19522161591768164,0,Low Risk,Investment Firm,Latin America,Professional,22211.37,15,18
INST_02156,0.19513412809269923,0,Low Risk,Bank,Europe,Basic,3702.47,42,0
INST_01338,0.19512174154920056,0,Low Risk,Bank,Europe,Enterprise,1985.07,18,11
INST_02507,0.19503243913334445,0,Low Risk,Credit Union,North America,Enterprise,500.0,28,6
INST_04743,0.19496546979993493,0,Low Risk,Payment Processor,Asia Pacific,Professional,3120.62,14,10
INST_01405,0.19439811969234264,0,Low Risk,Credit Union,Latin America,Professional,37074.87,54,1
INST_02366,0.19416717844874234,0,Low Risk,Bank,Europe,Enterprise,4074.49,31,3
INST_02004,0.1940886141979185,0,Low Risk,Bank,North America,Professional,500.0,53,1
INST_04369,0.19377212141089,0,Low Risk,Bank,Europe,Professional,4889.98,8,4
INST_00122,0.19371755342207922,0,Low Risk,Bank,North America,Enterprise,11135.38,17,17
INST_00324,0.19371338687468304,0,Low Risk,Payment Processor,North America,Basic,111777.76,6,6
INST_03885,0.19360258346337436,0,Low Risk,Payment Processor,Asia Pacific,Enterprise,49640.94,30,6
INST_00431,0.19359034079024734,0,Low Risk,Insurance Company,North America,Basic,6285.06,92,8
INST_02905,0.1934956757685118,0,Low Risk,Bank,Middle East,Professional,1369.96,64,2
INST_01417,0.19345804213444795,0,Low Risk,Bank,Latin America,Professional,17531.12,22,3
INST_03158,0.19344318901780255,0,Low Risk,Insurance Company,Europe,Enterprise,19001.53,9,17
INST_02455,0.19340761714720142,0,Low Risk,Bank,Middle East,Basic,19461.46,17,10
INST_02123,0.1933741991336229,0,Low Risk,Credit Union,Latin America,Enterprise,649.22,38,2
INST_02298,0.193299528731613,0,Low Risk,Bank,North America,Basic,5365.78,22,1
INST_03007,0.1932281600118558,0,Low Risk,Bank,North America,Enterprise,5385.49,64,7
INST_00259,0.1931648558091958,0,Low Risk,Bank,Latin America,Basic,9498.5,24,13
INST_01402,0.19311774011068011,0,Low Risk,Bank,North America,Enterprise,2754.51,13,7
INST_00964,0.1931121791956509,0,Low Risk,Bank,Europe,Enterprise,1270.76,26,1
INST_02744,0.1930383775483098,0,Low Risk,Investment Firm,Europe,Enterprise,500.0,10,6
INST_02538,0.19302280919412163,0,Low Risk,Insurance Company,Europe,Basic,1316.41,71,4
INST_02347,0.1929687598298361,0,Low Risk,Credit Union,Europe,Professional,15701.34,28,1
INST_01602,0.1928753868696934,0,Low Risk,Bank,North America,Enterprise,31544.19,27,0
INST_03996,0.19284024073416095,0,Low Risk,Bank,North America,Enterprise,30508.98,6,3
INST_01982,0.19273327041244304,0,Low Risk,Credit Union,Latin America,Professional,3962.03,73,1
INST_00014,0.1926813752339161,0,Low Risk,Bank,North America,Professional,3753.67,48,8
INST_00782,0.19265509691222893,0,Low Risk,Bank,Europe,Enterprise,3521.38,6,1
INST_03601,0.19262078087866807,0,Low Risk,Investment Firm,Asia Pacific,Basic,13173.04,18,4
INST_02966,0.19256675309663063,0,Low Risk,Insurance Company,North America,Professional,6616.74,44,10
INST_03160,0.19254280552709044,0,Low Risk,Credit Union,Middle East,Professional,657.34,26,10
INST_00624,0.1923142311013611,0,Low Risk,Investment Firm,North America,Enterprise,2875.92,14,4
INST_04411,0.19217680504128443,0,Low Risk,Bank,Asia Pacific,Professional,2526.61,1,6
INST_00132,0.19217629469264136,0,Low Risk,Bank,North America,Professional,500.0,58,14
INST_00986,0.19213159179253966,0,Low Risk,Investment Firm,Europe,Basic,500.0,93,6
INST_02618,0.19209226678340507,0,Low Risk,Insurance Company,Middle East,Basic,500.0,72,6
INST_02788,0.1918672980537483,0,Low Risk,Payment Processor,North America,Professional,89221.12,6,5
INST_00709,0.19184273366628343,0,Low Risk,Investment Firm,Latin America,Basic,2631.85,19,0
INST_03525,0.19175768759133033,0,Low Risk,Bank,North America,Enterprise,5424.79,55,9
INST_00925,0.1917356544301074,0,Low Risk,Bank,Asia Pacific,Basic,27321.85,50,1
INST_03485,0.19170861679770426,0,Low Risk,Investment Firm,Asia Pacific,Enterprise,500.0,14,5
INST_04687,0.19167680113789864,0,Low Risk,Bank,North America,Professional,21545.23,12,6
INST_00663,0.1916134636218146,0,Low Risk,Bank,Europe,Professional,4034.38,11,1
INST_04206,0.19131822184372183,0,Low Risk,Investment Firm,Europe,Professional,1370.48,73,3
INST_02399,0.1911737392766317,0,Low Risk,Investment Firm,North America,Basic,45739.1,94,0
INST_02019,0.19091016720376427,0,Low Risk,Investment Firm,Asia Pacific,Basic,686.5,31,2
INST_02355,0.19040244063331627,0,Low Risk,Bank,Asia Pacific,Basic,2560.64,11,11
INST_02024,0.19023018889946283,0,Low Risk,Credit Union,Europe,Professional,500.0,37,0
INST_00129,0.19011703969782437,0,Low Risk,Credit Union,Latin America,Professional,11326.47,10,2
INST_04535,0.19007896504931193,0,Low Risk,Investment Firm,Europe,Basic,232709.06,17,2
INST_04928,0.1899439244208047,0,Low Risk,Insurance Company,Asia Pacific,Basic,1270.1,57,7
INST_04849,0.18973803657313643,0,Low Risk,Bank,Europe,Professional,6032.4,8,1
INST_00029,0.18967790266816104,0,Low Risk,Bank,North America,Professional,4040.65,10,2
INST_03505,0.18966866295405505,0,Low Risk,Investment Firm,Asia Pacific,Enterprise,22036.08,35,4
INST_00676,0.1896299023862305,0,Low Risk,Bank,Europe,Enterprise,20871.94,8,7
INST_03037,0.1895903502375751,0,Low Risk,Payment Processor,Latin America,Professional,2934.38,28,12
INST_00442,0.1895426736656733,0,Low Risk,Credit Union,North America,Enterprise,1691.45,17,7
INST_01472,0.18946464309712574,0,Low Risk,Payment Processor,Europe,Enterprise,17993.07,8,2
INST_01377,0.1894601072322925,0,Low Risk,Credit Union,Asia Pacific,Professional,3545.11,15,2
INST_02354,0.1893794830665983,0,Low Risk,Insurance Company,North America,Professional,1054.33,7,8
INST_00477,0.18935301186390383,0,Low Risk,Investment Firm,Asia Pacific,Basic,1328.98,18,18
INST_02014,0.1891506190995072,0,Low Risk,Credit Union,Europe,Basic,871.7,8,1
INST_04294,0.18906671684518206,0,Low Risk,Credit Union,Latin America,Professional,11173.0,72,12
INST_00736,0.18893189200579388,0,Low Risk,Credit Union,Europe,Professional,8703.82,7,6
INST_03990,0.1889201906327211,0,Low Risk,Bank,North America,Basic,2104.55,11,16
INST_02000,0.1887950423080391,0,Low Risk,Bank,North America,Professional,3522.04,40,6
INST_00873,0.18877139317829733,0,Low Risk,Credit Union,Asia Pacific,Basic,19203.22,18,6
INST_00897,0.1884852635523063,0,Low Risk,Payment Processor,North America,Basic,6746.45,53,4
INST_02289,0.18841925855268293,0,Low Risk,Bank,Asia Pacific,Basic,2559.93,19,10
INST_02267,0.18839048044506637,0,Low Risk,Insurance Company,North America,Professional,1439.58,19,0
INST_00666,0.1883677808949176,0,Low Risk,Bank,Asia Pacific,Basic,4556.68,18,0
INST_03293,0.18822104654026664,0,Low Risk,Credit Union,North America,Basic,7681.9,14,12
INST_03555,0.187903737486624,0,Low Risk,Investment Firm,Asia Pacific,Professional,1636.4,120,4
INST_02855,0.18782677655959065,0,Low Risk,Credit Union,Europe,Basic,500.0,120,0
INST_04421,0.18781893924667098,0,Low Risk,Payment Processor,Europe,Professional,6025.99,18,3
INST_01174,0.18777929654640985,0,Low Risk,Investment Firm,Europe,Enterprise,6723.29,120,8
INST_04281,0.18767934687139057,0,Low Risk,Insurance Company,Latin America,Professional,19628.72,80,23
INST_03854,0.18758984671235623,0,Low Risk,Investment Firm,Europe,Basic,21835.81,11,3
INST_04597,0.18758217687623638,0,Low Risk,Bank,North America,Enterprise,839.68,13,1
INST_02834,0.1875162263702949,0,Low Risk,Credit Union,North America,Professional,1519.16,13,1
INST_03997,0.18745162610658994,0,Low Risk,Credit Union,Middle East,Professional,8915.07,7,0
INST_01767,0.1874122842798991,0,Low Risk,Credit Union,North America,Basic,9048.76,6,3
INST_04251,0.18729216836795615,0,Low Risk,Bank,Europe,Enterprise,22172.11,12,1
INST_00404,0.18710463469175662,0,Low Risk,Bank,North America,Enterprise,11943.9,64,9
INST_00039,0.18630287862760336,0,Low Risk,Credit Union,Latin America,Basic,1229.73,12,20
INST_03922,0.18626196691494812,0,Low Risk,Insurance Company,Europe,Basic,12969.81,27,1
INST_04202,0.18620335173399322,0,Low Risk,Bank,Europe,Professional,2254.36,48,19
INST_04205,0.18615671193319813,0,Low Risk,Credit Union,North America,Professional,8271.71,34,1
INST_01189,0.18607933360723827,0,Low Risk,Insurance Company,North America,Professional,500.0,24,7
INST_01044,0.1858220113887214,0,Low Risk,Payment Processor,Asia Pacific,Professional,4513.36,10,5
INST_04055,0.18577706112113965,0,Low Risk,Bank,Middle East,Enterprise,6799.53,120,4
INST_01826,0.18571005259163795,0,Low Risk,Bank,North America,Professional,2045.75,21,5
INST_00165,0.18560235734782055,0,Low Risk,Insurance Company,Middle East,Basic,6065.02,4,9
INST_03671,0.18524188317608029,0,Low Risk,Bank,North America,Basic,2737.79,113,14
INST_04840,0.185171774376533,0,Low Risk,Payment Processor,Latin America,Basic,1099.15,112,2
INST_00559,0.18490430944672595,0,Low Risk,Investment Firm,Europe,Enterprise,8173.05,57,3
INST_03210,0.1848576126364491,0,Low Risk,Bank,North America,Professional,8908.79,7,0
INST_03767,0.18485439737637355,0,Low Risk,Credit Union,North America,Professional,28795.0,9,14
INST_04764,0.18485003523969126,0,Low Risk,Credit Union,Latin America,Enterprise,5460.61,9,0
INST_01464,0.1847403615226959,0,Low Risk,Payment Processor,Asia Pacific,Professional,35027.17,6,6
INST_02523,0.18461613699742185,0,Low Risk,Credit Union,Asia Pacific,Professional,1360.07,43,0
INST_04898,0.18459539341414474,0,Low Risk,Bank,Asia Pacific,Basic,9926.64,59,16
INST_02772,0.18450104916495458,0,Low Risk,Insurance Company,North America,Basic,7084.22,8,5
INST_01624,0.18449063020377143,0,Low Risk,Bank,Asia Pacific,Basic,39435.27,15,7
INST_04485,0.18434322472750977,0,Low Risk,Insurance Company,Europe,Professional,18725.03,7,3
INST_00130,0.18413324835297604,0,Low Risk,Credit Union,Europe,Enterprise,14729.85,7,15
INST_04349,0.18409513933934588,0,Low Risk,Investment Firm,Latin America,Professional,3899.42,120,1
INST_02892,0.18389589481345947,0,Low Risk,Insurance Company,Asia Pacific,Basic,500.0,68,1
INST_02946,0.18386094883333196,0,Low Risk,Credit Union,Europe,Professional,553.79,12,13
INST_02110,0.1838408818693995,0,Low Risk,Bank,Asia Pacific,Basic,1321.0,32,14
INST_00134,0.18372442431321656,0,Low Risk,Payment Processor,Middle East,Basic,2445.3,35,5
INST_00146,0.18366909756997707,0,Low Risk,Investment Firm,Europe,Professional,897.8,29,13
INST_01903,0.18356705972055384,0,Low Risk,Bank,Europe,Professional,1463.55,10,8
INST_04798,0.18348610640447774,0,Low Risk,Bank,Europe,Professional,511.1,47,0
INST_03752,0.18337748261521852,0,Low Risk,Bank,North America,Basic,15476.81,8,1
INST_02517,0.18323202821667045,0,Low Risk,Credit Union,North America,Enterprise,1046.67,18,5
INST_04800,0.18322349331080523,0,Low Risk,Bank,Asia Pacific,Enterprise,2380.23,70,2
INST_03410,0.18309429085136833,0,Low Risk,Credit Union,Europe,Basic,123493.76,16,13
INST_02830,0.1830424697837707,0,Low Risk,Credit Union,North America,Professional,3414.08,6,9
INST_00199,0.1829753318570716,0,Low Risk,Insurance Company,North America,Basic,2688.13,18,3
INST_03304,0.18258269888576226,0,Low Risk,Bank,North America,Professional,2914.23,13,2
INST_00591,0.18256300469707157,0,Low Risk,Investment Firm,Europe,Professional,3864.53,22,15
INST_04331,0.18253479566314265,0,Low Risk,Bank,Asia Pacific,Basic,13019.72,47,0
INST_01749,0.18248218655853082,0,Low Risk,Bank,Europe,Basic,43164.86,4,27
INST_02271,0.1822711941198467,0,Low Risk,Credit Union,Middle East,Basic,500.0,46,3
INST_02809,0.18225553023667967,0,Low Risk,Insurance Company,North America,Professional,5579.54,7,7
INST_00038,0.1821777614024964,0,Low Risk,Investment Firm,Asia Pacific,Professional,21799.69,48,1
INST_00642,0.18214047373023454,0,Low Risk,Bank,North America,Professional,7046.69,54,37
INST_01566,0.1821258359487337,0,Low Risk,Investment Firm,Asia Pacific,Basic,39195.01,17,12
INST_00459,0.18185893249404775,0,Low Risk,Bank,Middle East,Professional,1737.47,19,0
INST_02590,0.18184125814380084,0,Low Risk,Insurance Company,North America,Enterprise,9828.98,7,18
INST_00940,0.1818388442095099,0,Low Risk,Bank,Europe,Professional,3986.99,13,2
INST_00761,0.18157757392064608,0,Low Risk,Bank,Latin America,Professional,500.0,8,0
INST_04950,0.18136708272973295,0,Low Risk,Credit Union,Europe,Professional,1698.8,17,6
INST_01041,0.18134143070859257,0,Low Risk,Insurance Company,North America,Professional,3415.88,54,1
INST_04033,0.1810318079397634,0,Low Risk,Payment Processor,Asia Pacific,Basic,13505.22,9,1
INST_01642,0.18101747858804795,0,Low Risk,Credit Union,Europe,Professional,7236.7,44,2
INST_03883,0.18097425834508332,0,Low Risk,Bank,North America,Basic,3702.45,9,10
INST_01227,0.1809207221293217,0,Low Risk,Bank,Middle East,Enterprise,1094.71,55,13
INST_01268,0.18090240637535593,0,Low Risk,Investment Firm,North America,Enterprise,1952.61,27,1
INST_03692,0.18087105587110566,0,Low Risk,Insurance Company,North America,Professional,9424.61,27,5
INST_02079,0.18082251538758648,0,Low Risk,Insurance Company,Asia Pacific,Professional,20356.37,59,1
INST_04292,0.1805573245230679,0,Low Risk,Investment Firm,Europe,Basic,3568.6,38,8
INST_01936,0.18052728124094228,0,Low Risk,Bank,North America,Professional,13002.09,6,0
INST_00288,0.18051714155764523,0,Low Risk,Bank,North America,Professional,1292.8,30,13
INST_04784,0.18020806000562825,0,Low Risk,Credit Union,Europe,Professional,3555.34,19,4
INST_03307,0.18008744825250095,0,Low Risk,Bank,North America,Enterprise,3100.51,31,11
INST_02078,0.18003893138619517,0,Low Risk,Payment Processor,Europe,Basic,11697.46,32,14
INST_03040,0.1800342329379312,0,Low Risk,Bank,Middle East,Professional,4540.44,19,2
INST_02270,0.1798061338229842,0,Low Risk,Bank,North America,Enterprise,26765.8,16,8
INST_03025,0.17971716538432933,0,Low Risk,Credit Union,Europe,Basic,7997.91,52,3
INST_01049,0.1796816607505038,0,Low Risk,Bank,Latin America,Basic,1142.49,34,1
INST_01814,0.17949845846886095,0,Low Risk,Bank,Europe,Basic,5763.65,21,4
INST_01621,0.17942591859407903,0,Low Risk,Bank,Europe,Basic,11883.82,40,2
INST_02244,0.17926969697257167,0,Low Risk,Payment Processor,North America,Basic,6458.45,16,3
INST_03939,0.17917472646767038,0,Low Risk,Credit Union,North America,Enterprise,5307.96,14,2
INST_00956,0.17914510581584348,0,Low Risk,Credit Union,North America,Professional,8624.41,34,4
INST_02192,0.17893488257760548,0,Low Risk,Investment Firm,Europe,Enterprise,500.0,10,1
INST_02906,0.17879468700073808,0,Low Risk,Payment Processor,North America,Professional,6919.71,12,5
INST_02407,0.17859781799395857,0,Low Risk,Bank,Middle East,Basic,7907.9,16,5
INST_03618,0.17826178701942935,0,Low Risk,Insurance Company,North America,Basic,2508.21,11,12
INST_02901,0.17788175734389902,0,Low Risk,Insurance Company,North America,Basic,19012.04,11,2
INST_01301,0.17785496366098347,0,Low Risk,Payment Processor,Europe,Basic,2851.31,23,8
INST_02383,0.17767606085682353,0,Low Risk,Credit Union,Europe,Professional,23033.88,16,2
INST_03299,0.17766515368365796,0,Low Risk,Insurance Company,Asia Pacific,Basic,732.26,32,15
INST_00091,0.17762332434149009,0,Low Risk,Insurance Company,North America,Basic,4347.01,24,3
INST_04660,0.17754484940511125,0,Low Risk,Credit Union,Europe,Enterprise,2006.08,86,3
INST_03785,0.17744153953206132,0,Low Risk,Bank,Europe,Basic,996.08,25,2
INST_04469,0.17738053857757283,0,Low Risk,Payment Processor,North America,Basic,6083.01,12,5
INST_01897,0.17671657242065902,0,Low Risk,Bank,North America,Enterprise,26975.91,10,0
INST_04604,0.1766842296149202,0,Low Risk,Insurance Company,Asia Pacific,Professional,6339.98,120,2
INST_04666,0.17656906907397063,0,Low Risk,Bank,North America,Basic,11198.08,15,10
INST_01761,0.17656280432782062,0,Low Risk,Insurance Company,North America,Basic,500.0,61,1
INST_03221,0.1763608761721774,0,Low Risk,Bank,North America,Enterprise,40699.13,26,3
INST_00991,0.17606425821560084,0,Low Risk,Investment Firm,Europe,Professional,6316.88,12,3
INST_00921,0.1759021296903106,0,Low Risk,Credit Union,Middle East,Professional,500.0,63,4
INST_01135,0.1758911316671722,0,Low Risk,Bank,North America,Basic,2983.16,15,9
INST_04935,0.1756679800149698,0,Low Risk,Credit Union,North America,Enterprise,2547.44,6,11
INST_03479,0.17539803590635134,0,Low Risk,Credit Union,Middle East,Enterprise,4681.34,20,5
INST_02751,0.1753716124372098,0,Low Risk,Investment Firm,Asia Pacific,Basic,71559.58,8,3
INST_00968,0.17527225811130662,0,Low Risk,Investment Firm,Latin America,Professional,13826.29,11,1
INST_04650,0.17496339306695838,0,Low Risk,Bank,North America,Basic,32002.38,8,5
INST_00051,0.17491898962751926,0,Low Risk,Insurance Company,Asia Pacific,Professional,7276.46,35,7
INST_01950,0.17486462201488806,0,Low Risk,Bank,Asia Pacific,Enterprise,5858.28,76,6
INST_03297,0.17481756488716158,0,Low Risk,Bank,Europe,Professional,2475.17,75,3
INST_02755,0.17478398272173348,0,Low Risk,Bank,Asia Pacific,Enterprise,6705.56,9,3
INST_01833,0.17477739885312077,0,Low Risk,Insurance Company,Latin America,Enterprise,734.85,43,12
INST_04921,0.17465080980543607,0,Low Risk,Insurance Company,Latin America,Enterprise,95130.45,10,8
INST_03884,0.174354186615855,0,Low Risk,Payment Processor,Asia Pacific,Basic,4845.53,43,2
INST_02879,0.1743211835307433,0,Low Risk,Bank,North America,Basic,7920.37,13,1
INST_01492,0.17399014726021844,0,Low Risk,Bank,Europe,Professional,5383.7,12,8
INST_02320,0.17397939633357593,0,Low Risk,Payment Processor,North America,Professional,10378.44,11,17
INST_01554,0.17385783769819685,0,Low Risk,Bank,Asia Pacific,Professional,2400.39,70,6
INST_00788,0.17370096452915024,0,Low Risk,Credit Union,Middle East,Professional,500.0,10,5
INST_02867,0.17348645084117847,0,Low Risk,Insurance Company,North America,Basic,15531.95,8,8
INST_00326,0.17344116294052167,0,Low Risk,Investment Firm,North America,Professional,2101.05,24,4
INST_04755,0.1733621779087155,0,Low Risk,Payment Processor,North America,Professional,11414.02,12,4
INST_01006,0.17334552619518084,0,Low Risk,Investment Firm,Europe,Professional,16372.59,15,9
INST_01505,0.17285099769222764,0,Low Risk,Credit Union,Asia Pacific,Enterprise,7511.34,11,10
INST_01680,0.17260480044916574,0,Low Risk,Bank,Asia Pacific,Basic,7159.23,63,4
INST_03338,0.17260047073379273,0,Low Risk,Investment Firm,Europe,Professional,62975.35,11,13
INST_04412,0.17253543448991635,0,Low Risk,Investment Firm,Asia Pacific,Professional,1432.6,17,3
INST_04502,0.1722327533244676,0,Low Risk,Bank,Europe,Basic,1689.44,23,11
INST_01166,0.17207890527207043,0,Low Risk,Insurance Company,Europe,Basic,3024.79,15,11
INST_01973,0.17207827917826266,0,Low Risk,Credit Union,Europe,Professional,5494.59,66,3
INST_04658,0.17198334029791343,0,Low Risk,Bank,Europe,Basic,10524.36,48,25
INST_01412,0.1718416580732676,0,Low Risk,Bank,Latin America,Basic,941.42,29,6
INST_01058,0.17178098197555336,0,Low Risk,Credit Union,Asia Pacific,Basic,5208.09,13,8
INST_00609,0.17165142057231528,0,Low Risk,Investment Firm,Europe,Enterprise,6547.28,19,15
INST_03882,0.17162813093683266,0,Low Risk,Payment Processor,North America,Professional,28502.1,23,8
INST_04596,0.171605752632644,0,Low Risk,Insurance Company,Europe,Enterprise,16038.11,120,10
INST_02356,0.17152045541251534,0,Low Risk,Payment Processor,Middle East,Enterprise,8103.95,7,1
INST_02954,0.171514065468609,0,Low Risk,Payment Processor,Latin America,Professional,166287.6,51,6
INST_01204,0.17143828478783857,0,Low Risk,Credit Union,North America,Enterprise,20012.18,120,0
INST_04929,0.1713338968005279,0,Low Risk,Payment Processor,Latin America,Professional,3634.42,71,8
INST_01122,0.1712565512058221,0,Low Risk,Payment Processor,North America,Professional,2409.07,6,7
INST_04970,0.17073058733155924,0,Low Risk,Credit Union,North America,Enterprise,3289.18,9,15
INST_02912,0.17062906437851932,0,Low Risk,Insurance Company,Europe,Enterprise,28115.73,22,1
INST_04504,0.17033129498146699,0,Low Risk,Credit Union,North America,Basic,50802.9,10,2
INST_02980,0.1702938687903382,0,Low Risk,Credit Union,North America,Basic,500.0,14,1
INST_00804,0.17015488037001816,0,Low Risk,Credit Union,North America,Enterprise,1329.84,13,11
INST_03735,0.16999749668261674,0,Low Risk,Credit Union,Middle East,Basic,4182.15,52,12
INST_01803,0.16993214655349145,0,Low Risk,Bank,Europe,Enterprise,1770.45,37,1
INST_04516,0.16992831297995045,0,Low Risk,Credit Union,Europe,Professional,635.34,44,3
INST_02562,0.16983270416427146,0,Low Risk,Bank,North America,Professional,500.0,19,14
INST_00789,0.1697947996031964,0,Low Risk,Payment Processor,North America,Professional,999.8,76,14
INST_03462,0.1696671144730731,0,Low Risk,Investment Firm,North America,Professional,3302.37,23,14
INST_00451,0.16927220755812705,0,Low Risk,Investment Firm,North America,Enterprise,4501.78,6,8
INST_00679,0.1689268447610922,0,Low Risk,Payment Processor,North America,Basic,26976.77,9,1
INST_03770,0.168779725272056,0,Low Risk,Credit Union,North America,Professional,1615.35,21,3
INST_01891,0.16838354182678772,0,Low Risk,Credit Union,Latin America,Basic,1483.04,17,0
INST_00519,0.1682465740559953,0,Low Risk,Bank,Europe,Professional,12402.63,22,0
INST_04386,0.16822669693050163,0,Low Risk,Payment Processor,Latin America,Enterprise,500.0,14,3
INST_03802,0.16819977973043967,0,Low Risk,Insurance Company,Europe,Enterprise,15048.1,13,7
INST_03738,0.1678439495059997,0,Low Risk,Insurance Company,North America,Basic,71694.64,59,3
INST_03425,0.16779766998538886,0,Low Risk,Investment Firm,North America,Professional,9081.21,12,5
INST_02191,0.16765003267620798,0,Low Risk,Payment Processor,Europe,Basic,2975.36,30,0
INST_03861,0.16761629330730357,0,Low Risk,Investment Firm,Asia Pacific,Basic,2922.45,20,16
INST_04675,0.16757334665145784,0,Low Risk,Payment Processor,Europe,Basic,4480.17,13,9
INST_02218,0.16756062439873692,0,Low Risk,Payment Processor,Latin America,Basic,2816.66,22,2
INST_03397,0.16743530666984874,0,Low Risk,Insurance Company,Europe,Professional,162425.63,10,22
INST_01656,0.16738307167396144,0,Low Risk,Investment Firm,North America,Enterprise,3140.44,19,5
INST_04131,0.1673443491799763,0,Low Risk,Bank,Asia Pacific,Professional,1483.0,24,12
INST_00895,0.1671620334272879,0,Low Risk,Bank,North America,Basic,5391.82,12,2
INST_00096,0.16711196143811327,0,Low Risk,Credit Union,Asia Pacific,Professional,17149.77,8,22
INST_04857,0.16698126399143373,0,Low Risk,Payment Processor,Europe,Professional,8101.83,44,13
INST_03352,0.16697939565921482,0,Low Risk,Payment Processor,Latin America,Enterprise,500.0,35,6
INST_02282,0.16697840567617345,0,Low Risk,Credit Union,North America,Basic,1880.79,11,14
INST_03346,0.16695177131258418,0,Low Risk,Bank,Asia Pacific,Professional,2073.94,33,14
INST_04216,0.1669420221575178,0,Low Risk,Bank,Europe,Basic,286570.16,49,5
INST_01885,0.1668377344133642,0,Low Risk,Credit Union,Latin America,Basic,11603.34,13,13
INST_03408,0.16679236348358034,0,Low Risk,Bank,Europe,Basic,7621.02,10,8
INST_02625,0.16593918587566958,0,Low Risk,Payment Processor,Asia Pacific,Basic,6894.28,15,9
INST_03472,0.1659102108350765,0,Low Risk,Investment Firm,Europe,Basic,4777.82,13,11
INST_03442,0.1658000792333289,0,Low Risk,Bank,Asia Pacific,Enterprise,13412.79,89,1
INST_04932,0.16566976515130638,0,Low Risk,Payment Processor,North America,Professional,13517.61,6,9
INST_02115,0.1656170694256057,0,Low Risk,Bank,Latin America,Basic,1031.26,12,1
INST_00562,0.16551067897671018,0,Low Risk,Bank,North America,Basic,21261.66,38,3
INST_04515,0.16547402227628288,0,Low Risk,Credit Union,North America,Basic,8232.08,27,0
INST_03739,0.16544593715292946,0,Low Risk,Investment Firm,Europe,Enterprise,1844.22,11,5
INST_02889,0.16536387039520473,0,Low Risk,Insurance Company,Europe,Professional,19564.31,35,11
INST_03964,0.16530962250125283,0,Low Risk,Bank,Europe,Professional,1169.37,12,5
INST_00566,0.1652615338334497,0,Low Risk,Credit Union,Asia Pacific,Enterprise,3441.58,17,4
INST_00863,0.16524417818127873,0,Low Risk,Credit Union,Europe,Professional,19121.78,7,15
INST_00232,0.16517024232030447,0,Low Risk,Investment Firm,Asia Pacific,Enterprise,2290.37,59,1
INST_01207,0.16512288874943104,0,Low Risk,Credit Union,North America,Basic,32363.31,8,8
INST_02571,0.16504944375488276,0,Low Risk,Payment Processor,Europe,Enterprise,1159.48,110,1
INST_02091,0.16498196996121853,0,Low Risk,Payment Processor,Latin America,Basic,2503.72,27,1
INST_02280,0.16465339342736274,0,Low Risk,Bank,Europe,Professional,15755.89,11,2
INST_01590,0.16464242059904113,0,Low Risk,Investment Firm,Europe,Professional,2233.2,11,3
INST_03860,0.1645715085804035,0,Low Risk,Insurance Company,Europe,Professional,68884.83,7,3
INST_00126,0.1645188348591247,0,Low Risk,Insurance Company,Europe,Professional,629.43,24,8
INST_00444,0.1644044935479083,0,Low Risk,Insurance Company,North America,Basic,642.84,14,2
INST_03124,0.16437927845331152,0,Low Risk,Insurance Company,North America,Basic,40050.14,10,0
INST_01723,0.16422161373678115,0,Low Risk,Bank,Europe,Professional,29239.33,34,28
INST_03013,0.16398207096055256,0,Low Risk,Credit Union,North America,Basic,5206.27,32,10
INST_03051,0.16389266499310587,0,Low Risk,Credit Union,North America,Professional,1586.04,39,34
INST_01805,0.16386248575189957,0,Low Risk,Insurance Company,Asia Pacific,Basic,35234.27,82,7
INST_02726,0.16379397535311505,0,Low Risk,Bank,North America,Enterprise,5605.34,4,14
INST_04242,0.16375963141936378,0,Low Risk,Insurance Company,Asia Pacific,Enterprise,2592.62,18,5
INST_03197,0.16371004668071357,0,Low Risk,Payment Processor,North America,Professional,4302.84,34,7
INST_01025,0.16356731738713176,0,Low Risk,Credit Union,North America,Professional,6607.51,16,2
INST_01607,0.16343514602891876,0,Low Risk,Insurance Company,Europe,Basic,1505.01,120,5
INST_01416,0.163411284369332,0,Low Risk,Bank,North America,Enterprise,10180.33,81,8
INST_02984,0.16339926211126776,0,Low Risk,Credit Union,Europe,Professional,2209.4,32,3
INST_01093,0.16332955761769877,0,Low Risk,Credit Union,Europe,Professional,5589.56,11,8
INST_04886,0.16327046737341955,0,Low Risk,Bank,Latin America,Professional,7374.7,97,0
INST_02365,0.1632340547274625,0,Low Risk,Bank,North America,Basic,23215.58,81,3
INST_00229,0.16314001472740414,0,Low Risk,Investment Firm,Europe,Basic,3862.72,53,5
INST_04827,0.1628661729440205,0,Low Risk,Bank,Europe,Professional,4205.35,9,13
INST_01370,0.16281848465142276,0,Low Risk,Payment Processor,Asia Pacific,Enterprise,7418.35,21,21
INST_00813,0.16278533278051735,0,Low Risk,Payment Processor,North America,Enterprise,597.17,30,1
INST_00337,0.16267898926798752,0,Low Risk,Insurance Company,Europe,Professional,3837.12,7,4
INST_02883,0.16266998902810556,0,Low Risk,Bank,Latin America,Professional,5278.28,25,8
INST_01371,0.16262060791665683,0,Low Risk,Bank,North America,Basic,4259.39,33,14
INST_04183,0.162525577215173,0,Low Risk,Bank,Asia Pacific,Professional,18663.51,120,18
INST_00934,0.16250751961552318,0,Low Risk,Bank,North America,Professional,5284.27,12,10
INST_02534,0.1625042418654486,0,Low Risk,Insurance Company,Asia Pacific,Basic,500.0,64,2
INST_01949,0.1624521185613298,0,Low Risk,Credit Union,North America,Professional,43915.16,10,8
INST_02713,0.1624496684753796,0,Low Risk,Credit Union,Europe,Professional,2006.89,18,7
INST_01269,0.16234772486496285,0,Low Risk,Bank,Europe,Basic,20580.4,9,12
INST_01432,0.16221017924185527,0,Low Risk,Credit Union,Latin America,Enterprise,15091.09,39,5
INST_00228,0.1620060604677012,0,Low Risk,Payment Processor,North America,Basic,11497.6,42,1
INST_00147,0.16185030380624477,0,Low Risk,Credit Union,Latin America,Professional,2986.75,34,1
INST_01390,0.16184746391573732,0,Low Risk,Bank,North America,Basic,31597.61,6,0
INST_00837,0.16179326881670342,0,Low Risk,Credit Union,Europe,Enterprise,536.04,16,18
INST_00606,0.16144363140843435,0,Low Risk,Bank,Latin America,Professional,6041.83,36,14
INST_02400,0.16139306980950885,0,Low Risk,Bank,North America,Professional,6226.52,29,0
INST_04099,0.16136529984126338,0,Low Risk,Bank,North America,Enterprise,765.68,25,8
INST_01259,0.16095595358323053,0,Low Risk,Investment Firm,North America,Basic,969.37,30,0
INST_03317,0.16080389958031938,0,Low Risk,Bank,Asia Pacific,Professional,565.94,120,2
INST_03874,0.1607924125035898,0,Low Risk,Bank,Latin America,Professional,1239.18,52,9
INST_01830,0.1605307008865327,0,Low Risk,Payment Processor,Latin America,Professional,6386.12,21,1
INST_04665,0.1603490891344756,0,Low Risk,Insurance Company,Asia Pacific,Professional,3899.65,23,11
INST_02662,0.16032375208440505,0,Low Risk,Bank,Asia Pacific,Professional,2212.76,86,9
INST_03369,0.16025503169364305,0,Low Risk,Investment Firm,North America,Professional,2275.58,43,15
INST_00500,0.16005279234549605,0,Low Risk,Investment Firm,Europe,Basic,4680.8,77,11
INST_00729,0.15996766113941618,0,Low Risk,Bank,Latin America,Professional,25195.07,5,4
INST_04733,0.15988878282798766,0,Low Risk,Payment Processor,Asia Pacific,Professional,500.0,13,0
INST_01841,0.15952171950937458,0,Low Risk,Credit Union,North America,Professional,5026.63,45,13
INST_02088,0.15949279556704393,0,Low Risk,Insurance Company,North America,Professional,2286.44,18,12
INST_03809,0.1594766143718582,0,Low Risk,Bank,North America,Basic,3290.67,40,4
INST_03483,0.1594321878621032,0,Low Risk,Payment Processor,Latin America,Basic,1005.19,33,11
INST_04269,0.15930922916042914,0,Low Risk,Payment Processor,North America,Professional,1896.19,35,1
INST_00381,0.159248250810455,0,Low Risk,Investment Firm,Europe,Professional,2968.28,9,0
INST_03020,0.1592126279652771,0,Low Risk,Bank,Europe,Professional,500.0,15,2
INST_01971,0.15911973759067574,0,Low Risk,Insurance Company,Europe,Professional,8435.74,38,7
INST_04953,0.15906368412810923,0,Low Risk,Investment Firm,North America,Professional,1223.73,22,9
INST_00711,0.15901094018536185,0,Low Risk,Investment Firm,Middle East,Basic,23696.6,68,20
INST_02574,0.15899426649231985,0,Low Risk,Bank,North America,Professional,2495.39,14,2
INST_04452,0.1588941390902702,0,Low Risk,Insurance Company,North America,Professional,2156.3,13,2
INST_04552,0.15886895701037582,0,Low Risk,Bank,Asia Pacific,Professional,9437.43,50,1
INST_01148,0.15834045966862675,0,Low Risk,Payment Processor,Europe,Enterprise,2350.89,10,5
INST_00273,0.15828280901135833,0,Low Risk,Payment Processor,Asia Pacific,Basic,13537.59,33,11
INST_03858,0.1580491507103293,0,Low Risk,Credit Union,Europe,Professional,8970.04,9,26
INST_03838,0.15791437332087413,0,Low Risk,Payment Processor,Latin America,Professional,7151.28,70,5
INST_01299,0.15758637728777075,0,Low Risk,Insurance Company,North America,Basic,500.0,25,8
INST_01502,0.1573660745125096,0,Low Risk,Bank,Europe,Professional,1736.9,22,17
INST_02215,0.15723142073646612,0,Low Risk,Bank,Europe,Professional,184762.01,11,3
INST_02909,0.15722915973811935,0,Low Risk,Bank,Europe,Enterprise,1170.41,14,2
INST_03134,0.15722560203684544,0,Low Risk,Bank,Asia Pacific,Professional,10999.91,10,0
INST_01434,0.1569956588062248,0,Low Risk,Bank,Asia Pacific,Enterprise,2892.46,8,14
INST_01603,0.1568977646262776,0,Low Risk,Credit Union,Asia Pacific,Enterprise,5432.48,79,10
INST_04556,0.1568296187442482,0,Low Risk,Investment Firm,North America,Professional,2717.21,28,8
INST_03703,0.15672149993899093,0,Low Risk,Insurance Company,North America,Professional,2830.42,29,19
INST_03894,0.15663466869300158,0,Low Risk,Insurance Company,North America,Professional,3630.81,8,12
INST_03199,0.15660066212062457,0,Low Risk,Credit Union,North America,Basic,3230.02,14,8
INST_04428,0.15658421676684725,0,Low Risk,Bank,Europe,Professional,7163.17,11,0
INST_04899,0.15655746594651648,0,Low Risk,Payment Processor,North America,Professional,33084.58,9,7
INST_03537,0.1564118008756934,0,Low Risk,Credit Union,Latin America,Professional,8304.81,53,6
INST_04274,0.15637151472474867,0,Low Risk,Investment Firm,Asia Pacific,Basic,6897.1,12,7
INST_03768,0.15630202025896353,0,Low Risk,Bank,North America,Professional,3009.03,28,31
INST_02776,0.15612519269700456,0,Low Risk,Bank,North America,Basic,4815.39,43,0
INST_01451,0.156094768690421,0,Low Risk,Investment Firm,Middle East,Professional,10442.73,4,7
INST_03763,0.15605623879042288,0,Low Risk,Bank,Latin America,Enterprise,1162.43,9,0
INST_01331,0.15575223519503578,0,Low Risk,Insurance Company,Asia Pacific,Basic,500.0,24,1
INST_03586,0.15574379944071715,0,Low Risk,Credit Union,Latin America,Enterprise,3314.2,30,4
INST_04444,0.15565797631455477,0,Low Risk,Credit Union,Europe,Professional,11734.77,6,4
INST_02409,0.1554712943841105,0,Low Risk,Credit Union,Europe,Enterprise,3158.2,15,18
INST_04731,0.15542486982845957,0,Low Risk,Bank,Asia Pacific,Basic,5368.69,15,4
INST_00255,0.15538768398019476,0,Low Risk,Investment Firm,Europe,Basic,27657.18,61,1
INST_01279,0.15536704346025382,0,Low Risk,Credit Union,North America,Professional,81978.34,24,4
INST_04682,0.1552845323660792,0,Low Risk,Payment Processor,North America,Professional,545.71,22,4
INST_00598,0.15504526654302725,0,Low Risk,Bank,Asia Pacific,Basic,41313.89,32,3
INST_04963,0.15502063856981294,0,Low Risk,Insurance Company,Europe,Basic,2131.27,55,3
INST_04047,0.15499210974522967,0,Low Risk,Investment Firm,Europe,Basic,6361.21,12,1
INST_02418,0.15488145583553087,0,Low Risk,Bank,North America,Professional,834.93,18,4
INST_04811,0.1548020384108807,0,Low Risk,Payment Processor,Asia Pacific,Professional,8561.84,120,3
INST_02046,0.15473976281956695,0,Low Risk,Bank,Asia Pacific,Professional,1927.17,20,4
INST_00585,0.15473589142361768,0,Low Risk,Bank,North America,Professional,22631.81,8,21
INST_04952,0.15455416312510908,0,Low Risk,Credit Union,North America,Professional,500.0,22,1
INST_01303,0.154443442638713,0,Low Risk,Credit Union,Asia Pacific,Basic,2233.28,9,0
INST_00966,0.1543928942358968,0,Low Risk,Insurance Company,Latin America,Basic,6755.01,18,5
INST_01617,0.15426827739350477,0,Low Risk,Investment Firm,North America,Basic,3551.54,9,1
INST_01605,0.1542318628421777,0,Low Risk,Credit Union,North America,Professional,84580.0,19,7
INST_01142,0.15421538550527095,0,Low Risk,Investment Firm,North America,Basic,2011.24,53,0
INST_01450,0.15415718116089083,0,Low Risk,Credit Union,Asia Pacific,Basic,2360.76,45,2
INST_04547,0.15402555347794594,0,Low Risk,Investment Firm,North America,Professional,6351.49,13,0
INST_00646,0.15394143089951723,0,Low Risk,Investment Firm,North America,Enterprise,7184.27,39,3
INST_01984,0.15393541492663365,0,Low Risk,Bank,Asia Pacific,Professional,12310.26,8,9
INST_00331,0.15390545993282634,0,Low Risk,Insurance Company,North America,Professional,4363.3,66,9
INST_00931,0.15377625825711347,0,Low Risk,Insurance Company,North America,Professional,838.99,9,2
INST_01358,0.1537493803112567,0,Low Risk,Bank,Latin America,Professional,14575.84,10,7
INST_00619,0.15352488762396066,0,Low Risk,Insurance Company,North America,Basic,1785.86,13,6
INST_04813,0.153477933577416,0,Low Risk,Credit Union,Asia Pacific,Basic,1949.31,8,10
INST_02664,0.15345008328900225,0,Low Risk,Investment Firm,North America,Professional,500.0,25,24
INST_03029,0.15332056643486497,0,Low Risk,Investment Firm,Asia Pacific,Basic,1341.02,29,3
INST_00190,0.15325189718960538,0,Low Risk,Bank,North America,Professional,31105.92,92,0
INST_00150,0.1529521644997331,0,Low Risk,Payment Processor,North America,Enterprise,1059.23,29,2
INST_00896,0.15269250605122583,0,Low Risk,Bank,Latin America,Basic,2842.87,27,6
INST_03042,0.1526425671810638,0,Low Risk,Bank,North America,Enterprise,253687.2,14,5
INST_02001,0.15260832728824789,0,Low Risk,Bank,North America,Basic,5953.94,27,4
INST_01777,0.15259887100195144,0,Low Risk,Credit Union,Europe,Professional,2560.77,57,3
INST_03900,0.15248463812707824,0,Low Risk,Credit Union,North America,Basic,2489.93,10,3
INST_02390,0.15244140227525352,0,Low Risk,Credit Union,Europe,Professional,3747.99,33,19
INST_03747,0.15236497141856337,0,Low Risk,Credit Union,North America,Professional,11334.46,10,1
INST_02940,0.1523575504681086,0,Low Risk,Bank,North America,Basic,1551.88,24,2
INST_02631,0.1522646570369453,0,Low Risk,Insurance Company,Europe,Basic,51649.67,16,7
INST_01114,0.15208013558669378,0,Low Risk,Investment Firm,North America,Professional,39331.44,41,1
INST_02176,0.15201154684304385,0,Low Risk,Bank,Middle East,Basic,13396.09,13,3
INST_01479,0.1518385017731959,0,Low Risk,Credit Union,North America,Enterprise,607.62,18,18
INST_01675,0.15181764161843161,0,Low Risk,Bank,Latin America,Basic,3907.54,13,3
INST_03722,0.1516828987115889,0,Low Risk,Payment Processor,North America,Basic,10447.13,96,29
INST_03480,0.15158998939757867,0,Low Risk,Bank,North America,Professional,35466.69,12,5
INST_02650,0.15154443284380373,0,Low Risk,Bank,North America,Professional,37709.65,8,2
INST_03361,0.15153411659080496,0,Low Risk,Bank,North America,Professional,14841.54,23,0
INST_01470,0.15153345137762306,0,Low Risk,Investment Firm,Asia Pacific,Basic,5865.5,10,0
INST_00621,0.15145100240747053,0,Low Risk,Bank,Latin America,Basic,2619.5,44,7
INST_01963,0.15139821334620715,0,Low Risk,Credit Union,Europe,Basic,13139.5,26,4
INST_00449,0.15127318924271807,0,Low Risk,Bank,North America,Enterprise,295814.69,10,11
INST_00154,0.15126104496961335,0,Low Risk,Payment Processor,Asia Pacific,Professional,1234.01,16,3
INST_01489,0.151225789294075,0,Low Risk,Credit Union,Asia Pacific,Professional,3863.48,8,3
INST_02392,0.1511472800194666,0,Low Risk,Credit Union,Asia Pacific,Professional,7063.41,50,3
INST_00784,0.15099639567442996,0,Low Risk,Bank,North America,Professional,6089.98,24,1
INST_00751,0.15094696110639194,0,Low Risk,Payment Processor,Asia Pacific,Professional,8104.11,41,4
INST_03495,0.1507640221625737,0,Low Risk,Bank,Middle East,Professional,7125.05,52,10
INST_04607,0.1506188035097582,0,Low Risk,Bank,Europe,Professional,11270.09,11,1
INST_01057,0.1505916040387455,0,Low Risk,Credit Union,Europe,Enterprise,7628.06,120,7
INST_01158,0.15053238525925333,0,Low Risk,Payment Processor,North America,Professional,50889.38,6,4
INST_02693,0.15052173185311118,0,Low Risk,Credit Union,Europe,Enterprise,7671.92,10,11
INST_01271,0.15048864311925975,0,Low Risk,Payment Processor,Latin America,Basic,1835.78,31,3
INST_02478,0.15039977429681722,0,Low Risk,Bank,Latin America,Basic,979.64,28,0
INST_01664,0.15037600585810595,0,Low Risk,Payment Processor,Latin America,Professional,2281.96,6,11
INST_00414,0.15022772559404593,0,Low Risk,Investment Firm,North America,Enterprise,665.03,28,29
INST_01786,0.15019037737603164,0,Low Risk,Investment Firm,Latin America,Enterprise,2035.91,10,16
INST_00774,0.14968865882447446,0,Low Risk,Insurance Company,North America,Basic,7110.22,93,2
INST_03561,0.14947703375446564,0,Low Risk,Insurance Company,Latin America,Professional,21538.97,24,13
INST_03223,0.14938322236774781,0,Low Risk,Bank,Latin America,Enterprise,1575.0,45,3
INST_03163,0.1493503434569006,0,Low Risk,Credit Union,Europe,Basic,1723.51,36,8
INST_00872,0.14929620212029027,0,Low Risk,Investment Firm,Europe,Professional,12927.1,25,3
INST_03810,0.14914465415425884,0,Low Risk,Investment Firm,North America,Enterprise,3165.36,23,1
INST_03621,0.14912036831083267,0,Low Risk,Bank,North America,Basic,6256.23,23,14
INST_00375,0.14894611511102376,0,Low Risk,Bank,Asia Pacific,Professional,5049.34,25,1
INST_01232,0.1489143629214456,0,Low Risk,Bank,Europe,Basic,23967.35,30,6
INST_03944,0.14870417831329533,0,Low Risk,Bank,North America,Basic,9047.97,13,4
INST_02417,0.148614239026586,0,Low Risk,Bank,North America,Professional,4977.46,12,2
INST_02904,0.148590318241104,0,Low Risk,Credit Union,North America,Enterprise,4192.39,15,0
INST_04471,0.14850936358846703,0,Low Risk,Payment Processor,Asia Pacific,Enterprise,11178.82,89,1
INST_01783,0.14843060262899854,0,Low Risk,Investment Firm,North America,Professional,1312.39,16,25
INST_02202,0.1483857496450642,0,Low Risk,Credit Union,Europe,Basic,976.37,13,3
INST_03758,0.14834016626178526,0,Low Risk,Credit Union,North America,Basic,4174.69,21,7
INST_00660,0.14819541588419002,0,Low Risk,Credit Union,North America,Professional,17732.27,8,4
INST_02629,0.14803999843947493,0,Low Risk,Credit Union,Asia Pacific,Professional,3848.19,49,1
INST_00347,0.14797106901222098,0,Low Risk,Bank,North America,Enterprise,924.32,19,4
INST_03126,0.1477320087267752,0,Low Risk,Investment Firm,North America,Basic,24384.52,27,17
INST_02093,0.14771081427665947,0,Low Risk,Credit Union,North America,Enterprise,6343.89,8,2
INST_00942,0.14761480190119614,0,Low Risk,Investment Firm,North America,Professional,6948.87,21,16
INST_03609,0.1475892269719213,0,Low Risk,Payment Processor,Latin America,Professional,500.0,18,8
INST_04048,0.1475785150129584,0,Low Risk,Payment Processor,Middle East,Enterprise,12426.6,12,8
INST_00842,0.14736089766389424,0,Low Risk,Bank,North America,Enterprise,22349.79,9,1
INST_01953,0.14717114946455293,0,Low Risk,Insurance Company,North America,Professional,9886.65,86,6
INST_03720,0.14694428603701098,0,Low Risk,Bank,North America,Professional,1348.09,62,26
INST_02107,0.14693784593222023,0,Low Risk,Payment Processor,North America,Basic,7767.24,58,3
INST_02254,0.14679519933434546,0,Low Risk,Payment Processor,North America,Professional,1030.47,20,0
INST_01127,0.14663715385814416,0,Low Risk,Credit Union,North America,Professional,500.0,11,3
INST_01524,0.14646965558547664,0,Low Risk,Credit Union,North America,Professional,2435.21,19,5
INST_02737,0.1461436403379096,0,Low Risk,Credit Union,North America,Professional,2847.48,14,0
INST_00569,0.14603080375927066,0,Low Risk,Bank,Middle East,Professional,3469.02,14,1
INST_02233,0.14601357714706933,0,Low Risk,Payment Processor,Europe,Basic,5243.22,34,1
INST_03294,0.14600821095331082,0,Low Risk,Payment Processor,Asia Pacific,Professional,9735.65,43,8
INST_03324,0.14581778269018067,0,Low Risk,Insurance Company,North America,Professional,500000.0,7,4
INST_03535,0.14577596943335358,0,Low Risk,Bank,North America,Basic,896.71,17,1
INST_00618,0.14548774611161683,0,Low Risk,Insurance Company,Europe,Basic,8278.9,120,14
INST_03751,0.14537941322497436,0,Low Risk,Payment Processor,North America,Basic,14824.34,19,3
INST_04073,0.1452173326059888,0,Low Risk,Investment Firm,Europe,Enterprise,38090.28,15,10
INST_03292,0.14505061217292378,0,Low Risk,Credit Union,North America,Professional,1633.92,11,2
INST_03994,0.14497590379811795,0,Low Risk,Credit Union,North America,Enterprise,711.09,45,2
INST_02012,0.1448300201770876,0,Low Risk,Payment Processor,North America,Enterprise,1367.15,22,6
INST_02180,0.14474313904429081,0,Low Risk,Bank,North America,Basic,2037.38,88,13
INST_00698,0.1446627970456239,0,Low Risk,Bank,Middle East,Professional,2488.48,23,12
INST_01096,0.14452212801956982,0,Low Risk,Bank,North America,Professional,10269.5,16,9
INST_00253,0.1443509365846478,0,Low Risk,Bank,North America,Professional,12514.96,34,5
INST_01155,0.1438387726133586,0,Low Risk,Insurance Company,North America,Professional,10902.27,13,3
INST_04659,0.14377817142616325,0,Low Risk,Insurance Company,Asia Pacific,Enterprise,1063.68,15,2
INST_00034,0.14364961164897752,0,Low Risk,Payment Processor,North America,Professional,17913.92,22,1
INST_00283,0.14322617793826778,0,Low Risk,Bank,Latin America,Enterprise,2412.93,14,0
INST_04114,0.1432237157423333,0,Low Risk,Investment Firm,North America,Basic,25864.31,10,6
INST_02473,0.14320968083601604,0,Low Risk,Insurance Company,Europe,Professional,37507.6,11,2
INST_00443,0.143051491369809,0,Low Risk,Credit Union,Middle East,Enterprise,98951.08,21,0
INST_00430,0.14298932439926568,0,Low Risk,Bank,Europe,Basic,1918.8,22,0
INST_01239,0.14298047196235475,0,Low Risk,Bank,Latin America,Basic,6528.46,31,12
INST_02529,0.14295224367344117,0,Low Risk,Payment Processor,North America,Basic,1747.83,17,9
INST_01020,0.14286036467384544,0,Low Risk,Investment Firm,Europe,Professional,549.35,16,5
INST_02322,0.1427422860298298,0,Low Risk,Investment Firm,Europe,Basic,10380.78,22,0
INST_04221,0.14270743193745694,0,Low Risk,Investment Firm,Europe,Enterprise,2005.23,115,17
INST_01348,0.1426656798193797,0,Low Risk,Payment Processor,Europe,Basic,4140.75,19,8
INST_04550,0.14242016673567467,0,Low Risk,Payment Processor,North America,Professional,5706.16,21,2
INST_00994,0.14239752050232032,0,Low Risk,Credit Union,North America,Enterprise,500.0,66,10
INST_00000,0.14232500311311055,0,Low Risk,Credit Union,North America,Professional,11552.65,16,4
INST_02263,0.14223743365936622,0,Low Risk,Credit Union,North America,Basic,2444.22,11,1
INST_01748,0.142205465388156,0,Low Risk,Insurance Company,Middle East,Basic,1784.33,37,1
INST_00274,0.1421621579114601,0,Low Risk,Credit Union,Europe,Enterprise,595.42,11,11
INST_00049,0.1421516924140585,0,Low Risk,Bank,Europe,Enterprise,5393.55,16,4
INST_04382,0.14205888031138192,0,Low Risk,Investment Firm,Europe,Basic,500.0,55,0
INST_00540,0.14203996598933552,0,Low Risk,Payment Processor,North America,Basic,30808.99,12,4
INST_01292,0.1420288961121925,0,Low Risk,Investment Firm,Middle East,Professional,8846.49,40,14
INST_03054,0.14202789488124887,0,Low Risk,Investment Firm,Asia Pacific,Basic,25095.39,3,0
INST_03413,0.14198415589834584,0,Low Risk,Credit Union,Europe,Basic,38982.84,99,26
INST_00303,0.14191505747492214,0,Low Risk,Investment Firm,Latin America,Enterprise,9261.08,11,26
INST_01679,0.14190757808206947,0,Low Risk,Investment Firm,Europe,Basic,8476.73,12,7
INST_03749,0.14188654331287723,0,Low Risk,Payment Processor,North America,Basic,20908.19,33,1
INST_03651,0.14175461495125283,0,Low Risk,Credit Union,Europe,Basic,14185.89,7,3
INST_02930,0.1417067729819058,0,Low Risk,Investment Firm,Asia Pacific,Professional,2825.58,33,1
INST_03777,0.14155760779535076,0,Low Risk,Investment Firm,North America,Professional,874.52,36,14
INST_04171,0.14152505447646047,0,Low Risk,Payment Processor,Latin America,Basic,4784.2,55,0
INST_01531,0.14137450381355518,0,Low Risk,Investment Firm,Latin America,Basic,10557.69,23,0
INST_03152,0.14126698701838736,0,Low Risk,Insurance Company,North America,Basic,714.74,13,0
INST_01019,0.1412639288083671,0,Low Risk,Bank,North America,Enterprise,500.0,82,3
INST_02394,0.14125263174108083,0,Low Risk,Payment Processor,North America,Enterprise,1132.49,12,4
INST_00767,0.14123724773789412,0,Low Risk,Payment Processor,North America,Professional,2953.17,22,1
INST_03926,0.14114105452891865,0,Low Risk,Investment Firm,Europe,Basic,12059.2,32,1
INST_01029,0.14075961038499707,0,Low Risk,Insurance Company,North America,Basic,18498.93,50,25
INST_00206,0.14048606996554158,0,Low Risk,Bank,Asia Pacific,Professional,89361.24,38,7
INST_03643,0.1404005018722761,0,Low Risk,Credit Union,North America,Professional,29807.64,11,5
INST_00692,0.14039186324885272,0,Low Risk,Credit Union,Asia Pacific,Enterprise,3002.24,18,0
INST_04832,0.140372828901603,0,Low Risk,Investment Firm,North America,Enterprise,1821.63,18,4
INST_01847,0.14036652586151882,0,Low Risk,Bank,Europe,Enterprise,1013.63,26,1
INST_03372,0.14029017101756316,0,Low Risk,Bank,North America,Basic,22629.0,24,11
INST_04734,0.14021434359135307,0,Low Risk,Credit Union,Asia Pacific,Professional,500.0,11,2
INST_01525,0.14004482521919695,0,Low Risk,Bank,Middle East,Professional,19700.46,23,7
INST_04869,0.1399712666380353,0,Low Risk,Insurance Company,North America,Professional,6498.92,23,24
INST_00341,0.13991133932256533,0,Low Risk,Credit Union,Latin America,Professional,12021.41,12,2
INST_02837,0.13990808262364876,0,Low Risk,Bank,Asia Pacific,Professional,9110.77,13,9
INST_02822,0.13982683280651054,0,Low Risk,Investment Firm,Europe,Basic,1757.49,27,1
INST_03165,0.13944876290957403,0,Low Risk,Credit Union,North America,Basic,4159.33,13,1
INST_04526,0.13932700290807382,0,Low Risk,Insurance Company,Latin America,Professional,21603.76,22,18
INST_03702,0.1388995430998539,0,Low Risk,Bank,North America,Professional,6458.84,9,0
INST_04122,0.13873386681087616,0,Low Risk,Investment Firm,Asia Pacific,Professional,907.26,6,1
INST_04034,0.13872865194829767,0,Low Risk,Bank,Europe,Professional,2384.13,9,6
INST_03300,0.138714701847723,0,Low Risk,Credit Union,Asia Pacific,Professional,13353.92,24,1
INST_00717,0.13855070066238329,0,Low Risk,Payment Processor,North America,Basic,858.68,34,4
INST_01336,0.13845812159442802,0,Low Risk,Bank,North America,Professional,7408.41,10,1
INST_03075,0.13838649960804625,0,Low Risk,Payment Processor,North America,Professional,2289.93,44,2
INST_02778,0.13832813829533117,0,Low Risk,Credit Union,Latin America,Professional,14303.9,10,19
INST_04920,0.13819719510330336,0,Low Risk,Payment Processor,North America,Professional,6247.26,9,1
INST_00822,0.13813460706747105,0,Low Risk,Bank,Asia Pacific,Enterprise,1205.01,37,15
INST_04863,0.13809955576196498,0,Low Risk,Bank,Asia Pacific,Professional,33846.31,120,3
INST_00728,0.13805742503690827,0,Low Risk,Bank,North America,Basic,34318.36,11,1
INST_03506,0.1379673349904347,0,Low Risk,Payment Processor,North America,Professional,3281.7,19,0
INST_03956,0.13794748072895824,0,Low Risk,Payment Processor,Europe,Basic,4458.81,13,4
INST_00608,0.13790726190833824,0,Low Risk,Credit Union,Europe,Professional,4352.22,27,11
INST_01196,0.13787307898266188,0,Low Risk,Payment Processor,North America,Enterprise,4192.7,29,4
INST_03686,0.13786483451298365,0,Low Risk,Payment Processor,North America,Professional,1426.45,30,1
INST_01883,0.1378578605235057,0,Low Risk,Insurance Company,Europe,Basic,4791.47,21,2
INST_02647,0.13783806993890335,0,Low Risk,Credit Union,North America,Basic,6005.32,30,1
INST_03774,0.13771007882371597,0,Low Risk,Investment Firm,Latin America,Enterprise,3922.81,8,2
INST_03509,0.13765580570637126,0,Low Risk,Bank,North America,Professional,7520.86,12,3
INST_02988,0.1375989676635521,0,Low Risk,Insurance Company,Asia Pacific,Professional,3843.98,29,14
INST_04819,0.13754026268125225,0,Low Risk,Bank,North America,Professional,3971.71,39,3
INST_02348,0.1375223385831475,0,Low Risk,Investment Firm,Asia Pacific,Basic,39738.92,24,8
INST_04276,0.13743364612686962,0,Low Risk,Credit Union,North America,Basic,2036.19,61,7
INST_01187,0.1373535232797289,0,Low Risk,Bank,North America,Professional,1214.84,57,2
INST_00651,0.13732002769267532,0,Low Risk,Credit Union,Asia Pacific,Enterprise,184975.59,6,2
INST_02209,0.13697475771490775,0,Low Risk,Payment Processor,Asia Pacific,Basic,4007.81,42,3
INST_03339,0.13681460327265402,0,Low Risk,Investment Firm,Asia Pacific,Professional,1507.74,18,5
INST_00394,0.136755246924181,0,Low Risk,Bank,Asia Pacific,Basic,1813.1,60,1
INST_03633,0.13670600476929104,0,Low Risk,Credit Union,Europe,Professional,57806.26,30,17
INST_02018,0.13670386757026845,0,Low Risk,Bank,North America,Basic,1828.2,29,18
INST_01714,0.13668982273286964,0,Low Risk,Bank,Latin America,Basic,2660.46,74,4
INST_01240,0.13668606423510662,0,Low Risk,Payment Processor,Latin America,Basic,22126.01,16,19
INST_01193,0.13660340201409793,0,Low Risk,Investment Firm,Latin America,Professional,37635.81,23,8
INST_02603,0.13658165091009203,0,Low Risk,Bank,Latin America,Professional,6692.04,16,6
INST_01898,0.1365616978567577,0,Low Risk,Credit Union,North America,Professional,2145.49,65,1
INST_00240,0.13647925654103696,0,Low Risk,Payment Processor,Middle East,Professional,5700.92,120,2
INST_01065,0.1363583821843623,0,Low Risk,Insurance Company,Asia Pacific,Basic,14284.91,27,3
INST_02942,0.13627442702200537,0,Low Risk,Bank,Latin America,Basic,17563.61,23,12
INST_04750,0.13606961419560007,0,Low Risk,Bank,North America,Basic,1043.99,79,0
INST_00595,0.13603056593562374,0,Low Risk,Credit Union,Europe,Professional,69655.5,8,4
INST_04677,0.136029456244184,0,Low Risk,Payment Processor,North America,Professional,26349.73,18,3
INST_02228,0.13585982396934823,0,Low Risk,Bank,Latin America,Professional,8953.4,17,1
INST_02217,0.13568648177112513,0,Low Risk,Bank,Asia Pacific,Professional,5012.32,47,33
INST_01770,0.1355737972262216,0,Low Risk,Credit Union,North America,Basic,6854.82,46,2
INST_01594,0.13537115341799713,0,Low Risk,Insurance Company,Asia Pacific,Enterprise,2837.73,25,6
INST_02048,0.13517565732122516,0,Low Risk,Credit Union,North America,Enterprise,784.22,17,2
INST_03568,0.1351638993927834,0,Low Risk,Insurance Company,Europe,Enterprise,396746.71,25,9
INST_00321,0.134984540471677,0,Low Risk,Insurance Company,North America,Basic,1386.95,32,1
INST_02962,0.134848858644696,0,Low Risk,Bank,North America,Enterprise,6786.64,13,0
INST_01863,0.13477712965054464,0,Low Risk,Credit Union,North America,Enterprise,13399.63,13,10
INST_01886,0.13474541462669,0,Low Risk,Bank,North America,Basic,922.19,86,2
INST_04461,0.13471278225488878,0,Low Risk,Credit Union,North America,Professional,1759.0,35,2
INST_02760,0.13455667642911126,0,Low Risk,Bank,Europe,Basic,3097.75,24,5
INST_03973,0.1343962109142123,0,Low Risk,Insurance Company,North America,Enterprise,670.46,29,8
INST_04576,0.13437620610449316,0,Low Risk,Credit Union,Asia Pacific,Enterprise,1918.14,19,4
INST_03382,0.13436854195839643,0,Low Risk,Bank,Asia Pacific,Professional,4875.0,78,8
INST_03201,0.1343191055662308,0,Low Risk,Credit Union,Europe,Professional,22350.77,23,15
INST_04544,0.13416645232328014,0,Low Risk,Credit Union,North America,Professional,2954.61,120,30
INST_01018,0.13404513838341578,0,Low Risk,Payment Processor,Europe,Professional,7882.2,120,6
INST_00638,0.13403595993727943,0,Low Risk,Bank,North America,Professional,714.12,43,0
INST_03340,0.13398535120186217,0,Low Risk,Payment Processor,Asia Pacific,Enterprise,21028.74,22,11
INST_01859,0.1338718845475626,0,Low Risk,Insurance Company,Europe,Professional,11733.11,8,7
INST_01151,0.13385081021959805,0,Low Risk,Insurance Company,Europe,Professional,22797.09,19,6
INST_01368,0.13381264466437925,0,Low Risk,Bank,Europe,Professional,15254.21,13,17
INST_00369,0.1335516451134572,0,Low Risk,Bank,North America,Professional,34962.7,12,16
INST_04336,0.13350716103173205,0,Low Risk,Investment Firm,Europe,Professional,10442.18,17,0
INST_02360,0.13341539249362477,0,Low Risk,Bank,Asia Pacific,Professional,4809.49,20,6
INST_03058,0.13338463395728073,0,Low Risk,Bank,Europe,Enterprise,114929.26,12,2
INST_03872,0.133377107741538,0,Low Risk,Bank,Asia Pacific,Professional,53720.87,28,18
INST_00927,0.13333205854477265,0,Low Risk,Credit Union,Asia Pacific,Professional,6105.66,47,4
INST_04076,0.133282364634343,0,Low Risk,Credit Union,Asia Pacific,Professional,4337.58,66,5
INST_01161,0.1330742114498185,0,Low Risk,Bank,North America,Professional,4440.44,22,15
INST_00677,0.13304593133239787,0,Low Risk,Credit Union,North America,Professional,1738.43,21,1
INST_04620,0.13303217821058635,0,Low Risk,Payment Processor,Europe,Enterprise,16416.19,35,3
INST_04766,0.13295832491446155,0,Low Risk,Payment Processor,Europe,Professional,7404.02,12,37
INST_02062,0.13283560316911747,0,Low Risk,Insurance Company,Asia Pacific,Professional,2168.81,54,3
INST_01569,0.13255069764968613,0,Low Risk,Credit Union,Europe,Professional,1888.24,8,7
INST_02513,0.1325312591192932,0,Low Risk,Credit Union,North America,Professional,35278.38,18,4
INST_01076,0.13240800564379682,0,Low Risk,Credit Union,North America,Professional,4535.02,7,0
INST_01118,0.13235709450440633,0,Low Risk,Bank,North America,Professional,2293.06,8,3
INST_01794,0.1323120914221867,0,Low Risk,Bank,Europe,Professional,83351.36,9,0
INST_00434,0.13217816129453352,0,Low Risk,Bank,Europe,Enterprise,3176.89,14,6
INST_03225,0.13214762642833386,0,Low Risk,Payment Processor,Europe,Basic,17319.74,15,10
INST_01960,0.1320917463620014,0,Low Risk,Bank,Europe,Enterprise,500.0,22,17
INST_01256,0.1317701991176853,0,Low Risk,Bank,Europe,Basic,2757.71,32,3
INST_02924,0.13146701571478003,0,Low Risk,Credit Union,Latin America,Professional,967.79,11,1
INST_03820,0.1314250777600233,0,Low Risk,Credit Union,North America,Basic,3903.99,73,2
INST_00345,0.13117276131954309,0,Low Risk,Investment Firm,Europe,Professional,24993.95,43,1
INST_02959,0.1311629595262402,0,Low Risk,Insurance Company,North America,Enterprise,7789.02,78,11
INST_00137,0.1310863742587636,0,Low Risk,Insurance Company,North America,Professional,5279.73,7,4
INST_02622,0.1310683369643347,0,Low Risk,Credit Union,North America,Enterprise,1811.89,71,1
INST_01495,0.13103660842219958,0,Low Risk,Investment Firm,North America,Professional,500.0,13,5
INST_02035,0.1309054817180061,0,Low Risk,Bank,Asia Pacific,Professional,500.0,42,7
INST_02396,0.1308287100634381,0,Low Risk,Bank,North America,Professional,36761.22,11,4
INST_04402,0.13082526667022154,0,Low Risk,Bank,Europe,Basic,3468.27,20,3
INST_00410,0.1307265401915537,0,Low Risk,Bank,Asia Pacific,Professional,816.04,33,0
INST_03850,0.13060060134802748,0,Low Risk,Credit Union,Latin America,Basic,1000.83,89,5
INST_02080,0.1304270744448913,0,Low Risk,Bank,North America,Professional,1230.31,14,4
INST_02554,0.13024381881568162,0,Low Risk,Bank,Europe,Professional,1532.17,61,2
INST_02537,0.13023786073124488,0,Low Risk,Bank,North America,Professional,1299.99,45,20
INST_00602,0.1302289414635232,0,Low Risk,Bank,North America,Professional,3583.06,21,8
INST_03708,0.1299561974702335,0,Low Risk,Bank,North America,Enterprise,17597.35,81,6
INST_04936,0.12988379113404164,0,Low Risk,Payment Processor,Europe,Professional,1819.23,30,7
INST_03846,0.12986816489376074,0,Low Risk,Payment Processor,Latin America,Professional,500.0,35,1
INST_00310,0.12970042053622097,0,Low Risk,Credit Union,North America,Enterprise,2773.25,120,16
INST_01054,0.129420665954361,0,Low Risk,Payment Processor,Asia Pacific,Enterprise,27793.05,44,6
INST_04229,0.1293961464220852,0,Low Risk,Bank,Asia Pacific,Basic,22450.18,31,17
INST_02676,0.12934360988539448,0,Low Risk,Credit Union,Asia Pacific,Basic,2138.05,27,2
INST_04445,0.12934111809080906,0,Low Risk,Payment Processor,North America,Professional,4074.67,13,7
INST_00700,0.1292710568896458,0,Low Risk,Credit Union,North America,Basic,19846.3,8,1
INST_04628,0.12926401208564461,0,Low Risk,Investment Firm,North America,Professional,702.66,27,17
INST_00575,0.12922131569527928,0,Low Risk,Payment Processor,North America,Enterprise,39933.77,20,9
INST_04290,0.12914934512549212,0,Low Risk,Credit Union,Europe,Professional,829.79,32,5
INST_02380,0.1291083010143187,0,Low Risk,Insurance Company,Europe,Professional,16167.62,30,7
INST_02885,0.12890381950664453,0,Low Risk,Payment Processor,Asia Pacific,Basic,50433.81,18,5
INST_03180,0.12881497280978732,0,Low Risk,Bank,North America,Basic,30785.04,50,3
INST_04643,0.128799198337442,0,Low Risk,Bank,North America,Professional,6117.2,15,2
INST_04493,0.12855658240301338,0,Low Risk,Insurance Company,North America,Basic,10919.6,9,0
INST_03510,0.12846432763273158,0,Low Risk,Bank,North America,Professional,628.48,18,6
INST_00384,0.12842392444816952,0,Low Risk,Insurance Company,Europe,Enterprise,563.16,68,2
INST_00037,0.12834853534054125,0,Low Risk,Bank,Middle East,Basic,3112.04,15,27
INST_04222,0.12827635040803997,0,Low Risk,Payment Processor,Europe,Professional,1135.4,33,14
INST_03326,0.12816942130522643,0,Low Risk,Insurance Company,North America,Professional,915.9,21,1
INST_00668,0.12796898964180597,0,Low Risk,Bank,North America,Professional,2277.39,23,3
INST_00705,0.12793976270044502,0,Low Risk,Payment Processor,North America,Professional,10591.9,13,2
INST_04240,0.12790320075274042,0,Low Risk,Investment Firm,North America,Enterprise,6960.82,27,17
INST_03647,0.127726879612966,0,Low Risk,Credit Union,North America,Professional,4714.92,16,12
INST_01449,0.1276380674021122,0,Low Risk,Investment Firm,Europe,Enterprise,5630.94,12,0
INST_01048,0.12762560318871036,0,Low Risk,Payment Processor,Asia Pacific,Professional,50798.15,20,0
INST_02020,0.1275627720703982,0,Low Risk,Payment Processor,Europe,Professional,6036.09,8,2
INST_03699,0.12740517429725412,0,Low Risk,Bank,Europe,Basic,28475.11,32,31
INST_01622,0.1273099882027476,0,Low Risk,Investment Firm,Europe,Basic,4893.77,13,7
INST_00580,0.12726590536620125,0,Low Risk,Credit Union,North America,Professional,1803.51,68,3
INST_04603,0.12720664276391871,0,Low Risk,Credit Union,North America,Basic,1922.48,28,5
INST_03911,0.1269643502055009,0,Low Risk,Bank,Asia Pacific,Basic,84933.59,19,2
INST_04958,0.12695133974634912,0,Low Risk,Bank,Asia Pacific,Professional,10996.74,12,15
INST_00423,0.12693975656354864,0,Low Risk,Credit Union,Europe,Professional,50592.78,29,12
INST_04233,0.12693774477422978,0,Low Risk,Payment Processor,Europe,Enterprise,4498.75,19,0
INST_03475,0.12676569005426627,0,Low Risk,Insurance Company,Asia Pacific,Basic,2812.98,20,8
INST_01824,0.12674843725620505,0,Low Risk,Investment Firm,North America,Enterprise,7869.62,17,17
INST_01457,0.12668153190889134,0,Low Risk,Investment Firm,Europe,Professional,500.0,33,11
INST_04451,0.12667981531112338,0,Low Risk,Investment Firm,Europe,Basic,11732.41,23,0
INST_02825,0.1265576689191398,0,Low Risk,Insurance Company,Latin America,Basic,6721.35,30,4
INST_01209,0.12652994244469862,0,Low Risk,Payment Processor,North America,Professional,4145.78,9,13
INST_03146,0.12634149155267976,0,Low Risk,Payment Processor,North America,Enterprise,52317.35,30,15
INST_02541,0.1262633604138266,0,Low Risk,Insurance Company,North America,Professional,2994.05,36,15
INST_04333,0.12625239012202708,0,Low Risk,Investment Firm,Asia Pacific,Basic,18033.63,55,6
INST_00016,0.1260745805162436,0,Low Risk,Bank,North America,Basic,10429.64,17,20
INST_00247,0.1260731921255204,0,Low Risk,Payment Processor,Latin America,Professional,24216.8,7,3
INST_00468,0.12606292469084024,0,Low Risk,Bank,Asia Pacific,Professional,500.0,32,26
INST_00036,0.12606129112436198,0,Low Risk,Bank,Europe,Enterprise,500.0,11,10
INST_03612,0.12605297906776816,0,Low Risk,Credit Union,Middle East,Professional,500.0,22,0
INST_01589,0.12597611049003266,0,Low Risk,Insurance Company,Asia Pacific,Professional,21326.38,10,22
INST_01530,0.12570995583790454,0,Low Risk,Bank,Europe,Enterprise,60853.32,33,6
INST_00603,0.1256930945761693,0,Low Risk,Bank,Asia Pacific,Enterprise,1032.7,38,0
INST_02219,0.12567548784703914,0,Low Risk,Bank,Latin America,Professional,14696.04,10,4
INST_02871,0.12564901603085823,0,Low Risk,Payment Processor,North America,Enterprise,5307.26,75,5
INST_04872,0.1255517794704207,0,Low Risk,Bank,North America,Professional,26405.66,10,12
INST_00827,0.12547732065380277,0,Low Risk,Bank,North America,Enterprise,916.56,19,4
INST_00726,0.125457987269773,0,Low Risk,Bank,North America,Professional,6613.94,15,26
INST_02039,0.1254226767033796,0,Low Risk,Bank,Asia Pacific,Basic,3841.58,21,1
INST_01694,0.12532905199884867,0,Low Risk,Credit Union,Europe,Basic,26361.05,36,29
INST_04671,0.12531858618084685,0,Low Risk,Payment Processor,Asia Pacific,Enterprise,10427.55,26,15
INST_04317,0.12525110510777127,0,Low Risk,Bank,North America,Basic,1008.23,101,8
INST_03954,0.1251389092488572,0,Low Risk,Bank,North America,Enterprise,4645.77,7,7
INST_00086,0.1251227602889441,0,Low Risk,Insurance Company,Asia Pacific,Professional,2771.59,39,19
INST_00017,0.1250530000051941,0,Low Risk,Credit Union,North America,Basic,192703.57,29,12
INST_02843,0.124989317152487,0,Low Risk,Payment Processor,Europe,Basic,11817.75,10,4
INST_03891,0.12492801703752926,0,Low Risk,Credit Union,Asia Pacific,Enterprise,37680.81,14,2
INST_03635,0.12490635655855203,0,Low Risk,Credit Union,Asia Pacific,Enterprise,2454.26,19,7
INST_00202,0.1248727566041741,0,Low Risk,Bank,Europe,Professional,720.38,13,0
INST_01392,0.12479561202269801,0,Low Risk,Bank,Asia Pacific,Professional,52522.73,23,5
INST_02065,0.12462431616295071,0,Low Risk,Insurance Company,Europe,Professional,40599.02,19,6
INST_02249,0.12446192126385142,0,Low Risk,Bank,Asia Pacific,Enterprise,7846.32,80,2
INST_00720,0.12436712605867208,0,Low Risk,Payment Processor,North America,Professional,28174.44,12,3
INST_04513,0.12423719682221632,0,Low Risk,Investment Firm,Asia Pacific,Basic,3221.27,21,1
INST_04608,0.12417429683895502,0,Low Risk,Payment Processor,North America,Professional,3160.39,28,2
INST_04809,0.12414550855338902,0,Low Risk,Payment Processor,Europe,Enterprise,16441.08,16,1
INST_01645,0.12412444960190859,0,Low Risk,Insurance Company,Europe,Basic,2784.27,90,7
INST_02242,0.12410192171194234,0,Low Risk,Investment Firm,North America,Enterprise,2403.58,8,1
INST_02569,0.12394704467931338,0,Low Risk,Payment Processor,North America,Basic,500.0,36,1
INST_03658,0.12383765607994085,0,Low Risk,Investment Firm,North America,Basic,517.93,21,0
INST_01293,0.12379649059199,0,Low Risk,Investment Firm,North America,Professional,500.0,44,4
INST_02939,0.1235148271246964,0,Low Risk,Bank,Europe,Basic,3020.63,50,11
INST_03504,0.12351180526839603,0,Low Risk,Payment Processor,North America,Basic,59932.64,23,13
INST_02882,0.12351071303793441,0,Low Risk,Bank,Europe,Professional,119614.03,15,11
INST_02515,0.12343037271356874,0,Low Risk,Payment Processor,Asia Pacific,Professional,1152.57,68,28
INST_00803,0.12338607467187637,0,Low Risk,Investment Firm,Asia Pacific,Enterprise,8822.24,14,3
INST_00383,0.12332162402288105,0,Low Risk,Payment Processor,North America,Enterprise,17217.37,44,3
INST_02779,0.12320808431689172,0,Low Risk,Bank,Europe,Professional,1152.78,32,1
INST_03592,0.12319479123986563,0,Low Risk,Investment Firm,Europe,Enterprise,5484.98,10,12
INST_04060,0.12313436267188635,0,Low Risk,Bank,Latin America,Professional,4412.43,23,5
INST_01995,0.12310931808869187,0,Low Risk,Investment Firm,Europe,Basic,14058.57,9,7
INST_00713,0.1230837140925064,0,Low Risk,Credit Union,Latin America,Professional,3364.69,46,28
INST_04467,0.12297423591846549,0,Low Risk,Bank,Latin America,Enterprise,1675.22,12,3
INST_03431,0.12282934582634132,0,Low Risk,Payment Processor,Europe,Enterprise,1153.81,33,8
INST_02158,0.12265187751589929,0,Low Risk,Credit Union,North America,Professional,1447.0,28,5
INST_02669,0.12263799787323425,0,Low Risk,Bank,North America,Basic,29031.27,20,2
INST_03638,0.12262959312762899,0,Low Risk,Bank,Europe,Professional,4001.59,42,0
INST_04587,0.12253703033429934,0,Low Risk,Bank,Europe,Basic,18198.65,56,13
INST_04354,0.1225290596036233,0,Low Risk,Credit Union,North America,Basic,4769.23,41,3
INST_00699,0.12252150150175334,0,Low Risk,Credit Union,North America,Professional,169257.91,16,5
INST_03940,0.12247538255375755,0,Low Risk,Insurance Company,Europe,Basic,11340.43,27,13
INST_02083,0.1224461177608037,0,Low Risk,Payment Processor,Europe,Basic,796.71,56,0
INST_03474,0.12237055851496623,0,Low Risk,Insurance Company,Latin America,Professional,22112.73,56,2
INST_04746,0.1223665507772224,0,Low Risk,Bank,Asia Pacific,Professional,18710.3,54,0
INST_04277,0.1222802116157966,0,Low Risk,Bank,Europe,Professional,131922.83,19,1
INST_04672,0.1220197952157089,0,Low Risk,Insurance Company,North America,Basic,3135.14,26,0
INST_01644,0.12197952668115399,0,Low Risk,Bank,North America,Basic,7226.96,16,0
INST_02735,0.1219339312715715,0,Low Risk,Insurance Company,Europe,Professional,40678.72,13,2
INST_01009,0.12190571032647732,0,Low Risk,Credit Union,North America,Professional,706.54,11,0
INST_03271,0.12185634424932175,0,Low Risk,Bank,North America,Professional,50178.5,12,2
INST_01964,0.1213723752373311,0,Low Risk,Investment Firm,North America,Professional,636.83,42,1
INST_00393,0.12128178006868957,0,Low Risk,Insurance Company,Europe,Professional,43907.18,39,4
INST_03919,0.1212258700197367,0,Low Risk,Insurance Company,Europe,Professional,2548.67,120,7
INST_01753,0.12119683094504995,0,Low Risk,Bank,North America,Basic,9092.57,15,1
INST_00033,0.12111685179837689,0,Low Risk,Payment Processor,Europe,Enterprise,15599.87,60,8
INST_02252,0.1208962632852853,0,Low Risk,Investment Firm,North America,Professional,1246.73,13,0
INST_04342,0.1208673251794093,0,Low Risk,Insurance Company,Asia Pacific,Basic,6432.49,38,1
INST_01346,0.1208330534986334,0,Low Risk,Bank,North America,Enterprise,4619.46,10,4
INST_03245,0.12081101655229269,0,Low Risk,Bank,Asia Pacific,Professional,5200.57,25,9
INST_02995,0.1207001481533219,0,Low Risk,Payment Processor,North America,Enterprise,5999.45,23,25
INST_01915,0.12063634757950192,0,Low Risk,Insurance Company,North America,Enterprise,7313.99,16,2
INST_03312,0.12043371244914847,0,Low Risk,Insurance Company,North America,Basic,51655.28,15,34
INST_03098,0.12039520501171193,0,Low Risk,Bank,Europe,Professional,4355.38,7,4
INST_02377,0.1203574674251008,0,Low Risk,Insurance Company,Europe,Professional,4491.39,15,4
INST_01880,0.12028846368283724,0,Low Risk,Investment Firm,Asia Pacific,Professional,18973.62,16,2
INST_02991,0.12017652615765766,0,Low Risk,Insurance Company,North America,Professional,6954.54,49,3
INST_01136,0.1201564466409794,0,Low Risk,Payment Processor,Europe,Professional,808.4,13,1
INST_02201,0.1200983016290553,0,Low Risk,Bank,North America,Professional,7619.53,30,2
INST_01448,0.11999021890796314,0,Low Risk,Payment Processor,North America,Basic,16127.59,56,1
INST_04348,0.11991297865296305,0,Low Risk,Insurance Company,Asia Pacific,Basic,21823.22,27,7
INST_04527,0.1199038889529906,0,Low Risk,Payment Processor,North America,Professional,9863.85,8,1
INST_03039,0.11957713497760744,0,Low Risk,Credit Union,Middle East,Enterprise,1370.2,26,13
INST_03975,0.11953738611975138,0,Low Risk,Payment Processor,Europe,Basic,6413.29,51,2
INST_02047,0.11952765571300901,0,Low Risk,Insurance Company,North America,Enterprise,2999.48,58,3
INST_01305,0.11947566456688838,0,Low Risk,Payment Processor,Europe,Basic,1460.17,21,8
INST_04918,0.11932615478144876,0,Low Risk,Insurance Company,North America,Professional,624.17,49,18
INST_02771,0.11932266243216721,0,Low Risk,Bank,Asia Pacific,Professional,1335.64,42,4
INST_03827,0.11922963450520496,0,Low Risk,Credit Union,North America,Basic,2601.39,42,0
INST_01799,0.11916838889150759,0,Low Risk,Bank,Europe,Professional,14123.37,55,5
INST_03015,0.11881351226634992,0,Low Risk,Bank,Asia Pacific,Professional,1381.17,50,1
INST_00476,0.11879685064043682,0,Low Risk,Bank,North America,Basic,29726.33,31,4
INST_03121,0.11873839732187218,0,Low Risk,Bank,Europe,Basic,3520.68,86,1
INST_04984,0.11871138655210188,0,Low Risk,Investment Firm,Latin America,Professional,3483.39,9,21
INST_01692,0.11868708357887967,0,Low Risk,Credit Union,Asia Pacific,Professional,7202.81,36,8
INST_00334,0.11848370742462562,0,Low Risk,Bank,Middle East,Basic,3526.34,17,21
INST_02440,0.11828839949550778,0,Low Risk,Investment Firm,Europe,Enterprise,8148.35,18,1
INST_00891,0.11823931220858323,0,Low Risk,Payment Processor,Europe,Basic,15626.0,16,1
INST_03400,0.11818683041564786,0,Low Risk,Bank,Europe,Enterprise,11421.02,38,0
INST_01414,0.11810513955752291,0,Low Risk,Credit Union,North America,Professional,2481.44,19,3
INST_02931,0.11804034169879285,0,Low Risk,Investment Firm,Asia Pacific,Enterprise,3278.13,17,0
INST_02160,0.11788062936811043,0,Low Risk,Investment Firm,Asia Pacific,Professional,19024.49,19,7
INST_01849,0.1178782990674556,0,Low Risk,Investment Firm,North America,Enterprise,18816.19,11,15
INST_01078,0.11771504265649961,0,Low Risk,Bank,Europe,Basic,12847.09,36,16
INST_00923,0.11770822377836483,0,Low Risk,Insurance Company,Europe,Basic,19502.19,13,2
INST_03156,0.11757333895935704,0,Low Risk,Payment Processor,Asia Pacific,Basic,77221.08,30,1
INST_00271,0.11751481145532366,0,Low Risk,Insurance Company,North America,Professional,3595.34,22,0
INST_02499,0.11724390934173572,0,Low Risk,Credit Union,Asia Pacific,Enterprise,4654.94,65,10
INST_03398,0.11717863807015576,0,Low Risk,Bank,Latin America,Basic,5661.44,42,17
INST_01955,0.117171650075992,0,Low Risk,Payment Processor,North America,Enterprise,1070.2,15,17
INST_03890,0.11716275699628516,0,Low Risk,Insurance Company,North America,Professional,8010.41,8,2
INST_00254,0.11710761798473943,0,Low Risk,Bank,Latin America,Enterprise,14798.3,24,6
INST_00773,0.11710517875611158,0,Low Risk,Credit Union,Asia Pacific,Basic,13954.86,54,0
INST_03213,0.11703109239963444,0,Low Risk,Investment Firm,Europe,Enterprise,6538.61,20,0
INST_03539,0.11697397419023922,0,Low Risk,Bank,Latin America,Professional,44983.67,31,1
INST_01632,0.11674562844483648,0,Low Risk,Investment Firm,Asia Pacific,Professional,1754.22,16,1
INST_04586,0.11670378375999785,0,Low Risk,Credit Union,North America,Enterprise,4333.68,42,6
INST_01593,0.11665005976181267,0,Low Risk,Bank,Latin America,Basic,7046.17,13,4
INST_03907,0.116551364888826,0,Low Risk,Bank,Europe,Basic,29646.17,36,0
INST_00505,0.11649842729360436,0,Low Risk,Bank,North America,Professional,500.0,44,8
INST_01829,0.11637051965459683,0,Low Risk,Bank,Europe,Basic,35806.53,19,7
INST_00425,0.11635270287258008,0,Low Risk,Credit Union,Europe,Enterprise,941.46,19,0
INST_04409,0.11610320277195937,0,Low Risk,Investment Firm,Europe,Professional,22735.65,10,1
INST_04925,0.11608088472195847,0,Low Risk,Bank,North America,Basic,500.0,21,4
INST_03841,0.11606692028636996,0,Low Risk,Bank,Latin America,Professional,34723.41,73,23
INST_03083,0.11599183742397273,0,Low Risk,Investment Firm,North America,Professional,27358.96,58,0
INST_02846,0.11593933689192226,0,Low Risk,Insurance Company,Asia Pacific,Enterprise,9374.7,15,14
INST_03669,0.1158644825392659,0,Low Risk,Credit Union,Asia Pacific,Enterprise,110956.94,81,10
INST_02532,0.11585947216464776,0,Low Risk,Bank,North America,Basic,2133.73,15,0
INST_02125,0.11584273882668875,0,Low Risk,Investment Firm,Europe,Enterprise,3656.56,20,5
INST_02482,0.11580638361123638,0,Low Risk,Payment Processor,Europe,Basic,8106.68,28,17
INST_00047,0.11565352086916723,0,Low Risk,Credit Union,Europe,Basic,1522.84,14,3
INST_02485,0.11562005762380137,0,Low Risk,Payment Processor,Asia Pacific,Basic,209348.0,8,6
INST_00307,0.11560009549276548,0,Low Risk,Bank,North America,Basic,6889.74,64,29
INST_03468,0.11549125744782814,0,Low Risk,Insurance Company,North America,Basic,9857.55,11,2
INST_02124,0.11542875543473687,0,Low Risk,Payment Processor,Europe,Professional,25559.17,15,3
INST_04627,0.11536422530220249,0,Low Risk,Credit Union,Latin America,Basic,1088.47,26,3
INST_03905,0.11533220484408016,0,Low Risk,Credit Union,Europe,Professional,14995.2,13,5
INST_03906,0.11529032929062598,0,Low Risk,Credit Union,Europe,Enterprise,4033.73,41,0
INST_04566,0.1150457577993733,0,Low Risk,Bank,Europe,Enterprise,5111.24,11,4
INST_01553,0.1149409726779132,0,Low Risk,Payment Processor,North America,Professional,130955.68,79,5
INST_00178,0.11489580597704009,0,Low Risk,Payment Processor,Europe,Professional,1362.6,17,1
INST_01200,0.11478185113132851,0,Low Risk,Insurance Company,Asia Pacific,Basic,4140.62,36,15
INST_03420,0.11454626823148645,0,Low Risk,Insurance Company,Europe,Enterprise,2224.88,20,1
INST_04244,0.1144479203738385,0,Low Risk,Credit Union,Europe,Professional,3671.57,120,7
INST_04112,0.11429284685066339,0,Low Risk,Bank,Europe,Basic,3146.91,18,0
INST_01563,0.11421924531196206,0,Low Risk,Bank,Europe,Professional,1388.64,17,1
INST_03662,0.11418390809671701,0,Low Risk,Bank,North America,Professional,500.0,12,2
INST_03295,0.11399429160361343,0,Low Risk,Bank,Asia Pacific,Basic,18303.38,25,0
INST_04710,0.11392842115920974,0,Low Risk,Credit Union,North America,Professional,28252.33,9,3
INST_02272,0.11392133518754338,0,Low Risk,Credit Union,Europe,Enterprise,18655.38,17,3
INST_03064,0.11367537332468595,0,Low Risk,Investment Firm,Middle East,Professional,9120.87,21,15
INST_01724,0.113671528450816,0,Low Risk,Investment Firm,Europe,Professional,19941.15,31,22
INST_04532,0.11356313026034372,0,Low Risk,Bank,North America,Basic,7486.34,10,1
INST_02734,0.11343399787836224,0,Low Risk,Payment Processor,North America,Basic,14635.98,25,12
INST_00845,0.11337540383213258,0,Low Risk,Credit Union,North America,Enterprise,143259.39,21,0
INST_01024,0.11337499409918714,0,Low Risk,Payment Processor,North America,Professional,13457.08,39,8
INST_04853,0.11337387079542458,0,Low Risk,Bank,Europe,Basic,3221.91,18,0
INST_01513,0.11337274301043575,0,Low Risk,Bank,Asia Pacific,Professional,3077.61,16,4
INST_01302,0.1133686310426932,0,Low Risk,Bank,Europe,Professional,3873.48,11,4
INST_04397,0.11334711590636905,0,Low Risk,Bank,Europe,Basic,12839.62,35,2
INST_04376,0.11331445699224024,0,Low Risk,Credit Union,Asia Pacific,Enterprise,500.0,36,6
INST_00659,0.11316786145378378,0,Low Risk,Investment Firm,Europe,Professional,344141.96,11,5
INST_01611,0.11305099575468487,0,Low Risk,Investment Firm,Asia Pacific,Basic,2770.41,17,0
INST_00791,0.1128531349331328,0,Low Risk,Investment Firm,Asia Pacific,Professional,4405.68,14,6
INST_00601,0.11282618788254782,0,Low Risk,Bank,North America,Basic,6996.05,81,3
INST_02671,0.11258253574482106,0,Low Risk,Credit Union,Europe,Basic,31065.43,29,15
INST_02546,0.11231070016096142,0,Low Risk,Bank,Asia Pacific,Professional,5096.19,37,15
INST_01529,0.11220394498278291,0,Low Risk,Credit Union,Asia Pacific,Professional,3145.38,78,2
INST_03877,0.11213717714745526,0,Low Risk,Payment Processor,North America,Professional,9370.77,112,29
INST_00730,0.11200821317158076,0,Low Risk,Bank,Asia Pacific,Professional,1630.08,34,0
INST_03437,0.11195856069515514,0,Low Risk,Investment Firm,North America,Professional,2185.5,22,6
INST_02331,0.1119270730377679,0,Low Risk,Bank,Latin America,Enterprise,1187.58,22,11
INST_03203,0.11191605436280133,0,Low Risk,Payment Processor,North America,Enterprise,136890.87,41,12
INST_02877,0.1117527986182914,0,Low Risk,Bank,North America,Professional,285717.4,7,0
INST_00065,0.11173431532865796,0,Low Risk,Credit Union,North America,Professional,708.74,28,0
INST_00538,0.11169359406392347,0,Low Risk,Credit Union,Europe,Professional,1999.78,18,2
INST_01532,0.11165542883900667,0,Low Risk,Insurance Company,Latin America,Enterprise,19878.84,9,0
INST_04702,0.11165080114180517,0,Low Risk,Investment Firm,Asia Pacific,Professional,4328.2,9,5
INST_01979,0.11164001227176454,0,Low Risk,Insurance Company,North America,Basic,2982.04,25,13
INST_01660,0.11155625763593571,0,Low Risk,Investment Firm,Europe,Enterprise,938.01,33,15
INST_04408,0.1113668973151405,0,Low Risk,Credit Union,North America,Enterprise,5586.62,17,3
INST_01681,0.11130968062156157,0,Low Risk,Payment Processor,North America,Basic,4215.86,23,0
INST_00112,0.11112333675539064,0,Low Risk,Payment Processor,Europe,Professional,4190.26,56,5
INST_00428,0.11089920128442449,0,Low Risk,Credit Union,Asia Pacific,Basic,1340.74,47,13
INST_02738,0.11084251467360823,0,Low Risk,Payment Processor,Asia Pacific,Enterprise,29276.33,9,18
INST_03000,0.11084034391639419,0,Low Risk,Investment Firm,Asia Pacific,Enterprise,159231.34,24,10
INST_04634,0.11082894267317302,0,Low Risk,Bank,North America,Professional,6438.44,12,5
INST_01251,0.11077254283552404,0,Low Risk,Credit Union,North America,Professional,1418.23,12,15
INST_01378,0.11073803884242858,0,Low Risk,Credit Union,Middle East,Basic,4421.65,18,3
INST_03918,0.11054540322611552,0,Low Risk,Investment Firm,Europe,Enterprise,18809.18,16,9
INST_01355,0.11045111436794615,0,Low Risk,Payment Processor,Middle East,Basic,6896.23,97,1
INST_02844,0.11037828845009333,0,Low Risk,Investment Firm,Asia Pacific,Professional,1820.34,111,5
INST_03127,0.11034158828366061,0,Low Risk,Bank,Latin America,Professional,2165.4,120,13
INST_04385,0.11018758528054247,0,Low Risk,Investment Firm,Latin America,Enterprise,114450.55,51,24
INST_03131,0.11017471904725942,0,Low Risk,Insurance Company,Europe,Basic,3527.35,13,11
INST_01784,0.11013300436119502,0,Low Risk,Investment Firm,Asia Pacific,Professional,1158.02,16,1
INST_00364,0.11009361638233715,0,Low Risk,Payment Processor,Europe,Basic,6790.61,44,3
INST_00983,0.10999364625759922,0,Low Risk,Bank,North America,Professional,12614.97,24,3
INST_01357,0.1099894546383969,0,Low Risk,Credit Union,Europe,Enterprise,1138.3,21,1
INST_02702,0.10992158695200807,0,Low Risk,Bank,Europe,Professional,4350.92,11,3
INST_02224,0.10979168452018946,0,Low Risk,Bank,Latin America,Professional,1422.1,85,6
INST_02255,0.10975030008956368,0,Low Risk,Investment Firm,Europe,Professional,40323.16,36,0
INST_02652,0.10974402143752739,0,Low Risk,Credit Union,North America,Basic,5312.58,20,12
INST_02486,0.10972945642293704,0,Low Risk,Credit Union,Europe,Professional,3202.11,14,6
INST_03170,0.10970987667928238,0,Low Risk,Investment Firm,Asia Pacific,Professional,500.0,28,3
INST_04413,0.10968632113989278,0,Low Risk,Investment Firm,North America,Basic,1527.92,11,6
INST_02429,0.10963888803256411,0,Low Risk,Payment Processor,Asia Pacific,Professional,10918.12,7,5
INST_04530,0.10961300995622672,0,Low Risk,Bank,North America,Professional,29570.14,37,4
INST_02379,0.10956592438953164,0,Low Risk,Insurance Company,North America,Enterprise,23880.44,6,5
INST_03693,0.10944521792365344,0,Low Risk,Bank,North America,Basic,2954.76,17,0
INST_03915,0.10940192823174177,0,Low Risk,Credit Union,Europe,Professional,2404.16,16,10
INST_01998,0.10927402818998554,0,Low Risk,Bank,North America,Enterprise,500.0,29,1
INST_01126,0.10923657526290498,0,Low Risk,Bank,Europe,Enterprise,5608.38,52,0
INST_00295,0.10917047743012093,0,Low Risk,Credit Union,North America,Enterprise,1632.35,36,20
INST_04061,0.10914533387584728,0,Low Risk,Bank,Latin America,Enterprise,10330.38,44,15
INST_04088,0.10908283297433621,0,Low Risk,Insurance Company,North America,Basic,10538.58,37,10
INST_02973,0.10890727797348398,0,Low Risk,Insurance Company,Latin America,Professional,64207.82,31,28
INST_04895,0.10864114961070843,0,Low Risk,Bank,North America,Basic,44818.34,32,3
INST_02436,0.10856388714198367,0,Low Risk,Credit Union,North America,Professional,1064.39,12,10
INST_00211,0.10839971232261389,0,Low Risk,Investment Firm,North America,Professional,6989.72,18,9
INST_03814,0.1083979048625895,0,Low Risk,Bank,Asia Pacific,Professional,3706.74,16,2
INST_04204,0.10839245366118883,0,Low Risk,Bank,Latin America,Enterprise,2703.57,13,0
INST_02547,0.1083907748975015,0,Low Risk,Credit Union,North America,Professional,6795.08,16,0
INST_00360,0.1082752805498215,0,Low Risk,Credit Union,Europe,Enterprise,24099.28,52,5
INST_02752,0.10826815243107127,0,Low Risk,Bank,North America,Basic,4521.82,20,0
INST_03694,0.10820724845759391,0,Low Risk,Bank,Europe,Professional,2432.21,14,9
INST_03376,0.10802543144737627,0,Low Risk,Insurance Company,North America,Enterprise,16405.59,42,2
INST_00031,0.1079697733017757,0,Low Risk,Bank,Europe,Enterprise,5583.31,70,5
INST_01652,0.10790981324287224,0,Low Risk,Bank,North America,Basic,4907.83,12,1
INST_01775,0.10785666382816701,0,Low Risk,Bank,North America,Professional,5288.78,11,3
INST_03407,0.10760686886162056,0,Low Risk,Payment Processor,North America,Enterprise,1313.2,44,14
INST_02488,0.1075502335512057,0,Low Risk,Investment Firm,Europe,Basic,26394.46,45,0
INST_03198,0.10751305623985953,0,Low Risk,Bank,Europe,Professional,1573.67,26,11
INST_01328,0.10748400302499374,0,Low Risk,Investment Firm,Europe,Enterprise,11948.57,29,4
INST_04149,0.10746823796821263,0,Low Risk,Insurance Company,Europe,Basic,22424.61,61,8
INST_04820,0.10743855091911798,0,Low Risk,Bank,Europe,Professional,3907.28,16,0
INST_00981,0.10735264815076682,0,Low Risk,Insurance Company,North America,Professional,1757.11,48,8
INST_01329,0.10720768187037055,0,Low Risk,Credit Union,North America,Basic,3734.55,66,0
INST_03769,0.10719780742952079,0,Low Risk,Bank,North America,Basic,3126.02,44,4
INST_02285,0.10708090861393846,0,Low Risk,Bank,Europe,Professional,500.0,16,0
INST_04602,0.10706688091062866,0,Low Risk,Payment Processor,North America,Basic,3798.74,18,0
INST_01697,0.1069597956295579,0,Low Risk,Bank,North America,Enterprise,6133.63,15,2
INST_03842,0.1068420839909705,0,Low Risk,Credit Union,North America,Basic,6324.0,51,16
INST_02967,0.10682192440894685,0,Low Risk,Investment Firm,North America,Professional,4618.19,12,15
INST_02472,0.10681032674822583,0,Low Risk,Payment Processor,Latin America,Basic,500.0,15,0
INST_02268,0.10669462763830923,0,Low Risk,Bank,Europe,Professional,3554.84,9,3
INST_01164,0.10666489678622958,0,Low Risk,Bank,North America,Professional,6779.46,13,1
INST_02684,0.10662742753048036,0,Low Risk,Bank,North America,Professional,1416.7,21,0
INST_00227,0.10661353705610872,0,Low Risk,Credit Union,Latin America,Professional,5564.9,10,6
INST_04905,0.10656397226837663,0,Low Risk,Bank,North America,Enterprise,1274.29,13,15
INST_00002,0.10650134051209792,0,Low Risk,Insurance Company,Latin America,Basic,11184.27,19,10
INST_03244,0.10649989943242975,0,Low Risk,Insurance Company,North America,Professional,4662.85,8,0
INST_04301,0.10647498739857875,0,Low Risk,Payment Processor,Europe,Professional,28465.6,30,0
INST_04056,0.10638606885213787,0,Low Risk,Insurance Company,Latin America,Professional,643.48,26,14
INST_01362,0.10634137199971326,0,Low Risk,Investment Firm,North America,Professional,692.75,46,0
INST_00235,0.10621123772016267,0,Low Risk,Insurance Company,North America,Professional,74468.52,14,1
INST_04182,0.1062086074906049,0,Low Risk,Investment Firm,North America,Enterprise,500.0,56,16
INST_04207,0.10619102290221477,0,Low Risk,Credit Union,Asia Pacific,Enterprise,1692.25,101,19
INST_02346,0.10612505077707554,0,Low Risk,Investment Firm,Europe,Basic,57090.55,13,10
INST_00007,0.10603412679923001,0,Low Risk,Payment Processor,Asia Pacific,Professional,1557.11,20,0
INST_03691,0.10595774045403429,0,Low Risk,Credit Union,Asia Pacific,Basic,61089.32,29,1
INST_00560,0.1059016443023229,0,Low Risk,Insurance Company,North America,Basic,17247.07,17,3
INST_04438,0.10586366329673572,0,Low Risk,Payment Processor,North America,Professional,92779.61,29,12
INST_02040,0.10577083505229319,0,Low Risk,Payment Processor,Asia Pacific,Professional,38904.85,17,6
INST_01039,0.10576363762555299,0,Low Risk,Bank,Latin America,Professional,10717.47,11,0
INST_01768,0.10575386829624617,0,Low Risk,Credit Union,Latin America,Basic,1130.69,34,7
INST_03305,0.1057417791783044,0,Low Risk,Credit Union,North America,Professional,7005.84,25,5
INST_04175,0.10570399831014184,0,Low Risk,Payment Processor,North America,Enterprise,3665.62,11,6
INST_03470,0.10555677862508944,0,Low Risk,Bank,North America,Basic,33428.2,17,5
INST_02550,0.10547790311305395,0,Low Risk,Bank,Latin America,Professional,2824.56,12,6
INST_02449,0.10540714905470859,0,Low Risk,Bank,North America,Professional,4535.23,13,3
INST_04285,0.10540478719549677,0,Low Risk,Investment Firm,Asia Pacific,Professional,4434.21,35,15
INST_03366,0.10536831517227377,0,Low Risk,Bank,Europe,Basic,4353.19,68,3
INST_00155,0.10535862109281612,0,Low Risk,Bank,North America,Professional,6459.12,27,4
INST_02519,0.10519343936154019,0,Low Risk,Insurance Company,North America,Professional,6238.94,15,4
INST_04453,0.1050101606237983,0,Low Risk,Insurance Company,North America,Enterprise,7277.69,11,1
INST_02947,0.10499201526390863,0,Low Risk,Credit Union,Asia Pacific,Basic,6051.64,20,4
INST_04032,0.10457676063679937,0,Low Risk,Bank,North America,Enterprise,3141.18,62,4
INST_00868,0.10441106357396404,0,Low Risk,Payment Processor,Asia Pacific,Professional,1756.63,49,9
INST_02009,0.10438340085693355,0,Low Risk,Credit Union,North America,Enterprise,1024.23,30,2
INST_03012,0.10436731496347987,0,Low Risk,Bank,Europe,Professional,9995.48,41,17
INST_04747,0.10426060880535143,0,Low Risk,Bank,North America,Professional,12483.36,29,13
INST_02326,0.10423429235156081,0,Low Risk,Insurance Company,North America,Professional,2541.11,19,0
INST_04623,0.10413562465659273,0,Low Risk,Investment Firm,Asia Pacific,Enterprise,5429.0,39,16
INST_01091,0.10408264439603798,0,Low Risk,Investment Firm,Asia Pacific,Professional,2941.49,21,1
INST_04391,0.10405386415342308,0,Low Risk,Credit Union,Middle East,Enterprise,155000.42,37,5
INST_01643,0.10401319966452059,0,Low Risk,Investment Firm,Latin America,Professional,21005.0,16,9
INST_02800,0.10392389441510458,0,Low Risk,Insurance Company,North America,Professional,14006.12,85,0
INST_00797,0.10388161341541387,0,Low Risk,Investment Firm,Middle East,Professional,6981.78,50,3
INST_00098,0.1038581141051835,0,Low Risk,Bank,Europe,Basic,120288.22,26,14
INST_01286,0.10384139475344194,0,Low Risk,Bank,Latin America,Enterprise,1476.7,118,0
INST_04321,0.10383341309357692,0,Low Risk,Payment Processor,Latin America,Basic,29550.55,79,13
INST_01483,0.10377114402962424,0,Low Risk,Bank,North America,Professional,5920.4,13,21
INST_04209,0.10373419144815432,0,Low Risk,Bank,Europe,Basic,10290.09,72,6
INST_00623,0.10368864860808934,0,Low Risk,Credit Union,Asia Pacific,Enterprise,897.04,31,8
INST_04340,0.10368379822623769,0,Low Risk,Credit Union,Asia Pacific,Professional,32429.3,44,5
INST_01343,0.10366934815006626,0,Low Risk,Insurance Company,Asia Pacific,Enterprise,1009.09,32,8
INST_00237,0.10361207271857578,0,Low Risk,Bank,Asia Pacific,Professional,903.55,20,0
INST_02531,0.1033394528645033,0,Low Risk,Insurance Company,North America,Professional,19103.64,12,0
INST_03960,0.10323496480967155,0,Low Risk,Investment Firm,North America,Basic,34057.74,24,3
INST_00512,0.1032110629759528,0,Low Risk,Payment Processor,Latin America,Professional,5460.41,53,2
INST_04170,0.10314850305421093,0,Low Risk,Bank,North America,Professional,2711.95,32,2
INST_04390,0.10314469940260934,0,Low Risk,Bank,Latin America,Basic,500.0,54,2
INST_00452,0.1030836075763023,0,Low Risk,Credit Union,North America,Enterprise,1699.52,107,0
INST_01333,0.10297776870284694,0,Low Risk,Payment Processor,Europe,Professional,2715.39,63,4
INST_00636,0.10294739236422557,0,Low Risk,Credit Union,Europe,Professional,198204.18,19,24
INST_02985,0.1029023247730007,0,Low Risk,Payment Processor,Asia Pacific,Enterprise,4796.35,15,2
INST_03466,0.10278182633267205,0,Low Risk,Credit Union,Europe,Professional,17931.03,20,2
INST_00072,0.10275360703211218,0,Low Risk,Bank,Europe,Professional,1372.53,22,0
INST_03371,0.10273156587132724,0,Low Risk,Investment Firm,Europe,Basic,25611.53,29,3
INST_01436,0.10262256205177263,0,Low Risk,Bank,Europe,Professional,8215.29,28,9
INST_01695,0.10253708387356703,0,Low Risk,Bank,Asia Pacific,Professional,9124.14,26,7
INST_03214,0.10249680463028887,0,Low Risk,Bank,North America,Basic,43019.96,28,6
INST_03801,0.10245508906092823,0,Low Risk,Payment Processor,North America,Basic,500.0,42,3
INST_01086,0.10231423595350465,0,Low Risk,Investment Firm,Asia Pacific,Enterprise,500.0,20,7
INST_02011,0.10210563177378595,0,Low Risk,Bank,Asia Pacific,Professional,7529.83,38,9
INST_03804,0.10199685336494817,0,Low Risk,Bank,Asia Pacific,Professional,36992.9,7,13
INST_04644,0.10193266879021323,0,Low Risk,Insurance Company,North America,Professional,6335.62,28,27
INST_03910,0.10192199769730087,0,Low Risk,Bank,Asia Pacific,Enterprise,35358.77,15,10
INST_02661,0.10185853993313045,0,Low Risk,Payment Processor,Europe,Professional,3511.93,14,1
INST_02291,0.10182705665677828,0,Low Risk,Bank,North America,Professional,1854.26,39,12
INST_03566,0.10173236528093098,0,Low Risk,Investment Firm,Latin America,Basic,28185.33,33,4
INST_03032,0.10167635672606905,0,Low Risk,Insurance Company,North America,Professional,2696.24,28,3
INST_00074,0.10162134615451449,0,Low Risk,Insurance Company,Middle East,Enterprise,500.0,64,1
INST_04068,0.1014908135948838,0,Low Risk,Investment Firm,North America,Professional,13712.63,12,4
INST_02829,0.10146745435343392,0,Low Risk,Bank,North America,Basic,10382.89,25,1
INST_01499,0.10132984339784584,0,Low Risk,Payment Processor,Asia Pacific,Enterprise,156255.22,52,1
INST_04966,0.10125554339171426,0,Low Risk,Payment Processor,Asia Pacific,Professional,1979.15,32,1
INST_01741,0.10124444998325931,0,Low Risk,Insurance Company,North America,Professional,6892.47,56,4
INST_01185,0.10107717882266888,0,Low Risk,Payment Processor,Asia Pacific,Enterprise,2426.31,27,15
INST_02340,0.10099735792222848,0,Low Risk,Insurance Company,Latin America,Professional,997.64,31,2
INST_03949,0.10094181390540852,0,Low Risk,Bank,Europe,Enterprise,1675.96,16,3
INST_04945,0.10091278740779604,0,Low Risk,Payment Processor,North America,Enterprise,17838.07,18,2
INST_03004,0.10084649993705577,0,Low Risk,Investment Firm,Europe,Basic,46741.72,50,9
INST_02008,0.10082282737589508,0,Low Risk,Bank,North America,Professional,19751.17,64,0
INST_04218,0.10077068225371781,0,Low Risk,Investment Firm,Asia Pacific,Basic,76410.79,23,7
INST_01551,0.10074694866892467,0,Low Risk,Investment Firm,Europe,Professional,8049.97,11,2
INST_02998,0.10066878183849191,0,Low Risk,Bank,Latin America,Professional,3217.65,28,3
INST_03830,0.10063224468889802,0,Low Risk,Credit Union,North America,Professional,943.63,52,14
INST_02057,0.10062052013674139,0,Low Risk,Credit Union,North America,Professional,4933.47,64,14
INST_02416,0.10055560699684207,0,Low Risk,Credit Union,North America,Basic,3897.66,18,0
INST_01893,0.10047837896937238,0,Low Risk,Bank,North America,Professional,1321.79,42,7
INST_04043,0.1004387855401227,0,Low Risk,Investment Firm,North America,Basic,5840.13,17,22
INST_03414,0.10039599771470266,0,Low Risk,Insurance Company,North America,Enterprise,19218.81,48,8
INST_01871,0.09987398307564932,0,Low Risk,Bank,North America,Professional,59855.81,55,4
INST_04212,0.09982126243308084,0,Low Risk,Credit Union,North America,Basic,1390.17,24,7
INST_01455,0.0998125770081897,0,Low Risk,Payment Processor,North America,Basic,15014.85,107,0
INST_01844,0.0996587217531722,0,Low Risk,Payment Processor,Latin America,Enterprise,2144.28,24,0
INST_02641,0.09960466585549847,0,Low Risk,Bank,North America,Professional,16916.46,17,2
INST_03205,0.09951836850870448,0,Low Risk,Insurance Company,North America,Enterprise,3205.69,9,5
INST_03171,0.09945142876478678,0,Low Risk,Bank,Asia Pacific,Professional,2819.22,62,3
INST_03133,0.09945060829081229,0,Low Risk,Credit Union,North America,Professional,5668.49,16,7
INST_03623,0.09939196658155067,0,Low Risk,Payment Processor,Asia Pacific,Professional,26545.78,16,1
INST_01138,0.09929530276714019,0,Low Risk,Credit Union,Europe,Professional,6589.94,69,12
INST_00236,0.09927234276044798,0,Low Risk,Bank,Asia Pacific,Professional,30038.28,11,10
INST_03348,0.0991124135472404,0,Low Risk,Bank,Europe,Professional,500.0,75,9
INST_01080,0.09890767697426275,0,Low Risk,Insurance Company,Europe,Enterprise,500.0,19,0
INST_00874,0.09890549386409292,0,Low Risk,Bank,Europe,Enterprise,10447.02,14,7
INST_01173,0.0988882375563116,0,Low Risk,Bank,Asia Pacific,Professional,571.18,68,6
INST_02300,0.09882744201795068,0,Low Risk,Insurance Company,North America,Enterprise,525.95,13,0
INST_02860,0.09876999849288672,0,Low Risk,Payment Processor,North America,Professional,2353.39,68,1
INST_04427,0.09874329327950139,0,Low Risk,Bank,Asia Pacific,Basic,7764.54,14,12
INST_00472,0.09873043454405458,0,Low Risk,Bank,North America,Enterprise,1643.39,22,16
INST_02858,0.09869405418113492,0,Low Risk,Bank,North America,Professional,2503.39,12,3
INST_03663,0.09868414420637268,0,Low Risk,Bank,Europe,Professional,9430.01,18,13
INST_03454,0.09860313364189191,0,Low Risk,Payment Processor,Latin America,Professional,17429.43,49,0
INST_01055,0.09853981363053527,0,Low Risk,Credit Union,Europe,Professional,43441.88,34,10
INST_02763,0.0985023369362793,0,Low Risk,Credit Union,Asia Pacific,Professional,1932.09,21,9
INST_02313,0.09840937666142947,0,Low Risk,Insurance Company,North America,Professional,8874.84,16,4
INST_04388,0.09824849677538616,0,Low Risk,Bank,Europe,Professional,500.0,12,4
INST_01673,0.09817897961090269,0,Low Risk,Insurance Company,North America,Enterprise,5973.36,33,1
INST_00354,0.09813448514506216,0,Low Risk,Bank,Europe,Professional,1193.1,11,0
INST_02462,0.09809889102317747,0,Low Risk,Investment Firm,Latin America,Enterprise,7874.92,23,3
INST_02296,0.09803289179257936,0,Low Risk,Bank,North America,Professional,40015.89,49,5
INST_02802,0.09799572564668199,0,Low Risk,Payment Processor,Middle East,Professional,5248.87,7,1
INST_01548,0.09798210859364369,0,Low Risk,Bank,North America,Professional,4887.88,16,2
INST_01580,0.09780952911017096,0,Low Risk,Bank,Latin America,Basic,25188.96,28,11
INST_02043,0.09780635476460896,0,Low Risk,Bank,North America,Professional,6804.23,30,19
INST_04289,0.09776737502375403,0,Low Risk,Insurance Company,North America,Basic,7462.21,31,8
INST_02828,0.09772277852564208,0,Low Risk,Credit Union,Europe,Professional,2828.51,10,0
INST_01162,0.09772260766967439,0,Low Risk,Bank,North America,Enterprise,21450.2,22,12
INST_03330,0.09769892117478643,0,Low Risk,Investment Firm,Asia Pacific,Basic,2300.6,36,4
INST_04393,0.09761654440278225,0,Low Risk,Bank,Asia Pacific,Professional,3581.21,22,7
INST_00990,0.09760365532407242,0,Low Risk,Insurance Company,North America,Professional,577.87,22,3
INST_00961,0.09759692339931325,0,Low Risk,Investment Firm,Latin America,Professional,16425.33,37,5
INST_00260,0.09745450205012621,0,Low Risk,Investment Firm,North America,Professional,4398.77,26,12
INST_03110,0.09741222792566871,0,Low Risk,Investment Firm,Europe,Basic,14286.57,16,29
INST_01304,0.09739826022894713,0,Low Risk,Insurance Company,North America,Basic,13283.3,24,6
INST_03006,0.09736489730312259,0,Low Risk,Payment Processor,Asia Pacific,Enterprise,91459.1,10,1
INST_02466,0.09722786122319878,0,Low Risk,Credit Union,Asia Pacific,Basic,1859.36,13,1
INST_02424,0.0970909014754429,0,Low Risk,Bank,Europe,Professional,5361.57,11,13
INST_03162,0.09702258399166701,0,Low Risk,Bank,Europe,Professional,525.47,40,20
INST_02568,0.0969695890808116,0,Low Risk,Insurance Company,Asia Pacific,Professional,3142.39,36,1
INST_01060,0.09687249567632839,0,Low Risk,Payment Processor,Europe,Professional,2550.19,10,1
INST_02066,0.0968225103455704,0,Low Risk,Bank,North America,Professional,3948.53,18,11
INST_02740,0.09672814028795479,0,Low Risk,Credit Union,Europe,Professional,300981.93,12,17
INST_02207,0.09671997022471505,0,Low Risk,Payment Processor,Europe,Professional,6639.05,15,2
INST_04417,0.09669584650076628,0,Low Risk,Bank,North America,Professional,8287.37,56,5
INST_03219,0.09652652826356682,0,Low Risk,Insurance Company,Asia Pacific,Professional,500.0,29,7
INST_03927,0.09645320448325916,0,Low Risk,Investment Firm,North America,Basic,7977.24,16,0
INST_00862,0.09630996984178325,0,Low Risk,Credit Union,North America,Basic,2084.8,21,9
INST_00353,0.09621234071844267,0,Low Risk,Bank,Europe,Enterprise,16333.6,60,2
INST_03021,0.09616055620929762,0,Low Risk,Credit Union,Asia Pacific,Enterprise,8744.61,7,4
INST_02367,0.096134152189084,0,Low Risk,Investment Firm,Europe,Professional,21386.99,118,1
INST_04334,0.09609401468580263,0,Low Risk,Credit Union,North America,Professional,904.71,27,2
INST_01217,0.09608436486273493,0,Low Risk,Investment Firm,North America,Professional,37984.57,30,2
INST_03274,0.09605104470178785,0,Low Risk,Insurance Company,Europe,Professional,925.51,27,13
INST_00645,0.09564237224501772,0,Low Risk,Payment Processor,North America,Basic,4821.93,67,0
INST_04353,0.09554807933840659,0,Low Risk,Payment Processor,North America,Professional,20455.71,12,3
INST_02916,0.09544810884530153,0,Low Risk,Insurance Company,Asia Pacific,Professional,67966.84,11,1
INST_00286,0.0954070511474507,0,Low Risk,Credit Union,Middle East,Professional,7633.41,28,15
INST_00604,0.09527441036454956,0,Low Risk,Bank,North America,Professional,7668.74,7,13
INST_04265,0.09522203719823491,0,Low Risk,Credit Union,North America,Basic,826.8,51,3
INST_02964,0.09518153189101897,0,Low Risk,Payment Processor,Europe,Basic,47479.73,18,0
INST_00415,0.09514180866886353,0,Low Risk,Credit Union,North America,Enterprise,26199.55,33,2
INST_02729,0.09493864495751364,0,Low Risk,Credit Union,Europe,Professional,4218.99,22,8
INST_00395,0.09493122130388823,0,Low Risk,Payment Processor,North America,Professional,51005.42,13,8
INST_04855,0.09491001397777915,0,Low Risk,Bank,Europe,Enterprise,6314.7,38,25
INST_00793,0.09484244066257448,0,Low Risk,Investment Firm,Latin America,Basic,8407.66,39,10
INST_04574,0.09481893127658594,0,Low Risk,Insurance Company,North America,Professional,15408.6,35,4
INST_04132,0.09466482174675668,0,Low Risk,Investment Firm,Europe,Professional,5318.98,11,9
INST_03353,0.09447625412634991,0,Low Risk,Credit Union,Europe,Professional,14979.25,62,7
INST_01287,0.094451965072924,0,Low Risk,Credit Union,Europe,Professional,17145.74,23,6
INST_01745,0.09436603745438914,0,Low Risk,Credit Union,Middle East,Basic,30109.89,17,3
INST_02073,0.09433808052159151,0,Low Risk,Payment Processor,North America,Enterprise,12425.68,9,21
INST_01864,0.09432979286007961,0,Low Risk,Payment Processor,Europe,Professional,11219.19,11,17
INST_00182,0.09431396228558354,0,Low Risk,Payment Processor,North America,Professional,5508.48,35,18
INST_00082,0.09427558742180178,0,Low Risk,Bank,Asia Pacific,Professional,10420.52,11,4
INST_00216,0.09422576037131453,0,Low Risk,Bank,Europe,Professional,4602.61,47,4
INST_03554,0.09420575691109567,0,Low Risk,Bank,Europe,Enterprise,2952.22,10,1
INST_00174,0.09412823178520535,0,Low Risk,Investment Firm,Europe,Basic,31185.24,72,9
INST_04094,0.09408951496391608,0,Low Risk,Bank,Europe,Professional,38780.63,20,3
INST_03853,0.09406060749005059,0,Low Risk,Payment Processor,Asia Pacific,Basic,4475.27,14,11
INST_04030,0.09402518390767346,0,Low Risk,Investment Firm,North America,Professional,544.44,64,1
INST_02895,0.09395080541610074,0,Low Risk,Payment Processor,Asia Pacific,Basic,4286.41,27,0
INST_00488,0.09388403696278223,0,Low Risk,Payment Processor,Europe,Professional,7027.58,10,2
INST_03799,0.0938068703769908,0,Low Risk,Investment Firm,Europe,Enterprise,5713.19,91,7
INST_04986,0.09378529524234322,0,Low Risk,Insurance Company,North America,Professional,4809.37,13,13
INST_03560,0.09366795457493936,0,Low Risk,Bank,North America,Basic,3237.48,36,0
INST_00119,0.09357878499634915,0,Low Risk,Credit Union,North America,Professional,577.97,21,3
INST_00722,0.09343762542024353,0,Low Risk,Bank,Asia Pacific,Professional,2824.23,35,5
INST_01683,0.09334646424084632,0,Low Risk,Insurance Company,North America,Basic,7067.39,51,3
INST_04683,0.09311726501762854,0,Low Risk,Bank,Asia Pacific,Basic,7830.07,61,13
INST_00021,0.09306140688915411,0,Low Risk,Bank,Europe,Basic,4762.99,42,0
INST_04133,0.09303438969327699,0,Low Risk,Investment Firm,North America,Professional,44333.85,23,2
INST_02041,0.09300294054041426,0,Low Risk,Investment Firm,North America,Professional,2073.01,17,9
INST_02294,0.09294773305159497,0,Low Risk,Bank,North America,Basic,3304.33,19,1
INST_03184,0.0928665553098482,0,Low Risk,Credit Union,North America,Professional,187818.31,8,4
INST_02581,0.09286134390114471,0,Low Risk,Payment Processor,North America,Enterprise,12154.68,11,1
INST_01895,0.09267599335183756,0,Low Risk,Insurance Company,Latin America,Basic,500.0,26,4
INST_00456,0.09264181573846306,0,Low Risk,Bank,North America,Basic,4648.74,48,5
INST_03385,0.09256273959991111,0,Low Risk,Payment Processor,Europe,Professional,1728.44,34,2
INST_03847,0.09255185081201255,0,Low Risk,Investment Firm,Asia Pacific,Professional,561.52,23,0
INST_00532,0.09251305867904007,0,Low Risk,Payment Processor,Asia Pacific,Enterprise,688.66,58,11
INST_03645,0.09240603388663962,0,Low Risk,Bank,Europe,Professional,628.84,16,14
INST_01153,0.09234174419612101,0,Low Risk,Investment Firm,North America,Professional,10827.72,8,2
INST_01309,0.09231040378608611,0,Low Risk,Insurance Company,Asia Pacific,Basic,66217.4,12,2
INST_04018,0.09223260291981417,0,Low Risk,Bank,North America,Enterprise,5135.45,13,6
INST_04512,0.09220656477042263,0,Low Risk,Bank,North America,Basic,4223.99,120,1
INST_04483,0.09210229055545481,0,Low Risk,Investment Firm,Asia Pacific,Professional,850.82,120,12
INST_04498,0.09201432536618676,0,Low Risk,Bank,Middle East,Professional,1166.95,13,0
INST_03434,0.09189217234775279,0,Low Risk,Insurance Company,Middle East,Professional,163652.98,32,0
INST_04570,0.09182591351056203,0,Low Risk,Credit Union,Europe,Basic,2277.7,15,1
INST_00816,0.09174549233128226,0,Low Risk,Investment Firm,North America,Enterprise,688.3,29,0
INST_01737,0.09166841011234814,0,Low Risk,Bank,North America,Professional,7891.16,18,17
INST_00421,0.09161256606244292,0,Low Risk,Insurance Company,North America,Professional,39263.09,27,10
INST_00719,0.09160597015645866,0,Low Risk,Insurance Company,North America,Basic,9713.16,32,6
INST_03644,0.091522779056674,0,Low Risk,Insurance Company,Europe,Professional,10636.91,42,3
INST_00349,0.0915069596438131,0,Low Risk,Investment Firm,Asia Pacific,Professional,20885.54,23,8
INST_04141,0.0914653943186643,0,Low Risk,Bank,North America,Professional,4927.64,30,8
INST_02852,0.09142649695230219,0,Low Risk,Bank,Asia Pacific,Enterprise,1159.93,22,4
INST_01023,0.09137203813515463,0,Low Risk,Payment Processor,North America,Professional,5502.38,13,7
INST_04074,0.0912900416845927,0,Low Risk,Investment Firm,North America,Basic,6187.33,13,3
INST_03721,0.09110339281819439,0,Low Risk,Insurance Company,Asia Pacific,Professional,9816.14,38,13
INST_02112,0.09098191898046443,0,Low Risk,Bank,Europe,Basic,9272.5,13,3
INST_01600,0.09090677759402287,0,Low Risk,Bank,Europe,Professional,2884.19,12,1
INST_04110,0.09073457068580312,0,Low Risk,Investment Firm,Latin America,Enterprise,96216.73,16,10
INST_01713,0.090702488815911,0,Low Risk,Credit Union,Asia Pacific,Professional,3900.16,59,2
INST_03449,0.09065430208066835,0,Low Risk,Bank,Asia Pacific,Basic,88335.27,14,0
INST_03605,0.09050506167545097,0,Low Risk,Bank,Europe,Basic,2893.32,24,0
INST_01922,0.0904439188922292,0,Low Risk,Investment Firm,North America,Basic,1930.6,31,0
INST_04296,0.09040359927523996,0,Low Risk,Bank,Latin America,Enterprise,5015.16,16,7
INST_03034,0.09038887909432232,0,Low Risk,Bank,Asia Pacific,Basic,2409.84,39,14
INST_00737,0.09034221407982121,0,Low Risk,Insurance Company,North America,Professional,3405.54,33,4
INST_04554,0.0901976163418337,0,Low Risk,Credit Union,Europe,Basic,10871.9,64,5
INST_04261,0.09014634724851056,0,Low Risk,Payment Processor,Europe,Enterprise,534.71,120,3
INST_01097,0.09010638729045682,0,Low Risk,Bank,Latin America,Enterprise,31621.82,11,28
INST_03615,0.08988210834010796,0,Low Risk,Bank,Middle East,Professional,1655.7,22,8
INST_02649,0.08973945312440598,0,Low Risk,Credit Union,Europe,Enterprise,8876.83,120,14
INST_00504,0.08965429038965066,0,Low Risk,Investment Firm,North America,Professional,10562.25,26,2
INST_04880,0.08937310030323023,0,Low Risk,Bank,Europe,Enterprise,500.0,70,1
INST_02206,0.08933262401544613,0,Low Risk,Bank,North America,Enterprise,10171.87,17,7
INST_04567,0.08926920045388367,0,Low Risk,Bank,Latin America,Enterprise,3565.26,30,26
INST_02868,0.08926548414324088,0,Low Risk,Bank,North America,Professional,22161.18,17,0
INST_03342,0.08924307139258611,0,Low Risk,Investment Firm,North America,Professional,6165.22,39,6
INST_04656,0.08915998744796162,0,Low Risk,Insurance Company,Latin America,Professional,16265.03,14,10
INST_00355,0.08911228738094033,0,Low Risk,Investment Firm,Europe,Basic,2911.1,34,2
INST_01234,0.08868045315403711,0,Low Risk,Investment Firm,North America,Basic,9249.68,30,3
INST_03743,0.08866453258750827,0,Low Risk,Bank,North America,Professional,4879.07,120,11
INST_01099,0.0885179069217236,0,Low Risk,Credit Union,Latin America,Enterprise,705.58,45,0
INST_01992,0.08842624101749505,0,Low Risk,Investment Firm,North America,Enterprise,169328.45,19,12
INST_04083,0.0884238037835462,0,Low Risk,Insurance Company,Asia Pacific,Basic,1449.21,42,9
INST_01277,0.08827808963382872,0,Low Risk,Payment Processor,North America,Professional,58324.21,18,0
INST_00222,0.0882543849175079,0,Low Risk,Bank,North America,Enterprise,500.0,118,9
INST_04105,0.0882220974554598,0,Low Risk,Investment Firm,North America,Basic,10910.14,8,0
INST_04765,0.0881359150317453,0,Low Risk,Payment Processor,North America,Professional,14512.09,11,16
INST_01488,0.08811612079607055,0,Low Risk,Credit Union,Europe,Professional,1503.0,104,8
INST_00980,0.08811419428527346,0,Low Risk,Bank,Europe,Professional,7655.27,25,2
INST_03438,0.08804141530799799,0,Low Risk,Payment Processor,Europe,Enterprise,13165.85,14,0
INST_02368,0.08800555493242357,0,Low Risk,Bank,North America,Basic,1049.64,25,5
INST_03901,0.08799271527158836,0,Low Risk,Credit Union,Latin America,Enterprise,2203.53,16,6
INST_00356,0.08786237878181048,0,Low Risk,Bank,North America,Professional,6508.38,21,8
INST_02712,0.08783651094663213,0,Low Risk,Bank,North America,Professional,2090.76,48,3
INST_00853,0.08781320070975447,0,Low Risk,Payment Processor,Latin America,Professional,4782.64,56,2
INST_02465,0.0877739291752527,0,Low Risk,Bank,North America,Basic,8678.22,22,9
INST_04888,0.08756249904023344,0,Low Risk,Bank,North America,Enterprise,7416.91,20,2
INST_03705,0.08753636047458631,0,Low Risk,Payment Processor,Europe,Basic,3897.98,11,2
INST_04618,0.08750695164903773,0,Low Risk,Bank,Asia Pacific,Professional,13147.79,38,0
INST_02227,0.08748506832849394,0,Low Risk,Investment Firm,North America,Basic,15705.01,38,0
INST_01538,0.08742623530342282,0,Low Risk,Bank,Europe,Professional,5951.8,22,4
INST_03805,0.08739937064929368,0,Low Risk,Payment Processor,Asia Pacific,Basic,2539.48,40,4
INST_02415,0.08738531009309497,0,Low Risk,Payment Processor,Europe,Basic,33390.3,60,8
INST_04387,0.08711521913948662,0,Low Risk,Bank,North America,Professional,4809.02,17,20
INST_02230,0.086967139870052,0,Low Risk,Insurance Company,North America,Professional,1208.62,20,8
INST_02675,0.08683772473358753,0,Low Risk,Bank,Europe,Professional,40197.89,20,5
INST_01598,0.0868122487006314,0,Low Risk,Bank,Latin America,Basic,35880.41,24,2
INST_02058,0.0865901846413635,0,Low Risk,Investment Firm,Latin America,Basic,14654.95,30,1
INST_01411,0.08649276527597463,0,Low Risk,Bank,North America,Professional,2270.79,25,13
INST_02102,0.08642821585478605,0,Low Risk,Bank,Middle East,Enterprise,3599.95,24,4
INST_00543,0.08628189064603015,0,Low Risk,Investment Firm,Asia Pacific,Professional,773.07,32,3
INST_02248,0.08610445445364387,0,Low Risk,Investment Firm,North America,Basic,9371.04,41,11
INST_00840,0.08596285948020688,0,Low Risk,Bank,Europe,Enterprise,22869.71,20,5
INST_03069,0.08586481415300563,0,Low Risk,Investment Firm,Europe,Professional,5658.93,55,1
INST_04038,0.08555865045780107,0,Low Risk,Investment Firm,Asia Pacific,Professional,1808.73,62,1
INST_01427,0.08549159658128623,0,Low Risk,Payment Processor,Asia Pacific,Professional,1914.67,21,2
INST_01866,0.08533885382208198,0,Low Risk,Bank,North America,Basic,6409.32,40,3
INST_03892,0.08527162537192055,0,Low Risk,Investment Firm,Middle East,Basic,96928.74,16,11
INST_00262,0.08520695390323257,0,Low Risk,Bank,Europe,Professional,42913.63,20,3
INST_01890,0.08520234456727029,0,Low Risk,Bank,Europe,Professional,31144.18,22,11
INST_02644,0.08518691796385434,0,Low Risk,Bank,North America,Professional,1234.93,76,6
INST_01781,0.08513865197399786,0,Low Risk,Payment Processor,Europe,Professional,17211.96,13,1
INST_04912,0.08510666017831578,0,Low Risk,Credit Union,North America,Professional,24562.23,29,13
INST_01912,0.08508040990932793,0,Low Risk,Payment Processor,North America,Basic,21015.81,68,8
INST_02797,0.08507988896421789,0,Low Risk,Investment Firm,North America,Professional,18261.27,22,1
INST_01176,0.08505540924193694,0,Low Risk,Insurance Company,Europe,Professional,30653.88,20,2
INST_02953,0.08490482090905109,0,Low Risk,Credit Union,North America,Basic,13635.33,11,2
INST_01619,0.08481241376523033,0,Low Risk,Insurance Company,Asia Pacific,Basic,9676.66,72,10
INST_01899,0.08468354083779923,0,Low Risk,Insurance Company,Europe,Basic,1424.45,47,0
INST_03452,0.08465583817100374,0,Low Risk,Investment Firm,Asia Pacific,Enterprise,15768.42,26,0
INST_00212,0.08462582282136646,0,Low Risk,Investment Firm,North America,Basic,2959.25,46,6
INST_01882,0.08461035249729548,0,Low Risk,Investment Firm,North America,Basic,7068.98,32,2
INST_00289,0.08455043361198017,0,Low Risk,Investment Firm,Asia Pacific,Basic,54102.56,120,0
INST_03773,0.08453492076111915,0,Low Risk,Insurance Company,Europe,Enterprise,3559.08,20,1
INST_04433,0.08447279976718924,0,Low Risk,Payment Processor,North America,Enterprise,17310.51,14,2
INST_00614,0.0843831706009289,0,Low Risk,Payment Processor,Europe,Professional,2129.91,49,9
INST_01923,0.084343047354255,0,Low Risk,Credit Union,Europe,Enterprise,2200.6,31,11
INST_02487,0.0843107826510375,0,Low Risk,Payment Processor,Middle East,Basic,2591.37,17,13
INST_00306,0.08426171719388663,0,Low Risk,Credit Union,Europe,Enterprise,8123.53,22,2
INST_04555,0.0840487192253596,0,Low Risk,Investment Firm,Asia Pacific,Professional,9656.2,16,3
INST_02987,0.08404445875835437,0,Low Risk,Credit Union,Europe,Basic,16910.68,45,27
INST_02151,0.08399999504943381,0,Low Risk,Bank,North America,Professional,3450.95,14,0
INST_00674,0.08396153213019998,0,Low Risk,Credit Union,Middle East,Basic,3084.2,58,0
INST_02234,0.0839103841942616,0,Low Risk,Investment Firm,North America,Professional,2167.04,35,15
INST_02545,0.08385702038918053,0,Low Risk,Credit Union,North America,Basic,1142.37,30,2
INST_02974,0.08383510997431061,0,Low Risk,Credit Union,Europe,Enterprise,11262.23,18,15
INST_04084,0.08378394991755383,0,Low Risk,Bank,North America,Basic,36296.36,61,5
INST_01687,0.08373874324773163,0,Low Risk,Credit Union,North America,Professional,806.25,20,0
INST_02142,0.0837319617282437,0,Low Risk,Insurance Company,Asia Pacific,Professional,2861.05,21,8
INST_03403,0.08368754245184125,0,Low Risk,Bank,Europe,Professional,1225.77,21,0
INST_00301,0.08362155432179459,0,Low Risk,Credit Union,North America,Enterprise,571.69,15,1
INST_02591,0.08360293400804736,0,Low Risk,Insurance Company,Asia Pacific,Professional,46645.35,38,22
INST_02452,0.08338548550878301,0,Low Risk,Investment Firm,North America,Basic,49255.45,18,0
INST_02864,0.08336688809238467,0,Low Risk,Credit Union,North America,Professional,46837.29,37,3
INST_01975,0.08335288404091014,0,Low Risk,Payment Processor,Europe,Enterprise,40394.68,25,10
INST_01463,0.08331616222741253,0,Low Risk,Investment Firm,North America,Professional,1073.15,28,8
INST_04127,0.08330118652391151,0,Low Risk,Payment Processor,Europe,Basic,8110.53,14,1
INST_02509,0.08316345786664664,0,Low Risk,Payment Processor,Latin America,Enterprise,549.48,45,4
INST_01534,0.08315200569890806,0,Low Risk,Credit Union,North America,Professional,4087.61,12,10
INST_00486,0.08295950173702296,0,Low Risk,Bank,North America,Basic,22231.0,46,13
INST_01813,0.08294290286696519,0,Low Risk,Bank,Asia Pacific,Basic,10608.36,11,3
INST_01735,0.0829209925666896,0,Low Risk,Payment Processor,Europe,Professional,3579.67,59,1
INST_02685,0.08291922449042638,0,Low Risk,Bank,Asia Pacific,Enterprise,870.62,83,7
INST_01843,0.08290399900753238,0,Low Risk,Investment Firm,North America,Professional,18744.33,32,4
INST_02318,0.08287840933164112,0,Low Risk,Credit Union,Europe,Basic,6312.05,54,0
INST_01902,0.08267354784756542,0,Low Risk,Insurance Company,North America,Professional,5177.76,14,8
INST_00517,0.08261674065909895,0,Low Risk,Insurance Company,Asia Pacific,Professional,28088.24,11,1
INST_02419,0.08240656249536565,0,Low Risk,Credit Union,Asia Pacific,Professional,3519.09,23,10
INST_01579,0.08237742510775868,0,Low Risk,Credit Union,Europe,Enterprise,598.37,16,1
INST_01919,0.08233820378526019,0,Low Risk,Credit Union,Europe,Enterprise,5285.58,41,3
INST_02617,0.08233094477598478,0,Low Risk,Bank,Asia Pacific,Basic,47972.99,19,6
INST_01342,0.08229669040043953,0,Low Risk,Payment Processor,Asia Pacific,Professional,808.33,33,7
INST_04126,0.08223096674568162,0,Low Risk,Investment Firm,Europe,Professional,500.0,63,1
INST_01860,0.0822081778659766,0,Low Risk,Insurance Company,North America,Enterprise,59361.92,14,7
INST_03057,0.08217747630597806,0,Low Risk,Bank,North America,Basic,31869.44,13,12
INST_00242,0.08214272922731176,0,Low Risk,Payment Processor,Europe,Professional,31584.46,15,2
INST_03507,0.0820717555577202,0,Low Risk,Credit Union,Europe,Professional,3662.48,18,7
INST_01116,0.08193719071770722,0,Low Risk,Bank,Asia Pacific,Enterprise,1420.33,66,13
INST_03624,0.08187572083213662,0,Low Risk,Bank,North America,Professional,878.89,76,5
INST_03117,0.0817664072690505,0,Low Risk,Bank,North America,Professional,2016.75,59,1
INST_03788,0.08165944178650879,0,Low Risk,Bank,North America,Professional,7960.34,108,8
INST_00340,0.08152762451658856,0,Low Risk,Credit Union,Asia Pacific,Basic,2352.37,29,24
INST_04663,0.0815043468617286,0,Low Risk,Insurance Company,North America,Professional,9843.96,11,2
INST_01073,0.08137882377354302,0,Low Risk,Bank,Europe,Basic,16144.7,50,1
INST_00628,0.08136880434200883,0,Low Risk,Bank,Europe,Basic,2583.53,51,8
INST_03659,0.08136069882606885,0,Low Risk,Payment Processor,Latin America,Basic,2543.65,77,4
INST_04327,0.08130130601378358,0,Low Risk,Payment Processor,North America,Professional,2697.06,18,4
INST_01446,0.08130015375205282,0,Low Risk,Investment Firm,Middle East,Enterprise,16042.98,42,0
INST_02068,0.08121348493117903,0,Low Risk,Bank,North America,Enterprise,697.52,33,10
INST_02214,0.08112593370539094,0,Low Risk,Insurance Company,North America,Professional,500.0,28,9
INST_01052,0.08109308074819438,0,Low Risk,Payment Processor,Europe,Professional,33387.29,23,1
INST_02923,0.08108852996482527,0,Low Risk,Bank,North America,Enterprise,10739.61,25,5
INST_02579,0.08103460773763002,0,Low Risk,Investment Firm,Asia Pacific,Basic,2407.1,31,10
INST_00160,0.08099938243431758,0,Low Risk,Credit Union,Europe,Professional,8713.13,13,1
INST_04565,0.08092250066498977,0,Low Risk,Payment Processor,North America,Basic,71214.71,53,5
INST_03800,0.08071285003998606,0,Low Risk,Bank,Asia Pacific,Enterprise,8720.13,17,5
INST_02695,0.08063110894080668,0,Low Risk,Credit Union,Asia Pacific,Professional,2255.1,22,7
INST_02838,0.08062662803633625,0,Low Risk,Insurance Company,North America,Basic,2211.22,37,4
INST_01473,0.08058584334918911,0,Low Risk,Credit Union,Middle East,Professional,7148.7,11,10
INST_04497,0.08045288488021445,0,Low Risk,Bank,Europe,Professional,704.18,59,1
INST_03999,0.08043806917508606,0,Low Risk,Bank,Latin America,Professional,3716.84,38,0
INST_03546,0.08040481629855624,0,Low Risk,Bank,Asia Pacific,Professional,35805.89,14,0
INST_00915,0.08040480860986897,0,Low Risk,Credit Union,North America,Basic,24642.75,12,0
INST_03670,0.08037414854033546,0,Low Risk,Bank,Latin America,Basic,6456.36,10,2
INST_00554,0.0803582655348884,0,Low Risk,Payment Processor,Asia Pacific,Professional,202454.22,10,0
INST_03937,0.08025307170900962,0,Low Risk,Bank,Latin America,Professional,2261.41,56,9
INST_00366,0.08023872424298151,0,Low Risk,Payment Processor,Europe,Enterprise,1406.52,47,27
INST_01420,0.08007882928550426,0,Low Risk,Bank,Middle East,Professional,136391.0,26,3
INST_03306,0.0800394753133743,0,Low Risk,Credit Union,North America,Professional,1153.72,16,1
INST_03430,0.08002114714176299,0,Low Risk,Investment Firm,North America,Basic,3902.4,67,18
INST_03252,0.08001572242467068,0,Low Risk,Investment Firm,North America,Professional,166825.06,26,0
INST_00465,0.07994410385460524,0,Low Risk,Credit Union,Europe,Professional,2469.26,24,0
INST_01485,0.07986982622707961,0,Low Risk,Credit Union,Europe,Professional,12494.13,25,7
INST_04025,0.07985228931086599,0,Low Risk,Insurance Company,North America,Professional,19512.12,27,3
INST_00411,0.07984523793938174,0,Low Risk,Payment Processor,North America,Professional,5132.5,19,10
INST_01229,0.07982600636220064,0,Low Risk,Credit Union,North America,Professional,9097.72,41,0
INST_04614,0.07981085549154705,0,Low Risk,Bank,Middle East,Professional,28506.13,32,1
INST_04934,0.07977307795850025,0,Low Risk,Credit Union,North America,Basic,10561.74,38,6
INST_01177,0.07975134287633522,0,Low Risk,Bank,North America,Enterprise,14793.3,14,6
INST_00318,0.07972958786361803,0,Low Risk,Bank,North America,Professional,2718.21,33,27
INST_03130,0.07958683289139153,0,Low Risk,Insurance Company,Asia Pacific,Professional,85112.91,16,0
INST_02859,0.07958069393853165,0,Low Risk,Bank,North America,Basic,6918.33,19,9
INST_03857,0.079566968625508,0,Low Risk,Investment Firm,North America,Enterprise,48969.81,89,0
INST_01172,0.07951280591156767,0,Low Risk,Investment Firm,North America,Enterprise,827.0,45,1
INST_03828,0.07941963906059674,0,Low Risk,Insurance Company,North America,Basic,3195.01,50,6
INST_02067,0.07925040578997987,0,Low Risk,Bank,Europe,Enterprise,36055.43,75,2
INST_00625,0.07923720525220741,0,Low Risk,Credit Union,Asia Pacific,Professional,3055.32,9,0
INST_02586,0.0792018938945033,0,Low Risk,Bank,Europe,Basic,3707.36,25,0
INST_04861,0.0791254593873181,0,Low Risk,Insurance Company,Europe,Professional,318074.0,65,0
INST_04167,0.07899126320544778,0,Low Risk,Bank,North America,Enterprise,117095.54,11,10
INST_02450,0.07887129942560855,0,Low Risk,Bank,Europe,Enterprise,1209.46,97,1
INST_03331,0.07880753063170073,0,Low Risk,Insurance Company,Europe,Professional,33621.33,16,1
INST_04355,0.0787929152155443,0,Low Risk,Investment Firm,Asia Pacific,Professional,3645.47,44,1
INST_02948,0.07875407141527685,0,Low Risk,Credit Union,Latin America,Enterprise,33640.17,13,3
INST_04062,0.07867138615434338,0,Low Risk,Insurance Company,Asia Pacific,Professional,22025.57,54,8
INST_02154,0.07862998759394071,0,Low Risk,Bank,North America,Professional,4724.08,37,5
INST_03436,0.0784768842755288,0,Low Risk,Bank,Europe,Professional,5453.38,11,10
INST_02085,0.07846791257436424,0,Low Risk,Credit Union,North America,Basic,19676.54,36,0
INST_04420,0.07826311395393008,0,Low Risk,Bank,Latin America,Enterprise,174641.26,62,18
INST_03351,0.07808090448863375,0,Low Risk,Credit Union,North America,Basic,6541.63,52,19
INST_01634,0.07795521262006445,0,Low Risk,Payment Processor,Europe,Professional,842.89,12,0
INST_00945,0.07780500970619095,0,Low Risk,Bank,North America,Professional,4052.6,18,6
INST_03496,0.07773487020467681,0,Low Risk,Payment Processor,Middle East,Enterprise,19300.78,109,2
INST_00111,0.07770831737900182,0,Low Risk,Bank,Latin America,Basic,500.0,32,0
INST_00328,0.07766905487556787,0,Low Risk,Credit Union,Europe,Professional,1566.08,89,2
INST_01535,0.0776548933411204,0,Low Risk,Bank,North America,Enterprise,16604.64,26,0
INST_03142,0.07764077284855672,0,Low Risk,Investment Firm,Europe,Professional,2216.34,31,7
INST_00325,0.07763342719416556,0,Low Risk,Insurance Company,Europe,Basic,7940.45,19,28
INST_00770,0.07762263713019293,0,Low Risk,Bank,Europe,Professional,138962.2,11,0
INST_03958,0.07752923765639541,0,Low Risk,Bank,Europe,Professional,15309.29,11,1
INST_00846,0.07748814103333854,0,Low Risk,Bank,North America,Professional,503.2,30,6
INST_00424,0.07743081360630619,0,Low Risk,Bank,Europe,Professional,13390.27,65,8
INST_04169,0.07736411432875061,0,Low Risk,Bank,North America,Professional,4826.83,37,1
INST_04264,0.07735912005216895,0,Low Risk,Investment Firm,Asia Pacific,Professional,3293.04,59,6
INST_01168,0.07726180380985909,0,Low Risk,Bank,North America,Professional,500.0,13,4
INST_04179,0.07703777655768634,0,Low Risk,Bank,North America,Basic,4162.32,18,2
INST_04305,0.07683009025018998,0,Low Risk,Bank,North America,Professional,262593.77,19,6
INST_04972,0.07674121468754809,0,Low Risk,Credit Union,Middle East,Basic,8971.27,19,0
INST_04226,0.07667728633605457,0,Low Risk,Credit Union,Europe,Professional,16679.49,16,4
INST_04718,0.0765464497394288,0,Low Risk,Credit Union,North America,Basic,63517.13,59,6
INST_02736,0.07652801845252367,0,Low Risk,Payment Processor,Latin America,Basic,73795.37,27,6
INST_03391,0.07641791228196439,0,Low Risk,Payment Processor,North America,Professional,12435.53,75,10
INST_03929,0.0762662239391318,0,Low Risk,Bank,Middle East,Professional,41395.23,23,15
INST_01034,0.07622809829204538,0,Low Risk,Bank,Europe,Professional,1044.81,33,9
INST_04739,0.07612918019101826,0,Low Risk,Investment Firm,Europe,Professional,6573.32,11,8
INST_04286,0.07601416834988842,0,Low Risk,Payment Processor,Europe,Basic,9255.64,24,2
INST_02311,0.07595810583405595,0,Low Risk,Payment Processor,Europe,Professional,45488.09,21,2
INST_00483,0.0758973380945768,0,Low Risk,Investment Firm,Asia Pacific,Basic,10411.81,30,0
INST_00335,0.07588604282315868,0,Low Risk,Bank,Latin America,Professional,15378.68,43,1
INST_00050,0.07586835934347501,0,Low Risk,Payment Processor,North America,Enterprise,2729.12,49,4
INST_04971,0.07574054246292572,0,Low Risk,Payment Processor,Middle East,Professional,3605.77,40,3
INST_00093,0.07571055446535795,0,Low Risk,Investment Firm,North America,Enterprise,13562.77,12,11
INST_04982,0.07568159608649211,0,Low Risk,Investment Firm,North America,Enterprise,16501.11,45,5
INST_03652,0.0754902331093746,0,Low Risk,Insurance Company,North America,Basic,879.71,75,0
INST_01774,0.07548263045506731,0,Low Risk,Insurance Company,Europe,Enterprise,4263.14,19,3
INST_04162,0.07540342595997343,0,Low Risk,Credit Union,Asia Pacific,Professional,1755.73,19,0
INST_02504,0.07539491252321655,0,Low Risk,Bank,Europe,Professional,170073.74,22,12
INST_03732,0.07537248308586138,0,Low Risk,Credit Union,North America,Enterprise,6555.63,22,4
INST_03948,0.0753316743857148,0,Low Risk,Bank,North America,Professional,6533.18,20,4
INST_00839,0.07524980076222607,0,Low Risk,Investment Firm,Europe,Professional,4234.26,53,0
INST_03128,0.075196875322624,0,Low Risk,Payment Processor,Latin America,Professional,7983.05,15,4
INST_03513,0.07513266385421599,0,Low Risk,Insurance Company,Asia Pacific,Professional,202491.73,56,6
INST_02548,0.0748043637222578,0,Low Risk,Credit Union,Asia Pacific,Professional,2702.66,46,7
INST_02165,0.07467966321908777,0,Low Risk,Payment Processor,North America,Professional,5356.12,84,1
INST_00385,0.0746758688577912,0,Low Risk,Insurance Company,Europe,Basic,500.0,25,2
INST_00187,0.07464263441970993,0,Low Risk,Investment Firm,North America,Enterprise,37858.56,17,3
INST_00678,0.07462793679056766,0,Low Risk,Payment Processor,Asia Pacific,Basic,11082.8,59,1
INST_02525,0.07461467989309523,0,Low Risk,Bank,Europe,Professional,3292.78,19,1
INST_04135,0.07456802332390865,0,Low Risk,Bank,Europe,Professional,2862.75,23,9
INST_00950,0.07451314743694167,0,Low Risk,Investment Firm,North America,Basic,12964.28,71,4
INST_04652,0.0743999386335622,0,Low Risk,Credit Union,North America,Professional,42932.33,28,12
INST_01559,0.07435209340648213,0,Low Risk,Payment Processor,Middle East,Enterprise,4069.2,23,5
INST_03840,0.07430360402321239,0,Low Risk,Credit Union,Europe,Basic,58189.83,68,8
INST_04955,0.07426997621367736,0,Low Risk,Insurance Company,North America,Professional,5137.13,120,9
INST_03803,0.07423183574769146,0,Low Risk,Payment Processor,Middle East,Professional,354315.42,13,0
INST_01208,0.0741595687648242,0,Low Risk,Bank,Europe,Basic,10865.39,28,13
INST_03206,0.07415798526383749,0,Low Risk,Payment Processor,North America,Professional,29005.86,20,6
INST_04882,0.07411237648248073,0,Low Risk,Insurance Company,North America,Professional,1604.79,31,1
INST_02239,0.07397794560077073,0,Low Risk,Bank,Europe,Enterprise,2236.63,73,12
INST_01311,0.07397483221406284,0,Low Risk,Payment Processor,Europe,Professional,830.12,59,1
INST_01585,0.07387519976670659,0,Low Risk,Bank,Europe,Professional,1619.59,45,0
INST_00499,0.0738738651801975,0,Low Risk,Payment Processor,Europe,Basic,2240.16,46,2
INST_01884,0.07385780261812709,0,Low Risk,Bank,Latin America,Professional,3663.24,18,3
INST_04383,0.07380850455492959,0,Low Risk,Investment Firm,North America,Basic,6441.14,18,12
INST_04717,0.07372963983793082,0,Low Risk,Payment Processor,North America,Enterprise,22916.77,41,19
INST_01568,0.07367931993628075,0,Low Risk,Investment Firm,North America,Basic,11598.65,120,5
INST_03068,0.07353423908537583,0,Low Risk,Bank,Europe,Enterprise,1845.03,25,16
INST_03329,0.07352829513714353,0,Low Risk,Investment Firm,Europe,Enterprise,116621.05,27,0
INST_03682,0.07348353417365583,0,Low Risk,Insurance Company,North America,Enterprise,984.01,23,8
INST_04919,0.07341245876169814,0,Low Risk,Bank,Europe,Professional,5821.91,55,1
INST_00555,0.07336130649578335,0,Low Risk,Credit Union,Asia Pacific,Professional,2466.33,39,4
INST_04892,0.07335103457443445,0,Low Risk,Investment Firm,Asia Pacific,Basic,14631.22,28,2
INST_02589,0.0732400981240502,0,Low Risk,Insurance Company,North America,Professional,574.15,24,1
INST_04712,0.07312149311272337,0,Low Risk,Bank,North America,Professional,4017.32,15,0
INST_03263,0.07298838613867456,0,Low Risk,Bank,North America,Professional,500.0,67,1
INST_02607,0.07296190825184973,0,Low Risk,Bank,Europe,Enterprise,755.93,15,5
INST_00917,0.07282560386422396,0,Low Risk,Payment Processor,Asia Pacific,Professional,4835.67,20,5
INST_02108,0.07277864477045733,0,Low Risk,Bank,Latin America,Professional,45832.55,31,0
INST_04983,0.07265176844232855,0,Low Risk,Insurance Company,Latin America,Professional,56692.81,9,5
INST_02385,0.07258934211279837,0,Low Risk,Investment Firm,North America,Basic,6840.5,35,12
INST_04140,0.07246397376700588,0,Low Risk,Bank,Europe,Professional,4655.38,84,33
INST_02559,0.07244506408752843,0,Low Risk,Credit Union,Asia Pacific,Professional,938.36,77,2
INST_00189,0.07243655536126126,0,Low Risk,Bank,North America,Basic,9926.15,19,1
INST_00389,0.07243170003966945,0,Low Risk,Insurance Company,Latin America,Enterprise,3227.21,54,1
INST_00044,0.07243003769426729,0,Low Risk,Bank,Europe,Professional,2511.76,30,0
INST_01247,0.07241039431690698,0,Low Risk,Bank,Asia Pacific,Professional,538.9,26,6
INST_03887,0.07236445377532384,0,Low Risk,Investment Firm,Asia Pacific,Basic,30858.76,31,1
INST_04962,0.07231601329470276,0,Low Risk,Bank,Europe,Enterprise,2744.58,28,5
INST_01666,0.07217760478263802,0,Low Risk,Bank,North America,Professional,6645.86,23,5
INST_01807,0.07217241346085226,0,Low Risk,Bank,Europe,Basic,1998.56,72,12
INST_02312,0.0720346836140086,0,Low Risk,Credit Union,North America,Professional,18024.31,36,2
INST_03992,0.07202688243619797,0,Low Risk,Insurance Company,North America,Basic,5183.01,54,5
INST_00267,0.07190230729004263,0,Low Risk,Insurance Company,Europe,Professional,79741.54,23,6
INST_02231,0.0719021951888081,0,Low Risk,Bank,Europe,Enterprise,19118.94,22,2
INST_01670,0.07188231585859974,0,Low Risk,Credit Union,North America,Professional,5286.81,21,1
INST_01396,0.07187312437390556,0,Low Risk,Credit Union,Europe,Professional,5074.46,14,9
INST_00706,0.07185418762007333,0,Low Risk,Bank,Latin America,Professional,4403.98,13,0
INST_02908,0.071848809965825,0,Low Risk,Bank,North America,Professional,24319.97,20,13
INST_03806,0.07184382583975625,0,Low Risk,Credit Union,Europe,Professional,150480.1,102,6
INST_02153,0.07183403317204876,0,Low Risk,Insurance Company,Latin America,Professional,1575.94,22,2
INST_04138,0.07175447799002324,0,Low Risk,Investment Firm,Europe,Professional,2785.23,58,9
INST_03957,0.0717259518642869,0,Low Risk,Credit Union,Latin America,Professional,2775.76,40,13
INST_02200,0.07172310747926987,0,Low Risk,Payment Processor,North America,Professional,92230.2,20,8
INST_03733,0.07165500528104192,0,Low Risk,Credit Union,Europe,Professional,1928.42,63,5
INST_04704,0.07163346156253869,0,Low Risk,Credit Union,North America,Enterprise,3769.25,91,2
INST_03677,0.07158560460660263,0,Low Risk,Credit Union,Asia Pacific,Enterprise,3908.09,70,23
INST_02430,0.07154394587104967,0,Low Risk,Investment Firm,North America,Enterprise,1872.51,61,6
INST_00464,0.07152048852246899,0,Low Risk,Payment Processor,North America,Basic,22421.25,42,31
INST_03695,0.07149424900897208,0,Low Risk,Bank,Europe,Basic,10259.63,12,0
INST_02373,0.0712050475433747,0,Low Risk,Credit Union,Europe,Basic,3879.6,27,1
INST_01758,0.07101583496643524,0,Low Risk,Bank,Middle East,Enterprise,500.0,17,7
INST_04250,0.07097718605964039,0,Low Risk,Credit Union,North America,Basic,7741.2,38,16
INST_00607,0.07093067869194337,0,Low Risk,Credit Union,Latin America,Enterprise,1105.27,27,0
INST_00503,0.07088989009127482,0,Low Risk,Insurance Company,Europe,Professional,500.0,66,1
INST_00671,0.07088312351761179,0,Low Risk,Payment Processor,North America,Basic,20963.51,27,2
INST_03388,0.07081723429689081,0,Low Risk,Bank,Europe,Professional,44062.24,31,0
INST_01631,0.07073414340889847,0,Low Risk,Bank,North America,Enterprise,1449.55,22,2
INST_04011,0.07065046224186868,0,Low Risk,Credit Union,North America,Enterprise,2342.68,30,19
INST_03101,0.07056967716413472,0,Low Risk,Insurance Company,Middle East,Professional,14248.73,20,5
INST_04089,0.07052740480967248,0,Low Risk,Bank,Europe,Professional,500.0,33,8
INST_00861,0.07052184374837928,0,Low Risk,Credit Union,Europe,Professional,500.0,101,4
INST_02549,0.0705092264556559,0,Low Risk,Bank,Asia Pacific,Enterprise,1995.53,18,4
INST_03308,0.07039147647058185,0,Low Risk,Credit Union,Europe,Enterprise,5039.27,15,1
INST_01821,0.07035519668877208,0,Low Risk,Bank,Europe,Professional,6578.01,17,16
INST_01561,0.07018435386141497,0,Low Risk,Bank,North America,Basic,1931.55,34,15
INST_00768,0.07017323074549614,0,Low Risk,Bank,North America,Professional,4568.04,19,3
INST_03736,0.07014241890592145,0,Low Risk,Investment Firm,North America,Enterprise,17728.22,14,12
INST_04537,0.07012595683369498,0,Low Risk,Investment Firm,Asia Pacific,Basic,12605.29,33,1
INST_04536,0.0700904597516419,0,Low Risk,Credit Union,Europe,Professional,10852.91,15,2
INST_03548,0.07007359165111839,0,Low Risk,Bank,North America,Enterprise,93081.87,46,0
INST_04300,0.07006507304767633,0,Low Risk,Bank,North America,Basic,3514.08,34,0
INST_01904,0.0700267424149424,0,Low Risk,Insurance Company,North America,Professional,3356.1,27,13
INST_04723,0.0700168378378354,0,Low Risk,Credit Union,Asia Pacific,Basic,9860.2,13,14
INST_00893,0.06989763750671996,0,Low Risk,Credit Union,North America,Professional,2318.74,21,6
INST_00474,0.06981219417982625,0,Low Risk,Credit Union,North America,Professional,3747.51,17,0
INST_01366,0.0697394709827498,0,Low Risk,Insurance Company,North America,Professional,4534.13,25,2
INST_02186,0.06961204941834848,0,Low Risk,Payment Processor,Europe,Professional,4616.96,12,9
INST_04630,0.06957537721493805,0,Low Risk,Bank,North America,Enterprise,90377.98,12,6
INST_04366,0.06955568550430086,0,Low Risk,Bank,Europe,Enterprise,4991.94,76,2
INST_01710,0.06950302934091133,0,Low Risk,Bank,North America,Enterprise,500.0,32,3
INST_04907,0.06918044645424509,0,Low Risk,Bank,North America,Professional,1805.82,29,4
INST_04725,0.06916345626363997,0,Low Risk,Bank,Middle East,Enterprise,1611.24,28,10
INST_02435,0.06913352513598513,0,Low Risk,Credit Union,Latin America,Enterprise,8767.03,15,12
INST_01215,0.06909148702857666,0,Low Risk,Bank,Asia Pacific,Basic,2391.73,24,7
INST_01272,0.06893994919838496,0,Low Risk,Insurance Company,North America,Professional,23408.71,63,3
INST_00807,0.06891095021626567,0,Low Risk,Payment Processor,Middle East,Professional,685.59,41,1
INST_01918,0.06890866669107529,0,Low Risk,Credit Union,Europe,Basic,4006.83,75,12
INST_04023,0.06886100318978115,0,Low Risk,Insurance Company,North America,Basic,21634.31,65,6
INST_04785,0.0688265202443227,0,Low Risk,Credit Union,Asia Pacific,Professional,39317.98,20,2
INST_02731,0.06871020633240392,0,Low Risk,Credit Union,North America,Professional,103910.31,21,1
INST_00755,0.06869826376910769,0,Low Risk,Insurance Company,North America,Professional,2773.98,43,1
INST_02069,0.06866261831396483,0,Low Risk,Bank,North America,Professional,40061.3,45,5
INST_02823,0.06862042073710534,0,Low Risk,Bank,Asia Pacific,Professional,74772.61,13,1
INST_01940,0.06857777338554656,0,Low Risk,Bank,Asia Pacific,Basic,10256.33,31,0
INST_03797,0.06857469850983726,0,Low Risk,Bank,Europe,Professional,3608.56,52,3
INST_01920,0.06854296283057383,0,Low Risk,Investment Firm,Latin America,Enterprise,677.99,26,26
INST_00640,0.06852284698191086,0,Low Risk,Bank,Europe,Professional,71936.14,14,7
INST_00196,0.06849151412570717,0,Low Risk,Insurance Company,Asia Pacific,Professional,455649.76,40,14
INST_00936,0.06848521424306021,0,Low Risk,Bank,Asia Pacific,Enterprise,8557.81,11,2
INST_03461,0.06839419543681861,0,Low Risk,Bank,Latin America,Basic,7969.05,39,3
INST_02511,0.06828719273556204,0,Low Risk,Payment Processor,Middle East,Enterprise,5301.97,12,7
INST_04985,0.06827219386269684,0,Low Risk,Bank,Europe,Professional,2263.46,54,2
INST_04744,0.06818320343963241,0,Low Risk,Bank,North America,Basic,9031.87,52,0
INST_00418,0.06817625545494241,0,Low Risk,Investment Firm,Europe,Professional,48821.33,15,7
INST_00219,0.06816246520899273,0,Low Risk,Insurance Company,North America,Basic,14954.35,12,4
INST_00346,0.0681412286561731,0,Low Risk,Investment Firm,North America,Professional,2761.69,12,1
INST_03484,0.06813276009394328,0,Low Risk,Investment Firm,Asia Pacific,Professional,9349.81,18,14
INST_02614,0.06803619558849565,0,Low Risk,Bank,North America,Enterprise,5209.61,30,5
INST_03426,0.06803388544921737,0,Low Risk,Investment Firm,North America,Professional,4845.86,21,0
INST_01487,0.06800395140353178,0,Low Risk,Investment Firm,North America,Professional,802.46,17,2
INST_04363,0.06797162716666863,0,Low Risk,Credit Union,North America,Enterprise,21953.23,28,27
INST_01789,0.067929678646204,0,Low Risk,Credit Union,Europe,Professional,1153.45,74,14
INST_03558,0.06781372359097174,0,Low Risk,Bank,Asia Pacific,Basic,8198.51,27,22
INST_01223,0.06780113253418238,0,Low Risk,Payment Processor,North America,Enterprise,5551.47,17,0
INST_01319,0.06769575824178121,0,Low Risk,Bank,North America,Enterprise,1517.25,21,0
INST_03524,0.06763872026489846,0,Low Risk,Bank,Europe,Professional,26895.77,9,4
INST_00285,0.0676261388295691,0,Low Risk,Bank,Asia Pacific,Basic,30744.82,32,17
INST_00448,0.06755994279732576,0,Low Risk,Credit Union,Europe,Professional,1864.98,13,5
INST_02136,0.06754237953123314,0,Low Risk,Bank,Latin America,Professional,13402.56,19,0
INST_03120,0.06749799715678212,0,Low Risk,Bank,North America,Professional,12847.95,49,12
INST_03532,0.06748959640497892,0,Low Risk,Bank,Europe,Professional,7431.97,14,1
INST_01379,0.06732062939931469,0,Low Risk,Investment Firm,Latin America,Basic,25684.96,71,0
INST_04165,0.06730671373958313,0,Low Risk,Credit Union,Asia Pacific,Professional,10906.51,36,5
INST_03031,0.06727392841681884,0,Low Risk,Credit Union,Europe,Professional,8617.65,23,19
INST_01567,0.06723527359437396,0,Low Risk,Bank,Europe,Professional,21113.21,22,0
INST_03335,0.06711747159690193,0,Low Risk,Insurance Company,Europe,Professional,443522.12,77,4
INST_02260,0.06710112162878484,0,Low Risk,Insurance Company,North America,Enterprise,5464.72,34,2
INST_00777,0.06703378953037835,0,Low Risk,Insurance Company,North America,Professional,4350.62,24,10
INST_02542,0.06686898228855981,0,Low Risk,Insurance Company,Europe,Enterprise,2682.07,19,5
INST_03632,0.06684504366228122,0,Low Risk,Credit Union,North America,Basic,12995.03,32,1
INST_02208,0.06683430572789908,0,Low Risk,Bank,North America,Professional,3588.01,32,9
INST_01130,0.0667992559588326,0,Low Risk,Insurance Company,North America,Professional,5330.56,32,10
INST_03226,0.06677296414618712,0,Low Risk,Bank,North America,Professional,5523.22,31,3
INST_00116,0.06675806062424314,0,Low Risk,Insurance Company,Europe,Basic,500.0,26,3
INST_01453,0.06674130019140329,0,Low Risk,Investment Firm,North America,Professional,5133.42,36,13
INST_00105,0.06670044292522817,0,Low Risk,Bank,North America,Basic,1002.2,51,0
INST_03427,0.06669764159363281,0,Low Risk,Investment Firm,Middle East,Professional,5938.84,11,8
INST_01733,0.06666502179325415,0,Low Risk,Credit Union,North America,Professional,5267.31,24,5
INST_01218,0.06646566237589338,0,Low Risk,Investment Firm,North America,Professional,862.59,94,18
INST_01308,0.06645812319998995,0,Low Risk,Bank,Europe,Professional,37821.29,11,1
INST_03490,0.0664152992616186,0,Low Risk,Bank,Asia Pacific,Enterprise,31221.73,51,8
INST_03378,0.06640992242028884,0,Low Risk,Bank,Europe,Professional,5915.17,26,13
INST_03888,0.06631257295376214,0,Low Risk,Investment Firm,North America,Basic,237536.4,67,3
INST_00233,0.0663110420191386,0,Low Risk,Credit Union,Europe,Professional,2883.99,14,7
INST_00059,0.06629671153649724,0,Low Risk,Bank,North America,Professional,13432.82,13,1
INST_00183,0.06615063826076444,0,Low Risk,Payment Processor,Latin America,Professional,10953.33,17,3
INST_01557,0.06597730692504047,0,Low Risk,Credit Union,North America,Enterprise,10228.16,18,1
INST_02456,0.06592480086111269,0,Low Risk,Credit Union,Europe,Basic,5096.54,70,0
INST_00204,0.06581861262885978,0,Low Risk,Investment Firm,Middle East,Basic,11138.84,16,4
INST_03968,0.06576539595901865,0,Low Risk,Investment Firm,Europe,Professional,9359.37,18,14
INST_00507,0.06572299229112699,0,Low Risk,Insurance Company,North America,Professional,31698.77,11,1
INST_02489,0.06567208778221105,0,Low Risk,Credit Union,Asia Pacific,Professional,4704.11,64,5
INST_01143,0.06566050933102531,0,Low Risk,Investment Firm,Latin America,Professional,1754.91,80,3
INST_04942,0.06565023737804113,0,Low Risk,Insurance Company,North America,Basic,15480.27,91,1
INST_04509,0.06554995296120864,0,Low Risk,Payment Processor,North America,Professional,1286.55,30,16
INST_00918,0.06550903590386886,0,Low Risk,Insurance Company,North America,Professional,7028.63,41,26
INST_00835,0.065382836449378,0,Low Risk,Credit Union,Europe,Enterprise,8604.88,20,7
INST_03116,0.06538007605727589,0,Low Risk,Insurance Company,Asia Pacific,Professional,28210.81,13,1
INST_01237,0.06533001992717766,0,Low Risk,Credit Union,Asia Pacific,Enterprise,500.0,64,0
INST_01722,0.06531319095617738,0,Low Risk,Bank,Asia Pacific,Professional,2733.07,23,2
INST_03943,0.06522888238551391,0,Low Risk,Credit Union,Latin America,Basic,3253.1,68,0
INST_03290,0.0651862904479418,0,Low Risk,Bank,Middle East,Professional,24831.48,61,28
INST_03576,0.06514896275181473,0,Low Risk,Bank,Asia Pacific,Professional,14393.74,28,1
INST_04104,0.06506416429000131,0,Low Risk,Bank,North America,Professional,25822.5,14,3
INST_03343,0.06502146605766686,0,Low Risk,Bank,Europe,Professional,5566.89,35,0
INST_00955,0.06493692122551122,0,Low Risk,Credit Union,Europe,Enterprise,3190.01,39,4
INST_02237,0.06489062122438029,0,Low Risk,Bank,Latin America,Enterprise,1879.98,12,11
INST_02639,0.06480291692082449,0,Low Risk,Insurance Company,North America,Professional,8153.96,41,14
INST_04989,0.06472639908723504,0,Low Risk,Insurance Company,Asia Pacific,Enterprise,3406.1,71,4
INST_00557,0.06471740905940723,0,Low Risk,Bank,Asia Pacific,Enterprise,1827.51,54,8
INST_03464,0.0646834247619007,0,Low Risk,Bank,Middle East,Professional,35111.55,11,6
INST_00976,0.06455256709340171,0,Low Risk,Investment Firm,North America,Enterprise,2419.04,15,1
INST_04440,0.06454453656445798,0,Low Risk,Payment Processor,North America,Professional,11048.0,17,1
INST_03594,0.06449429737124092,0,Low Risk,Credit Union,Asia Pacific,Professional,3832.59,32,1
INST_00632,0.06428408129544928,0,Low Risk,Credit Union,North America,Basic,4199.19,91,1
INST_03344,0.06425789269203318,0,Low Risk,Credit Union,Middle East,Professional,11598.33,16,2
INST_01546,0.06422219772646255,0,Low Risk,Insurance Company,Europe,Professional,3406.46,115,22
INST_01674,0.0642095571650318,0,Low Risk,Insurance Company,North America,Basic,1298.86,22,1
INST_02720,0.06406796653768045,0,Low Risk,Payment Processor,Europe,Professional,24097.55,55,5
INST_00139,0.06402878756184838,0,Low Risk,Payment Processor,Latin America,Professional,126954.77,41,1
INST_02288,0.06401817525038017,0,Low Risk,Credit Union,Latin America,Basic,1584.06,30,3
INST_01870,0.06401630245192536,0,Low Risk,Insurance Company,Europe,Enterprise,15086.22,26,17
INST_00433,0.06401162444046612,0,Low Risk,Bank,North America,Professional,2364.23,30,5
INST_01708,0.06395558038571476,0,Low Risk,Investment Firm,Asia Pacific,Professional,5323.55,22,17
INST_03373,0.06391640845790386,0,Low Risk,Investment Firm,Asia Pacific,Professional,35278.15,70,5
INST_04948,0.06388081209852028,0,Low Risk,Insurance Company,Europe,Professional,7743.46,15,10
INST_04553,0.06373707465733769,0,Low Risk,Payment Processor,Europe,Enterprise,2542.65,14,11
INST_02405,0.06372068523639887,0,Low Risk,Investment Firm,North America,Basic,12044.62,26,2
INST_00293,0.06370896461838706,0,Low Risk,Credit Union,North America,Professional,43310.48,28,7
INST_03415,0.0636972765173079,0,Low Risk,Investment Firm,North America,Professional,42572.69,57,1
INST_02681,0.06369386703041818,0,Low Risk,Insurance Company,Europe,Professional,13435.56,35,12
INST_01085,0.06367610642607491,0,Low Risk,Credit Union,Europe,Professional,4032.37,43,10
INST_01088,0.06364554390777231,0,Low Risk,Payment Processor,Asia Pacific,Professional,9720.25,24,17
INST_02794,0.06363708561822616,0,Low Risk,Credit Union,Asia Pacific,Professional,10709.75,57,2
INST_02833,0.06351960061428236,0,Low Risk,Bank,Latin America,Professional,10542.78,15,2
INST_00248,0.0633615345440159,0,Low Risk,Payment Processor,Europe,Enterprise,11255.98,38,4
INST_01790,0.0633608281971823,0,Low Risk,Bank,Asia Pacific,Enterprise,500.0,21,1
INST_04510,0.063355897507183,0,Low Risk,Bank,Europe,Enterprise,3094.82,19,0
INST_01541,0.06335000476668108,0,Low Risk,Bank,Asia Pacific,Basic,8676.65,14,13
INST_04081,0.06323365628069498,0,Low Risk,Bank,Europe,Enterprise,22902.99,34,5
INST_02423,0.06307991820027688,0,Low Risk,Credit Union,Europe,Professional,14599.79,89,18
INST_03396,0.06302327807187996,0,Low Risk,Insurance Company,Europe,Professional,20128.24,11,19
INST_00577,0.06300661903495623,0,Low Risk,Payment Processor,Middle East,Enterprise,919.9,25,4
INST_03641,0.06292801546074982,0,Low Risk,Payment Processor,Europe,Professional,582.53,39,7
INST_04742,0.0629020394447908,0,Low Risk,Bank,Latin America,Enterprise,8592.7,18,6
INST_03336,0.0628653007309033,0,Low Risk,Payment Processor,Latin America,Enterprise,9506.58,35,7
INST_00583,0.06285529003090833,0,Low Risk,Bank,Asia Pacific,Professional,44257.39,19,0
INST_04779,0.06280962166980524,0,Low Risk,Bank,Europe,Enterprise,5334.71,23,6
INST_03666,0.06265299839355012,0,Low Risk,Insurance Company,Asia Pacific,Professional,6136.63,22,1
INST_04754,0.06253893665294401,0,Low Risk,Payment Processor,North America,Professional,25373.4,98,11
INST_03447,0.06251083070845188,0,Low Risk,Insurance Company,Latin America,Professional,6744.96,14,0
INST_04496,0.06248787824827346,0,Low Risk,Credit Union,Europe,Professional,7024.97,53,4
INST_04654,0.062452366223586964,0,Low Risk,Credit Union,Europe,Professional,23558.3,18,29
INST_04573,0.06243589799790362,0,Low Risk,Insurance Company,North America,Enterprise,14469.43,14,1
INST_00715,0.062208997561864834,0,Low Risk,Payment Processor,North America,Basic,39079.71,51,0
INST_02660,0.062079631906103966,0,Low Risk,Credit Union,North America,Basic,12361.76,16,0
INST_02387,0.06200754432852233,0,Low Risk,Investment Firm,Middle East,Professional,8866.7,15,2
INST_03567,0.062002716288910215,0,Low Risk,Investment Firm,Latin America,Professional,23774.24,34,9
INST_04657,0.061986605703534356,0,Low Risk,Credit Union,North America,Professional,1380.34,47,2
INST_00055,0.06183501687039819,0,Low Risk,Payment Processor,Asia Pacific,Professional,2633.44,32,2
INST_00654,0.061681424264792464,0,Low Risk,Credit Union,North America,Professional,629.02,31,7
INST_03512,0.06164931597262912,0,Low Risk,Payment Processor,Asia Pacific,Professional,1113.43,55,1
INST_04833,0.061587194356717674,0,Low Risk,Bank,Middle East,Professional,7290.11,85,7
INST_01873,0.06152967873252532,0,Low Risk,Insurance Company,North America,Professional,49251.46,46,4
INST_03984,0.06151979899911462,0,Low Risk,Insurance Company,North America,Enterprise,63562.99,25,18
INST_02223,0.06151035823893729,0,Low Risk,Bank,North America,Professional,14506.39,21,0
INST_04909,0.061089543404708256,0,Low Risk,Credit Union,North America,Basic,58815.8,36,0
INST_03055,0.06073741932001932,0,Low Risk,Payment Processor,North America,Professional,1580.52,26,7
INST_02403,0.060643439195611416,0,Low Risk,Bank,Europe,Basic,16964.46,34,4
INST_01263,0.060565504958086845,0,Low Risk,Credit Union,Middle East,Professional,10412.06,21,6
INST_03079,0.06053001730433753,0,Low Risk,Payment Processor,Europe,Enterprise,101626.28,27,11
INST_03734,0.06051365935808258,0,Low Risk,Bank,North America,Professional,500.0,16,12
INST_02782,0.060481199063803,0,Low Risk,Payment Processor,Latin America,Basic,81440.0,13,2
INST_02132,0.060450184151241745,0,Low Risk,Investment Firm,Asia Pacific,Basic,11857.05,22,4
INST_04789,0.060429069259000066,0,Low Risk,Bank,North America,Enterprise,36487.86,22,16
INST_04125,0.06031032682453163,0,Low Risk,Investment Firm,Middle East,Professional,21781.92,21,9
INST_04506,0.06022173543026835,0,Low Risk,Insurance Company,North America,Enterprise,11769.87,39,4
INST_04841,0.060167133219808065,0,Low Risk,Payment Processor,Middle East,Professional,4833.7,20,0
INST_02259,0.06005358144012257,0,Low Risk,Credit Union,Europe,Enterprise,11412.88,33,1
INST_04322,0.059937866601759586,0,Low Risk,Investment Firm,Europe,Professional,3747.6,12,5
INST_01241,0.059888086422132336,0,Low Risk,Insurance Company,North America,Enterprise,2249.04,22,1
INST_01345,0.05984256855694794,0,Low Risk,Credit Union,North America,Enterprise,3662.06,17,4
INST_04519,0.05975218223933193,0,Low Risk,Bank,North America,Professional,109168.45,26,5
INST_02521,0.059742406440493626,0,Low Risk,Bank,Europe,Enterprise,7853.38,21,8
INST_01267,0.05974095100138714,0,Low Risk,Credit Union,North America,Basic,6782.98,20,14
INST_03419,0.059714138278793606,0,Low Risk,Bank,North America,Professional,533.25,78,0
INST_00593,0.059708692399073275,0,Low Risk,Bank,Middle East,Basic,3066.65,25,0
INST_00531,0.05968091393482656,0,Low Risk,Payment Processor,North America,Professional,1820.06,25,5
INST_04520,0.05959213104458799,0,Low Risk,Payment Processor,North America,Professional,3062.62,54,1
INST_04792,0.05954190628449077,0,Low Risk,Bank,North America,Professional,3556.69,16,5
INST_01456,0.05937412752498695,0,Low Risk,Investment Firm,Europe,Professional,6240.23,26,3
INST_03588,0.05936075949461115,0,Low Risk,Bank,Europe,Basic,5836.1,33,0
INST_02441,0.05931673656219767,0,Low Risk,Credit Union,North America,Professional,1210.11,28,1
INST_01445,0.05929724315887074,0,Low Risk,Bank,Europe,Enterprise,2413.72,66,16
INST_02723,0.05921956305845863,0,Low Risk,Credit Union,Asia Pacific,Enterprise,3138.96,43,1
INST_03673,0.05920215604223122,0,Low Risk,Bank,North America,Basic,46358.22,45,12
INST_03707,0.05905557840856412,0,Low Risk,Bank,Europe,Basic,2791.91,40,8
INST_00756,0.05894203346072211,0,Low Risk,Investment Firm,Europe,Basic,20718.05,26,5
INST_00200,0.05886569717910591,0,Low Risk,Investment Firm,North America,Professional,2360.79,24,0
INST_04053,0.058860726661613016,0,Low Risk,Investment Firm,North America,Professional,11024.39,68,5
INST_00377,0.05883940526799801,0,Low Risk,Bank,North America,Professional,16677.14,30,10
INST_02638,0.05865370422127808,0,Low Risk,Payment Processor,North America,Professional,4116.5,16,0
INST_00975,0.05861760581774483,0,Low Risk,Bank,Middle East,Professional,10505.21,46,0
INST_04673,0.05842983161680598,0,Low Risk,Bank,North America,Professional,18988.42,21,9
INST_02381,0.05831183683584686,0,Low Risk,Payment Processor,North America,Professional,3680.6,33,9
INST_02074,0.05820554453771197,0,Low Risk,Payment Processor,Europe,Professional,1159.94,20,2
INST_04529,0.058067734368904576,0,Low Risk,Bank,Latin America,Professional,8599.26,19,0
INST_04005,0.058067212055249826,0,Low Risk,Bank,North America,Enterprise,11480.72,14,9
INST_01016,0.058060411883639966,0,Low Risk,Bank,North America,Professional,3584.43,104,1
INST_04288,0.05804524046885396,0,Low Risk,Bank,Europe,Professional,3985.71,49,12
INST_01083,0.05791584045842803,0,Low Risk,Payment Processor,North America,Professional,4406.47,112,9
INST_04108,0.05787557314465662,0,Low Risk,Payment Processor,North America,Enterprise,4569.56,95,26
INST_04154,0.05783179634709165,0,Low Risk,Bank,North America,Professional,2026.05,76,3
INST_00261,0.05772726200311272,0,Low Risk,Payment Processor,Asia Pacific,Professional,1418.68,42,7
INST_00478,0.05772212848689053,0,Low Risk,Payment Processor,Asia Pacific,Professional,18808.09,73,5
INST_01564,0.05757766883418224,0,Low Risk,Insurance Company,North America,Enterprise,7913.21,55,0
INST_00070,0.05749890112848148,0,Low Risk,Insurance Company,Europe,Enterprise,23524.87,64,2
INST_02756,0.057475111988317645,0,Low Risk,Credit Union,North America,Professional,3255.2,30,4
INST_04454,0.057430662195377395,0,Low Risk,Payment Processor,Latin America,Professional,5780.05,19,4
INST_04991,0.0573878923871131,0,Low Risk,Investment Firm,North America,Professional,5264.31,34,2
INST_02897,0.05734275752048947,0,Low Risk,Bank,Europe,Enterprise,3866.15,49,3
INST_00015,0.05728698574663459,0,Low Risk,Bank,North America,Basic,4115.42,45,0
INST_03451,0.057203316736308664,0,Low Risk,Investment Firm,North America,Professional,8619.12,19,2
INST_01354,0.05717268453131502,0,Low Risk,Credit Union,Latin America,Professional,9090.07,17,1
INST_01152,0.05717183867522097,0,Low Risk,Investment Firm,North America,Professional,19067.94,20,7
INST_03713,0.05711013936657714,0,Low Risk,Investment Firm,Europe,Basic,3291.95,39,13
INST_04738,0.057086645677144984,0,Low Risk,Credit Union,North America,Enterprise,660.74,29,1
INST_01324,0.0570850540622151,0,Low Risk,Payment Processor,North America,Enterprise,500.0,56,19
INST_03606,0.05706846336164147,0,Low Risk,Insurance Company,Asia Pacific,Professional,50385.6,43,5
INST_00556,0.05691822167962741,0,Low Risk,Bank,North America,Basic,21626.34,60,23
INST_00406,0.05685840774460061,0,Low Risk,Credit Union,Middle East,Basic,4472.7,31,2
INST_01811,0.05677775583263078,0,Low Risk,Insurance Company,North America,Enterprise,5460.5,27,3
INST_02145,0.05675095875424143,0,Low Risk,Insurance Company,Asia Pacific,Professional,713.48,26,0
INST_03587,0.05673691453474567,0,Low Risk,Insurance Company,Asia Pacific,Basic,6291.0,26,4
INST_02925,0.05668830852530089,0,Low Risk,Payment Processor,North America,Professional,693.97,36,0
INST_04969,0.05662938148691804,0,Low Risk,Credit Union,North America,Professional,23296.15,28,1
INST_03129,0.0566222218976023,0,Low Risk,Insurance Company,North America,Basic,1978.1,30,5
INST_02674,0.05645541456835138,0,Low Risk,Payment Processor,Europe,Professional,6041.71,20,7
INST_00683,0.056451097958260116,0,Low Risk,Investment Firm,North America,Professional,9438.05,34,1
INST_03473,0.05634602234960569,0,Low Risk,Investment Firm,North America,Professional,7570.41,13,7
INST_00043,0.05633860413184257,0,Low Risk,Payment Processor,Asia Pacific,Professional,13258.39,24,2
INST_04187,0.05633467520420634,0,Low Risk,Investment Firm,North America,Enterprise,33460.94,20,2
INST_04010,0.0562406715035406,0,Low Risk,Bank,North America,Enterprise,19264.97,33,13
INST_01146,0.05622506802812267,0,Low Risk,Insurance Company,Europe,Professional,1298.58,36,1
INST_00172,0.05608931972170473,0,Low Risk,Credit Union,North America,Professional,1430.49,33,0
INST_01819,0.05590314665876668,0,Low Risk,Credit Union,Asia Pacific,Professional,847.76,40,1
INST_02583,0.05568212200691028,0,Low Risk,Credit Union,North America,Enterprise,500.0,31,1
INST_02141,0.05566838594948785,0,Low Risk,Credit Union,North America,Enterprise,1697.01,76,8
INST_03063,0.055630351348144765,0,Low Risk,Investment Firm,North America,Enterprise,1080.96,120,1
INST_04931,0.05551440967717856,0,Low Risk,Bank,North America,Professional,1213.4,33,1
INST_00996,0.05548508175627832,0,Low Risk,Payment Processor,Europe,Enterprise,18606.58,20,8
INST_00123,0.05545829854454288,0,Low Risk,Bank,Europe,Professional,7973.56,22,14
INST_03780,0.05527306249440019,0,Low Risk,Credit Union,North America,Enterprise,10737.94,15,5
INST_01090,0.05509382051714343,0,Low Risk,Payment Processor,Europe,Enterprise,3770.57,7,1
INST_01994,0.05503662885320246,0,Low Risk,Insurance Company,Latin America,Enterprise,31567.36,11,6
INST_04318,0.05496148942201077,0,Low Risk,Credit Union,Europe,Enterprise,3486.35,94,1
INST_03187,0.05494679841654064,0,Low Risk,Credit Union,Latin America,Enterprise,3562.5,33,4
INST_01905,0.05475676269331519,0,Low Risk,Bank,North America,Professional,1871.0,81,8
INST_01418,0.054703408401677776,0,Low Risk,Credit Union,Asia Pacific,Professional,3400.05,31,21
INST_00256,0.054521173857978805,0,Low Risk,Payment Processor,North America,Professional,45272.92,36,13
INST_03639,0.05447491481277122,0,Low Risk,Bank,Europe,Professional,53585.56,42,2
INST_03003,0.05444330517926929,0,Low Risk,Investment Firm,Latin America,Professional,3908.49,30,17
INST_01766,0.05441567889760094,0,Low Risk,Insurance Company,Middle East,Basic,15286.16,17,0
INST_04211,0.054298519992473225,0,Low Risk,Investment Firm,Latin America,Enterprise,3422.23,32,4
INST_03045,0.054298088977618286,0,Low Risk,Insurance Company,North America,Professional,4161.62,26,10
INST_04745,0.05417685512858227,0,Low Risk,Bank,Asia Pacific,Professional,25957.94,28,0
INST_03608,0.05415658623535895,0,Low Risk,Payment Processor,Europe,Basic,7819.21,64,0
INST_04235,0.054148454450191126,0,Low Risk,Bank,North America,Enterprise,23409.13,15,7
INST_04941,0.05412796372388588,0,Low Risk,Credit Union,North America,Basic,3628.55,20,7
INST_00875,0.05408862207533301,0,Low Risk,Bank,North America,Professional,20255.81,57,3
INST_03444,0.054015214024326505,0,Low Risk,Payment Processor,North America,Basic,11012.23,30,0
INST_01399,0.054010204904932343,0,Low Risk,Insurance Company,Latin America,Professional,1552.57,72,7
INST_02195,0.05397186495721659,0,Low Risk,Credit Union,Europe,Professional,12711.42,12,2
INST_01071,0.05396073528146397,0,Low Risk,Bank,North America,Enterprise,4240.18,20,5
INST_04339,0.05395512580467585,0,Low Risk,Bank,Europe,Professional,21865.08,15,9
INST_02162,0.0539523204340945,0,Low Risk,Credit Union,Europe,Professional,5812.45,21,3
INST_04422,0.053861899110395815,0,Low Risk,Investment Firm,Europe,Professional,22736.06,50,4
INST_01793,0.053726861572839624,0,Low Risk,Investment Firm,North America,Basic,5488.05,29,12
INST_02540,0.0537036296474901,0,Low Risk,Investment Firm,North America,Basic,19576.17,17,13
INST_01536,0.05361168600445688,0,Low Risk,Bank,Asia Pacific,Enterprise,14282.26,24,0
INST_02316,0.05359121404845595,0,Low Risk,Bank,North America,Professional,43258.38,16,10
INST_02580,0.053580313118104766,0,Low Risk,Bank,Asia Pacific,Enterprise,106885.93,16,11
INST_01439,0.0534757214575721,0,Low Risk,Investment Firm,Europe,Professional,34718.14,11,1
INST_04097,0.05343927222881671,0,Low Risk,Bank,North America,Enterprise,7490.77,22,2
INST_04867,0.053350284069444,0,Low Risk,Bank,North America,Professional,9307.27,18,0
INST_02979,0.05333202172215268,0,Low Risk,Payment Processor,Asia Pacific,Professional,10935.83,38,12
INST_04256,0.05326003220053965,0,Low Risk,Payment Processor,North America,Basic,24404.43,46,0
INST_02258,0.05311549621761372,0,Low Risk,Bank,Asia Pacific,Professional,3258.67,39,13
INST_02708,0.05296948636619035,0,Low Risk,Bank,Europe,Professional,8182.68,50,3
INST_03953,0.05295854998523637,0,Low Risk,Bank,Europe,Professional,8390.14,28,4
INST_00027,0.05292630013791241,0,Low Risk,Credit Union,North America,Enterprise,41701.96,25,8
INST_04087,0.052922288876291086,0,Low Risk,Investment Firm,Middle East,Basic,5659.98,54,1
INST_02697,0.05291299115811927,0,Low Risk,Bank,Asia Pacific,Enterprise,26699.46,38,13
INST_04679,0.05289049374372987,0,Low Risk,Investment Firm,North America,Enterprise,115203.4,73,5
INST_02251,0.052870017518647755,0,Low Risk,Payment Processor,Latin America,Professional,18974.94,21,23
INST_04865,0.05283929227116872,0,Low Risk,Investment Firm,North America,Basic,5378.74,31,5
INST_02005,0.0528334438257683,0,Low Risk,Insurance Company,North America,Enterprise,10493.34,48,0
INST_03123,0.05283259167735399,0,Low Risk,Credit Union,Asia Pacific,Professional,6948.09,22,11
INST_00776,0.05279875841006115,0,Low Risk,Bank,Europe,Professional,14472.72,59,0
INST_02109,0.052533758601520514,0,Low Risk,Payment Processor,Europe,Basic,48557.22,42,3
INST_04616,0.052502860707447564,0,Low Risk,Insurance Company,Asia Pacific,Basic,5347.37,22,2
INST_00849,0.05247460712769562,0,Low Risk,Investment Firm,Europe,Basic,5257.81,14,0
INST_03423,0.052443764201982906,0,Low Risk,Bank,North America,Professional,20314.02,27,16
INST_01929,0.052443751207233394,0,Low Risk,Bank,Europe,Basic,35429.32,38,16
INST_02359,0.052349281110498344,0,Low Risk,Bank,Latin America,Professional,3179.94,24,3
INST_01980,0.052345370014676665,0,Low Risk,Bank,North America,Basic,500.0,37,2
INST_00675,0.05214710350285207,0,Low Risk,Payment Processor,North America,Professional,8918.91,40,0
INST_02874,0.05203642346507831,0,Low Risk,Insurance Company,Europe,Enterprise,15571.08,31,5
INST_01925,0.052008711772407255,0,Low Risk,Bank,North America,Enterprise,4028.1,62,2
INST_03528,0.051956158094008255,0,Low Risk,Payment Processor,Asia Pacific,Professional,12555.81,17,14
INST_03222,0.051852241571830236,0,Low Risk,Bank,North America,Professional,7671.18,42,22
INST_04590,0.051848155878151,0,Low Risk,Investment Firm,Europe,Professional,3079.54,33,23
INST_04124,0.05184602960052918,0,Low Risk,Insurance Company,North America,Professional,1612.55,42,5
INST_01262,0.0518446298488019,0,Low Risk,Bank,North America,Professional,1008.2,61,4
INST_02565,0.05179222699570909,0,Low Risk,Bank,Latin America,Professional,4923.46,22,10
INST_02490,0.05174463932983687,0,Low Risk,Bank,North America,Enterprise,4776.71,63,5
INST_01021,0.05153333153535817,0,Low Risk,Bank,Latin America,Basic,4120.61,28,1
INST_01443,0.05152221164411741,0,Low Risk,Credit Union,North America,Professional,11743.47,28,3
INST_03228,0.051456625311976846,0,Low Risk,Bank,Europe,Basic,8612.51,36,1
INST_00790,0.0514461289052652,0,Low Risk,Bank,North America,Professional,13522.37,38,1
INST_04806,0.051417404185543684,0,Low Risk,Bank,Asia Pacific,Basic,9315.7,23,1
INST_01206,0.05140787541753725,0,Low Risk,Investment Firm,North America,Professional,2871.84,66,5
INST_00817,0.05138506041938027,0,Low Risk,Credit Union,Europe,Professional,2279.36,65,1
INST_01282,0.05136004047909019,0,Low Risk,Investment Firm,Asia Pacific,Enterprise,18396.74,39,3
INST_00143,0.05127958017120383,0,Low Risk,Bank,Asia Pacific,Professional,9839.86,13,13
INST_01468,0.051273944124206106,0,Low Risk,Payment Processor,Latin America,Basic,7061.31,31,0
INST_03010,0.05115731008273986,0,Low Risk,Credit Union,Asia Pacific,Professional,2892.39,26,0
INST_04839,0.05100605469599711,0,Low Risk,Bank,Asia Pacific,Professional,4581.42,52,7
INST_00040,0.05079675252406432,0,Low Risk,Bank,Asia Pacific,Enterprise,30604.47,18,9
INST_03065,0.05068166914581746,0,Low Risk,Bank,North America,Professional,3757.6,33,3
INST_03389,0.050583339870657405,0,Low Risk,Investment Firm,North America,Basic,21285.27,31,23
INST_04990,0.05048644901565678,0,Low Risk,Payment Processor,Europe,Enterprise,4562.83,20,5
INST_00168,0.050469634446404045,0,Low Risk,Bank,North America,Professional,616.73,20,0
INST_03993,0.05040550471400744,0,Low Risk,Bank,Europe,Professional,25895.74,17,10
INST_03216,0.050368154650373365,0,Low Risk,Bank,Europe,Professional,2108.92,22,2
INST_02071,0.050340041815955736,0,Low Risk,Credit Union,Europe,Professional,17691.26,19,10
INST_03778,0.05032854934784146,0,Low Risk,Investment Firm,Asia Pacific,Professional,4324.72,39,8
INST_01856,0.050215154597913605,0,Low Risk,Insurance Company,Europe,Professional,2148.9,27,11
INST_04885,0.050198095640533985,0,Low Risk,Payment Processor,Asia Pacific,Enterprise,764.19,18,2
INST_01322,0.050066816312466435,0,Low Risk,Payment Processor,Europe,Basic,8428.32,76,4
INST_01431,0.04999690445415883,0,Low Risk,Credit Union,Latin America,Professional,7442.28,30,0
INST_03038,0.04996566883010381,0,Low Risk,Bank,North America,Professional,1194.82,32,7
INST_02814,0.04992326596412486,0,Low Risk,Investment Firm,North America,Basic,45284.45,22,0
INST_04063,0.04991309916447086,0,Low Risk,Bank,North America,Professional,8242.98,14,0
INST_01539,0.049895303642357315,0,Low Risk,Credit Union,Europe,Professional,10004.17,40,3
INST_01601,0.04975561374771017,0,Low Risk,Bank,Europe,Enterprise,4063.49,30,14
INST_01397,0.0496297155915009,0,Low Risk,Bank,North America,Professional,986.76,87,8
INST_03690,0.04958045417928359,0,Low Risk,Insurance Company,Europe,Professional,23137.82,19,0
INST_04889,0.04944634355270022,0,Low Risk,Investment Firm,North America,Enterprise,125884.52,45,0
INST_00320,0.04928690909161069,0,Low Risk,Credit Union,North America,Professional,5780.12,36,3
INST_02609,0.049258837831698515,0,Low Risk,Bank,North America,Enterprise,738.32,14,2
INST_01785,0.049145898862394316,0,Low Risk,Payment Processor,Latin America,Enterprise,9626.07,21,4
INST_01759,0.04913405319035411,0,Low Risk,Credit Union,North America,Professional,1222.21,16,1
INST_04085,0.049127460382318494,0,Low Risk,Bank,North America,Professional,7786.52,24,3
INST_01562,0.049122363650834514,0,Low Risk,Insurance Company,North America,Enterprise,19069.72,32,3
INST_02481,0.04886536960085523,0,Low Risk,Payment Processor,North America,Enterprise,9654.45,53,0
INST_04937,0.04877376605968942,0,Low Risk,Investment Firm,Asia Pacific,Enterprise,2669.11,40,3
INST_00095,0.04874608325843646,0,Low Risk,Credit Union,Europe,Professional,21337.9,16,2
INST_00523,0.04873582323118289,0,Low Risk,Insurance Company,Europe,Professional,3199.01,45,10
INST_02535,0.048712225340129256,0,Low Risk,Insurance Company,Asia Pacific,Professional,49798.65,54,4
INST_00841,0.0486616007588481,0,Low Risk,Investment Firm,North America,Professional,15134.97,65,17
INST_03375,0.04865185656705309,0,Low Risk,Insurance Company,North America,Professional,2564.68,108,1
INST_03073,0.048485978083838414,0,Low Risk,Bank,Asia Pacific,Professional,8457.7,48,16
INST_02994,0.048471847759496575,0,Low Risk,Bank,North America,Professional,2498.66,31,15
INST_02293,0.04845124020163708,0,Low Risk,Credit Union,Europe,Professional,6556.32,51,1
INST_04858,0.04820428386754095,0,Low Risk,Payment Processor,North America,Professional,78414.9,74,1
INST_03265,0.04819952809431969,0,Low Risk,Bank,North America,Enterprise,2131.99,37,6
INST_03791,0.04819614185117192,0,Low Risk,Bank,North America,Basic,16029.76,36,3
INST_00746,0.04811586698123607,0,Low Risk,Credit Union,Asia Pacific,Enterprise,11204.81,24,1
INST_00518,0.04797006649085682,0,Low Risk,Payment Processor,North America,Professional,6530.52,14,0
INST_04189,0.047900054183133756,0,Low Risk,Insurance Company,Asia Pacific,Professional,16669.67,27,5
INST_04910,0.04789484735749428,0,Low Risk,Payment Processor,North America,Basic,12507.6,18,2
INST_02470,0.047826510868547195,0,Low Risk,Bank,Asia Pacific,Professional,2900.63,36,2
INST_03137,0.04781394035360734,0,Low Risk,Insurance Company,Middle East,Basic,23294.56,51,3
INST_03347,0.04762208026000696,0,Low Risk,Bank,North America,Basic,5927.05,36,4
INST_02567,0.04756881357961348,0,Low Risk,Bank,North America,Basic,21661.49,54,16
INST_02667,0.04756775005371461,0,Low Risk,Investment Firm,Asia Pacific,Professional,4849.78,18,1
INST_00727,0.04744244247378198,0,Low Risk,Insurance Company,North America,Professional,4231.53,30,3
INST_04031,0.0473820852841469,0,Low Risk,Bank,Asia Pacific,Enterprise,5202.84,19,4
INST_04761,0.047288858959299365,0,Low Risk,Payment Processor,North America,Enterprise,500.0,88,11
INST_01754,0.04727985264523819,0,Low Risk,Payment Processor,North America,Professional,5298.65,27,0
INST_00988,0.04726494242288555,0,Low Risk,Bank,Asia Pacific,Enterprise,105975.52,32,11
INST_03303,0.04721802140336223,0,Low Risk,Bank,North America,Enterprise,1944.79,49,0
INST_04100,0.0471673950010089,0,Low Risk,Investment Firm,Europe,Professional,10327.99,61,6
INST_03573,0.04716706827417983,0,Low Risk,Payment Processor,North America,Professional,14687.32,30,7
INST_02627,0.047073252588879635,0,Low Risk,Investment Firm,Europe,Enterprise,2049.94,19,11
INST_02027,0.04705390433717052,0,Low Risk,Payment Processor,Middle East,Professional,5954.27,38,0
INST_02038,0.04705331323486426,0,Low Risk,Bank,Europe,Professional,7532.06,90,8
INST_03357,0.04695917207295316,0,Low Risk,Credit Union,Europe,Enterprise,11155.36,16,9
INST_04606,0.04695596412928395,0,Low Risk,Insurance Company,Asia Pacific,Professional,6841.81,54,15
INST_02558,0.046930387096278316,0,Low Risk,Bank,Europe,Enterprise,1444.56,28,3
INST_00856,0.04687239495477727,0,Low Risk,Bank,North America,Professional,2330.78,45,4
INST_01965,0.04669054276780515,0,Low Risk,Investment Firm,North America,Professional,653.27,27,0
INST_02345,0.04668283746738672,0,Low Risk,Investment Firm,North America,Enterprise,10213.7,25,19
INST_02687,0.04663230622973271,0,Low Risk,Credit Union,North America,Basic,1136.73,46,0
INST_02682,0.04656389110343486,0,Low Risk,Bank,Europe,Professional,5817.76,29,1
INST_04464,0.04653625738906759,0,Low Risk,Investment Firm,Asia Pacific,Enterprise,755.22,45,12
INST_00008,0.04652731209831958,0,Low Risk,Investment Firm,North America,Professional,4106.89,16,4
INST_02006,0.0463183222426732,0,Low Risk,Credit Union,Europe,Professional,5394.88,13,0
INST_01997,0.04624502780436024,0,Low Risk,Bank,Latin America,Professional,8763.62,25,7
INST_01316,0.04601626772770555,0,Low Risk,Credit Union,Asia Pacific,Professional,41128.97,13,12
INST_00092,0.046015504292810115,0,Low Risk,Insurance Company,Asia Pacific,Professional,31740.15,14,1
INST_02851,0.04600775743133743,0,Low Risk,Bank,Asia Pacific,Professional,500.0,116,3
INST_02315,0.04598181543975012,0,Low Risk,Bank,Middle East,Basic,8706.46,31,2
INST_00186,0.045837398164320524,0,Low Risk,Insurance Company,Asia Pacific,Enterprise,93722.71,13,3
INST_02364,0.04563007438180059,0,Low Risk,Investment Firm,Europe,Professional,4407.82,38,13
INST_03279,0.04560906622003371,0,Low Risk,Insurance Company,North America,Enterprise,14506.65,30,22
INST_00851,0.04550505666943414,0,Low Risk,Insurance Company,Middle East,Professional,12383.48,26,6
INST_01486,0.04527407435196386,0,Low Risk,Credit Union,Middle East,Professional,3199.52,81,3
INST_00620,0.045229830100063484,0,Low Risk,Bank,North America,Professional,8960.6,13,1
INST_04749,0.04520915007714775,0,Low Risk,Insurance Company,Latin America,Enterprise,2054.95,24,7
INST_03559,0.04512819105122417,0,Low Risk,Credit Union,Asia Pacific,Professional,16432.84,65,0
INST_04730,0.045004931526677054,0,Low Risk,Bank,North America,Enterprise,6936.04,16,11
INST_01523,0.04493261911218083,0,Low Risk,Bank,North America,Basic,6288.03,18,7
INST_02840,0.044869071407512104,0,Low Risk,Credit Union,Europe,Enterprise,9135.68,47,1
INST_02706,0.044835675116860395,0,Low Risk,Bank,Europe,Basic,22783.33,31,10
INST_01576,0.04476162180840913,0,Low Risk,Bank,Latin America,Professional,2062.26,31,6
INST_00611,0.044377756688441024,0,Low Risk,Insurance Company,Asia Pacific,Professional,500.0,31,0
INST_04524,0.04429146750496056,0,Low Risk,Insurance Company,North America,Professional,12220.16,32,9
INST_03771,0.04417259885833944,0,Low Risk,Payment Processor,North America,Enterprise,3328.61,36,0
INST_00997,0.04407419056376468,0,Low Risk,Bank,Asia Pacific,Professional,351680.43,30,6
INST_00333,0.04406560110187766,0,Low Risk,Bank,North America,Professional,3935.36,28,3
INST_04922,0.0439672650462666,0,Low Risk,Investment Firm,Europe,Enterprise,19066.42,20,9
INST_00527,0.04381150594311948,0,Low Risk,Bank,North America,Basic,12218.33,29,9
INST_02395,0.04376216232453682,0,Low Risk,Bank,North America,Professional,4288.75,96,3
INST_02175,0.04374717112848178,0,Low Risk,Insurance Company,Europe,Professional,5960.69,30,1
INST_01961,0.04374263499240087,0,Low Risk,Credit Union,North America,Enterprise,2771.9,34,1
INST_02793,0.04370165816125173,0,Low Risk,Bank,Asia Pacific,Enterprise,10673.59,30,13
INST_00732,0.043672851116388405,0,Low Risk,Investment Firm,Asia Pacific,Professional,500.0,61,2
INST_01756,0.0436725613665456,0,Low Risk,Payment Processor,Asia Pacific,Enterprise,8802.43,13,0
INST_01501,0.04357810194516745,0,Low Risk,Credit Union,North America,Enterprise,3453.48,30,6
INST_03595,0.0435205836192402,0,Low Risk,Investment Firm,Europe,Professional,10321.76,62,7
INST_01128,0.04344514811817461,0,Low Risk,Credit Union,North America,Professional,4721.42,57,2
INST_01512,0.04340320676289536,0,Low Risk,Payment Processor,Asia Pacific,Enterprise,3485.25,23,3
INST_04243,0.04325505581966775,0,Low Risk,Credit Union,Asia Pacific,Professional,1047.27,23,4
INST_02352,0.04318103792906159,0,Low Risk,Investment Firm,Europe,Basic,47213.79,25,5
INST_01320,0.04314432130844867,0,Low Risk,Bank,Europe,Professional,1757.46,51,6
INST_03625,0.042796939935008986,0,Low Risk,Bank,Europe,Professional,500.0,31,0
INST_03789,0.04277703754762577,0,Low Risk,Payment Processor,Asia Pacific,Professional,4522.46,13,8
INST_03701,0.042736048233550344,0,Low Risk,Investment Firm,Asia Pacific,Professional,37049.64,45,0
INST_00597,0.042710343805836735,0,Low Risk,Bank,Asia Pacific,Professional,72590.44,44,21
INST_04396,0.04268445910490154,0,Low Risk,Bank,North America,Enterprise,23929.28,36,7
INST_03545,0.042657277833465256,0,Low Risk,Bank,Europe,Professional,20100.85,27,3
INST_04836,0.04264652201979281,0,Low Risk,Credit Union,Latin America,Professional,9606.23,17,6
INST_03071,0.042592916102272095,0,Low Risk,Investment Firm,Europe,Enterprise,28160.58,66,0
INST_01335,0.0425687253684119,0,Low Risk,Investment Firm,Asia Pacific,Professional,35289.75,84,0
INST_03655,0.042467630957273454,0,Low Risk,Bank,Europe,Enterprise,21201.77,23,1
INST_00544,0.042352707807000504,0,Low Risk,Investment Firm,Europe,Enterprise,6518.65,32,1
INST_01219,0.0421818784585494,0,Low Risk,Bank,North America,Professional,6905.84,39,4
INST_03977,0.04217884273043292,0,Low Risk,Credit Union,Asia Pacific,Professional,7708.82,29,15
INST_01332,0.04215277966570902,0,Low Risk,Bank,Europe,Enterprise,13253.65,32,0
INST_03617,0.04208977762414129,0,Low Risk,Insurance Company,North America,Professional,6224.06,58,11
INST_01689,0.04203264652865485,0,Low Risk,Insurance Company,North America,Professional,8162.14,16,3
INST_01265,0.041962409576198484,0,Low Risk,Bank,Europe,Enterprise,13300.63,36,5
INST_04434,0.04196136807909952,0,Low Risk,Bank,North America,Enterprise,7820.55,14,1
INST_04248,0.041796135649180916,0,Low Risk,Investment Firm,North America,Professional,69463.78,73,6
INST_03035,0.041726828468984206,0,Low Risk,Bank,North America,Professional,4810.42,72,1
INST_04439,0.041607530987860485,0,Low Risk,Bank,Asia Pacific,Professional,500.0,51,3
INST_01740,0.041441099793104924,0,Low Risk,Insurance Company,North America,Professional,6776.36,17,5
INST_02533,0.041433533673516924,0,Low Risk,Bank,Europe,Professional,29586.72,56,3
INST_04884,0.04138355780845174,0,Low Risk,Bank,North America,Professional,28304.92,22,1
INST_00630,0.041359772164864514,0,Low Risk,Insurance Company,Asia Pacific,Professional,13942.44,13,5
INST_00617,0.04132950053544907,0,Low Risk,Bank,North America,Enterprise,3652.81,29,0
INST_00838,0.04130212528834072,0,Low Risk,Investment Firm,Europe,Professional,44374.38,68,1
INST_01199,0.04125824290565043,0,Low Risk,Bank,North America,Enterprise,117191.47,34,0
INST_02238,0.041244964225760024,0,Low Risk,Bank,Asia Pacific,Professional,3659.83,35,6
INST_02495,0.041211146890774354,0,Low Risk,Credit Union,North America,Enterprise,8962.55,17,1
INST_03881,0.04120932062023042,0,Low Risk,Insurance Company,Europe,Professional,32280.24,12,10
INST_00246,0.04116266460751558,0,Low Risk,Credit Union,Asia Pacific,Basic,10669.24,39,17
INST_04572,0.04114245152424293,0,Low Risk,Bank,North America,Professional,2871.15,44,1
INST_04697,0.0411378958919475,0,Low Risk,Credit Union,Asia Pacific,Professional,43545.22,27,5
INST_04993,0.041085558528960314,0,Low Risk,Investment Firm,Asia Pacific,Professional,1207.52,16,5
INST_00221,0.04104678080148525,0,Low Risk,Investment Firm,Europe,Professional,9800.42,67,3
INST_04926,0.04102577193670012,0,Low Risk,Credit Union,Europe,Enterprise,6083.79,73,11
INST_04143,0.04093211981915652,0,Low Risk,Insurance Company,Europe,Professional,2485.01,19,12
INST_03377,0.04090530654218097,0,Low Risk,Bank,North America,Enterprise,5958.77,21,3
INST_00587,0.04084817425215106,0,Low Risk,Bank,Europe,Enterprise,5687.09,12,7
INST_01381,0.04079556983023416,0,Low Risk,Credit Union,Europe,Professional,7571.38,21,0
INST_02026,0.040752009385667635,0,Low Risk,Insurance Company,North America,Professional,2691.34,46,0
INST_01810,0.04074138823164473,0,Low Risk,Investment Firm,Asia Pacific,Enterprise,9454.53,27,12
INST_03417,0.04067835942289136,0,Low Risk,Investment Firm,Europe,Enterprise,500.0,42,12
INST_00088,0.04064070132316367,0,Low Risk,Payment Processor,Europe,Professional,39059.48,21,22
INST_00338,0.040544714719742976,0,Low Risk,Credit Union,Latin America,Professional,3771.24,15,5
INST_03955,0.04035220006288415,0,Low Risk,Payment Processor,North America,Professional,6663.77,55,12
INST_03952,0.04029821518343937,0,Low Risk,Payment Processor,North America,Enterprise,11550.3,54,9
INST_03864,0.04027954717569265,0,Low Risk,Bank,North America,Professional,24697.0,32,0
INST_01435,0.04026042894743364,0,Low Risk,Bank,Europe,Professional,7831.87,25,13
INST_03046,0.040244921577885645,0,Low Risk,Credit Union,Asia Pacific,Basic,5759.63,45,12
INST_02468,0.04018457112338348,0,Low Risk,Credit Union,Europe,Professional,36374.67,101,0
INST_00974,0.0401371375221364,0,Low Risk,Bank,North America,Professional,9251.15,28,18
INST_03202,0.039928571332550976,0,Low Risk,Bank,Latin America,Professional,10262.73,111,7
INST_00163,0.03984477083597118,0,Low Risk,Credit Union,Europe,Professional,21110.21,16,6
INST_04490,0.039834912386939,0,Low Risk,Bank,Europe,Enterprise,29099.4,64,14
INST_04629,0.03982803215762188,0,Low Risk,Credit Union,North America,Basic,25454.7,25,2
INST_03333,0.03976938928458089,0,Low Risk,Bank,Europe,Enterprise,264366.72,13,3
INST_03844,0.039674225098244656,0,Low Risk,Bank,North America,Professional,500.0,24,3
INST_03345,0.03964795323462011,0,Low Risk,Insurance Company,Asia Pacific,Professional,10886.48,46,2
INST_03433,0.03956050799746281,0,Low Risk,Credit Union,Latin America,Professional,623.5,34,10
INST_04362,0.039308470755928575,0,Low Risk,Insurance Company,Europe,Professional,7029.57,31,4
INST_03936,0.03919447775409658,0,Low Risk,Credit Union,North America,Professional,19599.69,30,4
INST_03826,0.03910995054471633,0,Low Risk,Credit Union,Asia Pacific,Professional,5604.21,29,19
INST_01834,0.03904623228285191,0,Low Risk,Insurance Company,Latin America,Professional,74408.99,30,3
INST_04729,0.03902698111469009,0,Low Risk,Bank,North America,Enterprise,17735.37,26,1
INST_03008,0.038978127102539055,0,Low Risk,Investment Firm,Asia Pacific,Basic,12866.58,20,6
INST_01592,0.038950423500464834,0,Low Risk,Bank,North America,Professional,2619.65,25,2
INST_03986,0.0389256383562496,0,Low Risk,Bank,North America,Basic,11564.21,47,6
INST_01353,0.03882907804223852,0,Low Risk,Insurance Company,Europe,Professional,5478.6,76,20
INST_01946,0.03854382080876232,0,Low Risk,Credit Union,North America,Professional,21598.36,49,16
INST_04758,0.03852950790539133,0,Low Risk,Credit Union,North America,Professional,15619.32,25,4
INST_01124,0.038493636916347725,0,Low Risk,Investment Firm,Asia Pacific,Basic,6039.67,16,1
INST_02277,0.038426825311960365,0,Low Risk,Credit Union,North America,Professional,4096.8,32,23
INST_02497,0.03835710349650447,0,Low Risk,Payment Processor,Latin America,Professional,2483.71,22,18
INST_02420,0.03827029358714024,0,Low Risk,Bank,North America,Enterprise,6849.53,61,2
INST_01298,0.0380829080401637,0,Low Risk,Investment Firm,Asia Pacific,Professional,5820.31,16,1
INST_02632,0.03805887008121442,0,Low Risk,Bank,North America,Basic,26030.73,14,2
INST_03914,0.0380431543951921,0,Low Risk,Payment Processor,North America,Professional,3389.68,28,1
INST_04795,0.03789177592005522,0,Low Risk,Bank,Europe,Enterprise,500.0,39,14
INST_04118,0.03787143085936445,0,Low Risk,Bank,Latin America,Enterprise,42021.19,19,1
INST_02570,0.03785476675205624,0,Low Risk,Credit Union,North America,Enterprise,11459.55,62,30
INST_01404,0.037783349575940324,0,Low Risk,Investment Firm,North America,Enterprise,4241.56,50,4
INST_01703,0.037682767304667845,0,Low Risk,Credit Union,North America,Professional,108242.12,20,11
INST_04441,0.03764262574240278,0,Low Risk,Insurance Company,North America,Professional,5249.83,20,5
INST_03947,0.03761577872617687,0,Low Risk,Investment Firm,Latin America,Professional,34467.35,30,7
INST_02678,0.037583958659570996,0,Low Risk,Bank,North America,Professional,13953.91,23,1
INST_00696,0.037425207033095736,0,Low Risk,Bank,Europe,Enterprise,2082.82,45,13
INST_01521,0.037397155034550385,0,Low Risk,Payment Processor,North America,Basic,48437.65,37,4
INST_03070,0.03734470992287244,0,Low Risk,Insurance Company,Europe,Professional,660.57,42,12
INST_03517,0.03729625670373969,0,Low Risk,Credit Union,Latin America,Enterprise,15758.68,12,13
INST_02022,0.037239902759075696,0,Low Risk,Payment Processor,Middle East,Enterprise,12794.27,15,0
INST_01038,0.03720544536014281,0,Low Risk,Bank,North America,Enterprise,11072.02,21,6
INST_02746,0.03714576970130572,0,Low Risk,Investment Firm,North America,Basic,22307.39,103,0
INST_01969,0.03711438819175115,0,Low Risk,Bank,Europe,Professional,14423.05,15,2
INST_03653,0.03706511905910132,0,Low Risk,Bank,Europe,Professional,6827.68,36,3
INST_03824,0.03689906177721223,0,Low Risk,Bank,Latin America,Professional,6712.92,27,30
INST_00528,0.036883298544542885,0,Low Risk,Bank,Europe,Enterprise,8840.97,17,17
INST_00282,0.03684461424707946,0,Low Risk,Credit Union,North America,Enterprise,4975.55,60,8
INST_02330,0.03674156473534993,0,Low Risk,Bank,North America,Professional,8753.89,31,1
INST_02724,0.036741242161892305,0,Low Risk,Credit Union,Latin America,Professional,3870.8,32,1
INST_00220,0.03666190222525599,0,Low Risk,Investment Firm,North America,Professional,1216.53,48,4
INST_01746,0.03658327505582519,0,Low Risk,Bank,Asia Pacific,Basic,18987.67,44,3
INST_04466,0.036567570703537854,0,Low Risk,Bank,Latin America,Professional,500.0,51,2
INST_01087,0.03653791244826313,0,Low Risk,Bank,North America,Professional,2668.55,49,0
INST_03848,0.03642147078388498,0,Low Risk,Insurance Company,Europe,Professional,82311.94,96,4
INST_02262,0.03636808373649301,0,Low Risk,Payment Processor,Asia Pacific,Professional,12340.82,33,1
INST_03166,0.03635474713850342,0,Low Risk,Payment Processor,North America,Professional,8117.51,98,8
INST_01676,0.03633993676914006,0,Low Risk,Bank,Europe,Professional,2618.0,23,18
INST_00357,0.03633315307557725,0,Low Risk,Investment Firm,Middle East,Professional,8375.39,62,2
INST_03227,0.036272901405437284,0,Low Risk,Credit Union,North America,Professional,3540.19,35,2
INST_04595,0.0362717019229572,0,Low Risk,Investment Firm,North America,Enterprise,27372.23,15,1
INST_00633,0.03614572736341657,0,Low Risk,Credit Union,North America,Professional,13564.81,27,4
INST_03931,0.03611003220053965,0,Low Risk,Bank,North America,Enterprise,2103.92,61,9
INST_04771,0.0356952143529238,0,Low Risk,Credit Union,North America,Enterprise,1946.15,62,3
INST_04680,0.03551746977555233,0,Low Risk,Bank,Europe,Professional,10821.92,44,15
INST_04598,0.035429822408805885,0,Low Risk,Credit Union,North America,Professional,15912.47,31,1
INST_00982,0.035334686355916814,0,Low Risk,Bank,Middle East,Enterprise,25437.04,53,8
INST_00467,0.035260736386239944,0,Low Risk,Payment Processor,Latin America,Professional,8099.6,23,7
INST_01725,0.03523237028556093,0,Low Risk,Bank,North America,Professional,10284.81,40,13
INST_00145,0.035197277958341315,0,Low Risk,Bank,Latin America,Professional,6220.25,120,6
INST_02351,0.03515974652052038,0,Low Risk,Payment Processor,North America,Enterprise,11474.17,30,5
INST_02929,0.03512511599594613,0,Low Risk,Credit Union,North America,Enterprise,42110.65,46,22
INST_03610,0.03498747064333979,0,Low Risk,Investment Firm,Europe,Professional,6572.26,61,1
INST_02626,0.034967456964513685,0,Low Risk,Bank,Latin America,Professional,5876.31,24,13
INST_03511,0.03484540785509408,0,Low Risk,Bank,Asia Pacific,Enterprise,113628.12,14,4
INST_02621,0.0348388519129821,0,Low Risk,Payment Processor,Europe,Enterprise,1921.38,22,3
INST_03264,0.03483662122567206,0,Low Risk,Insurance Company,Asia Pacific,Professional,10276.85,19,0
INST_00616,0.034780892493409356,0,Low Risk,Bank,Latin America,Enterprise,4986.81,18,8
INST_00453,0.03466517187732145,0,Low Risk,Payment Processor,Europe,Enterprise,9591.97,16,1
INST_02999,0.034606129463970466,0,Low Risk,Payment Processor,North America,Basic,5251.11,41,10
INST_00378,0.034564083861937975,0,Low Risk,Insurance Company,Asia Pacific,Enterprise,7070.1,42,0
INST_03355,0.034471383225991435,0,Low Risk,Bank,North America,Professional,6460.58,23,1
INST_01802,0.03447027340665728,0,Low Risk,Credit Union,North America,Professional,21853.94,42,1
INST_04528,0.03434416958191167,0,Low Risk,Investment Firm,Middle East,Enterprise,5152.51,62,7
INST_00169,0.034156588148767965,0,Low Risk,Investment Firm,Asia Pacific,Professional,28395.63,37,2
INST_03719,0.034103075307880475,0,Low Risk,Bank,Europe,Basic,22301.08,61,5
INST_03796,0.03408713954698351,0,Low Risk,Credit Union,North America,Enterprise,3004.45,28,2
INST_02181,0.03407782725135434,0,Low Risk,Bank,Europe,Enterprise,29328.25,24,1
INST_04541,0.03402326855466405,0,Low Risk,Credit Union,North America,Professional,5507.8,20,1
INST_02881,0.03397556502842283,0,Low Risk,Payment Processor,Europe,Enterprise,11338.56,39,2
INST_00067,0.03391482423951555,0,Low Risk,Insurance Company,North America,Professional,7307.85,23,14
INST_02362,0.033585264346798774,0,Low Risk,Bank,Europe,Professional,21520.55,60,11
INST_04361,0.03334379249287645,0,Low Risk,Investment Firm,Asia Pacific,Professional,1129.27,45,4
INST_04540,0.03330680204236726,0,Low Risk,Bank,North America,Professional,3301.01,62,0
INST_02137,0.03330454887260305,0,Low Risk,Insurance Company,Europe,Professional,500.0,28,5
INST_03072,0.03327660308761347,0,Low Risk,Bank,Asia Pacific,Basic,25453.81,48,13
INST_01712,0.03317717526048372,0,Low Risk,Insurance Company,Asia Pacific,Professional,13401.83,16,12
INST_00622,0.03314809259632774,0,Low Risk,Credit Union,Asia Pacific,Professional,220671.03,39,5
INST_03715,0.03313078388693508,0,Low Risk,Bank,Asia Pacific,Basic,14146.39,29,3
INST_03593,0.03298610217564783,0,Low Risk,Investment Firm,Latin America,Enterprise,42263.9,37,0
INST_01115,0.03289187358260856,0,Low Risk,Investment Firm,Asia Pacific,Enterprise,2032.76,51,7
INST_03712,0.03288230985390005,0,Low Risk,Insurance Company,Asia Pacific,Professional,11375.48,82,4
INST_04357,0.032668630206956026,0,Low Risk,Investment Firm,North America,Professional,4330.33,54,5
INST_00185,0.03262934786240925,0,Low Risk,Investment Firm,Latin America,Professional,12215.51,26,1
INST_00697,0.032623797746991215,0,Low Risk,Investment Firm,Europe,Professional,7503.99,29,6
INST_01736,0.03258271819510164,0,Low Risk,Credit Union,Latin America,Professional,4894.28,16,8
INST_04037,0.03257404973442116,0,Low Risk,Insurance Company,Asia Pacific,Professional,14167.43,20,1
INST_03082,0.03255480849033177,0,Low Risk,Bank,North America,Professional,26150.05,27,19
INST_02703,0.03253521322904775,0,Low Risk,Bank,North America,Professional,5539.65,35,12
INST_00836,0.03252675805043221,0,Low Risk,Payment Processor,Latin America,Professional,12302.26,55,3
INST_03551,0.032394509602814286,0,Low Risk,Bank,North America,Professional,2264.19,45,0
INST_04956,0.03230813765450312,0,Low Risk,Credit Union,Asia Pacific,Enterprise,5553.2,35,0
INST_01989,0.032266074491959264,0,Low Risk,Insurance Company,North America,Enterprise,13074.74,81,17
INST_01459,0.03226055895814912,0,Low Risk,Investment Firm,North America,Enterprise,966.57,26,6
INST_03835,0.03223033750461624,0,Low Risk,Bank,North America,Professional,36214.78,56,5
INST_03516,0.03220082080041351,0,Low Risk,Bank,Middle East,Professional,500.0,30,8
INST_03933,0.032123329828679784,0,Low Risk,Bank,Asia Pacific,Enterprise,1132.84,29,3
INST_04096,0.032111286576727675,0,Low Risk,Bank,North America,Professional,6055.74,25,0
INST_02317,0.03204239831575698,0,Low Risk,Credit Union,Asia Pacific,Basic,16954.84,22,1
INST_03314,0.03198376225005924,0,Low Risk,Bank,North America,Professional,4520.2,65,7
INST_02101,0.03196652784191157,0,Low Risk,Credit Union,North America,Basic,4550.59,45,7
INST_02144,0.0319388564900075,0,Low Risk,Credit Union,Latin America,Professional,59290.62,45,1
INST_02594,0.03193435869343187,0,Low Risk,Bank,North America,Basic,4361.0,36,1
INST_00107,0.03191319241982507,0,Low Risk,Insurance Company,North America,Professional,95839.82,13,2
INST_02634,0.03190185432256197,0,Low Risk,Insurance Company,Asia Pacific,Professional,21445.37,14,11
INST_02971,0.03177570346556199,0,Low Risk,Bank,Europe,Enterprise,3622.04,24,0
INST_01715,0.031661689460988705,0,Low Risk,Payment Processor,Europe,Professional,3138.02,62,2
INST_01074,0.03164818137699923,0,Low Risk,Payment Processor,North America,Professional,878.15,50,4
INST_00970,0.03142881992710982,0,Low Risk,Investment Firm,Asia Pacific,Professional,22449.7,51,1
INST_00906,0.031249717369700947,0,Low Risk,Insurance Company,Europe,Professional,11592.51,65,3
INST_04525,0.03114009967857589,0,Low Risk,Credit Union,Europe,Professional,4612.78,32,15
INST_02333,0.031126365043373204,0,Low Risk,Investment Firm,Europe,Enterprise,7592.17,56,0
INST_03945,0.031125164769831928,0,Low Risk,Bank,Latin America,Enterprise,837.83,101,6
INST_00506,0.031087921021943132,0,Low Risk,Payment Processor,Europe,Professional,2641.2,34,10
INST_00197,0.031015729277213983,0,Low Risk,Payment Processor,North America,Professional,2259.98,58,7
INST_02774,0.030981277074576416,0,Low Risk,Credit Union,North America,Professional,3154.71,85,4
INST_03044,0.0309431817942935,0,Low Risk,Insurance Company,Europe,Professional,25008.22,44,2
INST_00664,0.03083357478763681,0,Low Risk,Bank,Europe,Professional,12684.66,28,17
INST_03981,0.0306321616692768,0,Low Risk,Insurance Company,Europe,Enterprise,12440.77,41,11
INST_00450,0.030615639448835587,0,Low Risk,Insurance Company,North America,Professional,14696.14,20,16
INST_04571,0.03059615973881653,0,Low Risk,Investment Firm,North America,Enterprise,3485.94,91,9
INST_01132,0.030569247261547753,0,Low Risk,Bank,Europe,Professional,4766.18,57,12
INST_01321,0.0305559962974835,0,Low Risk,Bank,Europe,Professional,2737.49,57,8
INST_04368,0.030543061626836784,0,Low Risk,Bank,Asia Pacific,Enterprise,7287.14,35,5
INST_02849,0.03020147362032163,0,Low Risk,Credit Union,North America,Professional,34396.21,44,0
INST_02624,0.03017842065889142,0,Low Risk,Credit Union,Europe,Professional,8162.47,15,8
INST_03136,0.030134808974315683,0,Low Risk,Insurance Company,North America,Enterprise,1451.02,49,3
INST_03465,0.030084317399445396,0,Low Risk,Insurance Company,North America,Professional,5562.36,39,3
INST_03772,0.030021166273606802,0,Low Risk,Bank,Europe,Professional,6799.97,33,1
INST_04864,0.029947020020322263,0,Low Risk,Bank,Asia Pacific,Professional,3487.5,35,6
INST_02439,0.029844273619819825,0,Low Risk,Bank,North America,Basic,9479.95,65,0
INST_02028,0.029796303501945523,0,Low Risk,Bank,North America,Professional,3468.69,25,11
INST_04315,0.02977708733328154,0,Low Risk,Bank,North America,Professional,4877.38,86,2
INST_03908,0.029751766820015277,0,Low Risk,Investment Firm,Europe,Enterprise,17145.41,17,1
INST_04410,0.029747191844001552,0,Low Risk,Bank,North America,Professional,500.0,20,7
INST_01203,0.02971115583668775,0,Low Risk,Bank,Asia Pacific,Professional,5092.21,88,4
INST_02817,0.029685739532711142,0,Low Risk,Bank,Latin America,Enterprise,32856.6,23,3
INST_02514,0.02960080064217001,0,Low Risk,Investment Firm,Europe,Professional,69806.89,26,5
INST_00511,0.029565872394286607,0,Low Risk,Credit Union,Latin America,Professional,9860.13,36,7
INST_01846,0.02954256785901921,0,Low Risk,Bank,Europe,Enterprise,1710.02,39,0
INST_04384,0.029523813736621937,0,Low Risk,Payment Processor,Europe,Enterprise,2670.15,48,3
INST_01178,0.02945734004130593,0,Low Risk,Insurance Company,North America,Professional,6635.48,19,5
INST_00592,0.029453360896377286,0,Low Risk,Bank,North America,Professional,3485.9,29,12
INST_03636,0.029448672507756138,0,Low Risk,Payment Processor,Asia Pacific,Professional,11441.36,23,12
INST_04521,0.029386405480504623,0,Low Risk,Investment Firm,Europe,Enterprise,2391.64,27,0
INST_02807,0.029354434581717378,0,Low Risk,Bank,Latin America,Professional,552.26,29,5
INST_04401,0.02934675812489126,0,Low Risk,Credit Union,North America,Professional,22691.87,16,2
INST_03917,0.029172092913476978,0,Low Risk,Bank,Asia Pacific,Professional,19532.95,40,0
INST_01171,0.02900525181212305,0,Low Risk,Payment Processor,Europe,Professional,606.17,25,0
INST_03629,0.02899648751316854,0,Low Risk,Investment Firm,Asia Pacific,Enterprise,13120.7,31,4
INST_00684,0.028881112230306587,0,Low Risk,Payment Processor,North America,Professional,56275.27,34,1
INST_04403,0.028869693495228877,0,Low Risk,Credit Union,North America,Professional,18817.29,29,0
INST_04655,0.028849403478096468,0,Low Risk,Bank,Europe,Enterprise,58205.41,27,1
INST_04176,0.028758433910759353,0,Low Risk,Investment Firm,North America,Professional,38282.63,17,5
INST_00432,0.028462290978970173,0,Low Risk,Investment Firm,Asia Pacific,Professional,2521.56,21,2
INST_00724,0.02835512888833212,0,Low Risk,Investment Firm,North America,Professional,1733.87,61,1
INST_04253,0.028314478499193378,0,Low Risk,Credit Union,North America,Enterprise,6419.4,14,3
INST_01095,0.028229859442283848,0,Low Risk,Bank,Asia Pacific,Professional,7142.9,93,16
INST_04394,0.0282206506820374,0,Low Risk,Payment Processor,North America,Professional,4609.61,120,1
INST_02212,0.028115710924468046,0,Low Risk,Bank,North America,Enterprise,4483.07,23,2
INST_02484,0.027919435577808214,0,Low Risk,Credit Union,Europe,Professional,2232.99,48,6
INST_02457,0.027880211751861336,0,Low Risk,Investment Firm,Europe,Professional,11410.14,11,1
INST_00128,0.02767338999328335,0,Low Risk,Bank,North America,Professional,132705.41,46,1
INST_03275,0.02766625647466504,0,Low Risk,Insurance Company,Asia Pacific,Professional,28656.6,26,1
INST_02888,0.02754644251670072,0,Low Risk,Insurance Company,North America,Enterprise,6578.65,36,11
INST_02113,0.0274012351333344,0,Low Risk,Payment Processor,North America,Enterprise,19723.8,55,14
INST_03543,0.027271603053962905,0,Low Risk,Bank,Asia Pacific,Enterprise,1954.79,22,1
INST_02140,0.027233682643163372,0,Low Risk,Insurance Company,Latin America,Professional,3587.06,28,2
INST_00399,0.027060276328210228,0,Low Risk,Insurance Company,Latin America,Professional,6607.28,27,6
INST_02950,0.027059883748859103,0,Low Risk,Insurance Company,Middle East,Professional,12755.52,34,2
INST_02653,0.026983242972027487,0,Low Risk,Bank,Asia Pacific,Professional,49102.84,43,25
INST_01947,0.026976384641471906,0,Low Risk,Bank,North America,Basic,74371.8,67,0
INST_01403,0.0269496635923025,0,Low Risk,Insurance Company,Latin America,Professional,4942.91,14,4
INST_02742,0.026930730085019464,0,Low Risk,Bank,Asia Pacific,Professional,3766.08,26,13
INST_04059,0.026927223719676548,0,Low Risk,Payment Processor,North America,Enterprise,6595.52,59,11
INST_01225,0.026861166520160285,0,Low Risk,Investment Firm,Europe,Professional,18641.03,69,3
INST_00438,0.02681433516546161,0,Low Risk,Insurance Company,North America,Professional,8136.47,28,6
INST_04533,0.02677493042730366,0,Low Risk,Bank,Asia Pacific,Professional,9266.06,49,10
INST_03550,0.026653068261563197,0,Low Risk,Insurance Company,Latin America,Professional,9423.32,51,7
INST_04829,0.02622295666364861,0,Low Risk,Credit Union,Asia Pacific,Enterprise,6864.52,27,1
INST_03027,0.026126436259041156,0,Low Risk,Investment Firm,North America,Basic,39004.4,35,9
INST_02342,0.026101621558579133,0,Low Risk,Bank,Asia Pacific,Professional,2601.6,37,18
INST_04223,0.025671589047834842,0,Low Risk,Insurance Company,North America,Professional,26356.67,78,10
INST_01165,0.025665668830103815,0,Low Risk,Insurance Company,Europe,Professional,6099.2,43,0
INST_02299,0.02566477762414129,0,Low Risk,Bank,Europe,Professional,16216.35,33,1
INST_00402,0.02566209282730857,0,Low Risk,Credit Union,Middle East,Basic,7373.56,44,3
INST_03754,0.025523389993283355,0,Low Risk,Bank,Middle East,Basic,5121.73,35,8
INST_01654,0.02550397995877164,0,Low Risk,Bank,North America,Enterprise,10946.37,49,5
INST_02404,0.025328543684015895,0,Low Risk,Investment Firm,North America,Enterprise,3621.86,35,12
INST_01730,0.025304570026464735,0,Low Risk,Bank,Europe,Professional,6882.54,20,4
INST_00892,0.025211204011954123,0,Low Risk,Insurance Company,Europe,Enterprise,7000.85,46,8
INST_01180,0.025069218466361183,0,Low Risk,Payment Processor,Europe,Professional,1564.9,46,6
INST_02086,0.024997700360933565,0,Low Risk,Bank,Asia Pacific,Professional,11347.75,37,18
INST_03775,0.02497605190826208,0,Low Risk,Payment Processor,North America,Enterprise,22562.52,32,9
INST_01429,0.02486901724212009,0,Low Risk,Payment Processor,Europe,Professional,12532.56,21,0
INST_02477,0.024698060710434025,0,Low Risk,Insurance Company,North America,Professional,3551.54,52,7
INST_00344,0.024560122798914858,0,Low Risk,Credit Union,Middle East,Enterprise,11151.73,30,3
INST_00094,0.024392328745020966,0,Low Risk,Insurance Company,North America,Enterprise,12256.27,21,6
INST_00012,0.024269358653307867,0,Low Risk,Insurance Company,Europe,Enterprise,9616.56,99,7
INST_03023,0.02415032093792175,0,Low Risk,Bank,Europe,Professional,11403.5,75,10
INST_04995,0.023958758601520507,0,Low Risk,Payment Processor,Latin America,Professional,4596.92,50,3
INST_04343,0.02394109869325662,0,Low Risk,Insurance Company,Asia Pacific,Enterprise,13928.25,37,3
INST_00371,0.02390363521892477,0,Low Risk,Bank,North America,Enterprise,5166.39,23,2
INST_04373,0.02390235449380484,0,Low Risk,Credit Union,Latin America,Professional,12671.61,30,1
INST_01481,0.023866242161892308,0,Low Risk,Bank,Europe,Professional,7326.9,37,8
INST_01089,0.02358102451735657,0,Low Risk,Bank,North America,Professional,8781.0,70,10
INST_02982,0.023511970240196932,0,Low Risk,Insurance Company,Asia Pacific,Basic,14728.29,30,0
INST_03552,0.023433344924835543,0,Low Risk,Investment Firm,Europe,Enterprise,22605.15,16,9
INST_00035,0.023423159526689732,0,Low Risk,Insurance Company,North America,Professional,23766.08,39,13
INST_00977,0.023391527841911577,0,Low Risk,Bank,North America,Professional,3468.03,43,3
INST_02386,0.023326620151455747,0,Low Risk,Credit Union,North America,Professional,2469.39,23,8
INST_01558,0.023068609015678487,0,Low Risk,Insurance Company,Asia Pacific,Basic,6417.66,40,2
INST_00097,0.02304882818858553,0,Low Risk,Credit Union,North America,Professional,24239.05,19,10
INST_04830,0.022628162429946242,0,Low Risk,Insurance Company,Europe,Professional,23393.95,42,4
INST_00521,0.022075853746715456,0,Low Risk,Credit Union,Europe,Professional,11310.0,109,0
INST_00148,0.02195119737722771,0,Low Risk,Bank,Europe,Enterprise,6333.72,66,6
INST_04404,0.021859324886991726,0,Low Risk,Payment Processor,North America,Professional,7398.31,36,8
INST_04425,0.0218098702483314,0,Low Risk,Credit Union,Asia Pacific,Professional,11393.27,14,1
INST_04822,0.021789069951503606,0,Low Risk,Credit Union,Asia Pacific,Professional,1747.78,66,10
INST_01382,0.021610338371804844,0,Low Risk,Payment Processor,North America,Professional,4851.37,17,14
INST_02307,0.02160557566094049,0,Low Risk,Investment Firm,North America,Enterprise,500.0,38,7
INST_01351,0.021554034142521883,0,Low Risk,Investment Firm,Europe,Basic,29211.72,33,0
INST_03959,0.021495393077730515,0,Low Risk,Bank,Latin America,Professional,7825.75,45,6
INST_04151,0.02142250931334304,0,Low Risk,Bank,Europe,Enterprise,41653.75,30,4
INST_01966,0.021364777624141292,0,Low Risk,Bank,Asia Pacific,Enterprise,2226.32,18,1
INST_02659,0.02134188067725264,0,Low Risk,Investment Firm,Europe,Professional,620.06,58,7
INST_04775,0.021254461015957054,0,Low Risk,Insurance Company,Europe,Professional,3766.3,17,12
INST_03628,0.021172980218165813,0,Low Risk,Insurance Company,North America,Enterprise,5462.65,89,3
INST_01764,0.021138549514722226,0,Low Risk,Bank,Asia Pacific,Professional,8357.47,39,0
INST_03322,0.021000423554010435,0,Low Risk,Insurance Company,North America,Professional,4389.18,36,4
INST_02295,0.020908396628009765,0,Low Risk,Bank,Middle East,Enterprise,1729.32,22,3
INST_04335,0.02085898988641761,0,Low Risk,Bank,North America,Enterprise,21488.15,84,0
INST_01032,0.020806955698349543,0,Low Risk,Bank,Asia Pacific,Professional,1485.11,48,3
INST_04186,0.020634595412360866,0,Low Risk,Bank,Asia Pacific,Professional,20440.32,40,9
INST_01149,0.020602164962196357,0,Low Risk,Payment Processor,Latin America,Enterprise,65443.14,52,2
INST_02378,0.020527346306788187,0,Low Risk,Credit Union,Europe,Professional,53475.41,80,8
INST_04960,0.02051843159825062,0,Low Risk,Credit Union,Europe,Professional,16110.83,17,2
INST_02105,0.020434324886991723,0,Low Risk,Bank,North America,Enterprise,30805.08,33,7
INST_04569,0.020385032200539655,0,Low Risk,Payment Processor,Asia Pacific,Professional,10753.01,21,0
INST_03471,0.020354135535300362,0,Low Risk,Insurance Company,North America,Professional,18361.7,44,5
INST_04415,0.020297500879173237,0,Low Risk,Credit Union,North America,Professional,5443.92,13,1
INST_04987,0.020069021316511164,0,Low Risk,Investment Firm,North America,Professional,9159.84,37,3
INST_04645,0.019973207241568137,0,Low Risk,Insurance Company,Asia Pacific,Professional,6459.47,72,16
INST_00627,0.019932101167315173,0,Low Risk,Insurance Company,North America,Professional,14599.15,50,8
INST_03913,0.01989494854950461,0,Low Risk,Payment Processor,North America,Enterprise,24607.11,24,4
INST_01577,0.01969248620319589,0,Low Risk,Investment Firm,North America,Enterprise,5661.16,45,7
INST_03833,0.01966539971185806,0,Low Risk,Credit Union,Europe,Enterprise,5171.91,50,8
INST_00469,0.01966493816140347,0,Low Risk,Payment Processor,North America,Professional,4453.87,43,5
INST_02003,0.019430788291280976,0,Low Risk,Bank,Asia Pacific,Professional,7393.93,14,2
INST_01542,0.019345681414228755,0,Low Risk,Investment Firm,Middle East,Enterprise,4307.05,34,0
INST_02492,0.01919837356563979,0,Low Risk,Insurance Company,North America,Professional,13601.33,61,5
INST_01423,0.019121174460623457,0,Low Risk,Bank,North America,Professional,7357.17,30,6
INST_01875,0.01910119737722771,0,Low Risk,Credit Union,Europe,Enterprise,12010.82,23,6
INST_03164,0.019083786613957203,0,Low Risk,Bank,North America,Professional,7020.79,27,0
INST_03175,0.018861779301465063,0,Low Risk,Bank,North America,Professional,38555.09,59,8
INST_04006,0.01882716049382716,0,Low Risk,Credit Union,North America,Professional,3589.96,31,4
INST_00426,0.01881175649814197,0,Low Risk,Credit Union,Middle East,Professional,4564.94,22,1
INST_03668,0.01878136092505407,0,Low Risk,Bank,North America,Enterprise,20700.02,88,10
INST_02799,0.01868339803513315,0,Low Risk,Bank,North America,Professional,7295.42,35,12
INST_00489,0.018655337504616246,0,Low Risk,Payment Processor,Latin America,Professional,23109.65,27,1
INST_03383,0.018643440868797066,0,Low Risk,Bank,Latin America,Professional,16710.15,18,4
INST_00281,0.018621596172683007,0,Low Risk,Bank,Europe,Professional,31989.32,45,4
INST_04957,0.01860317807829953,0,Low Risk,Investment Firm,Asia Pacific,Enterprise,3779.61,50,10
INST_03161,0.01850114152713278,0,Low Risk,Bank,North America,Professional,4354.2,31,8
INST_04805,0.01835683387041902,0,Low Risk,Credit Union,Asia Pacific,Professional,36042.07,35,9
INST_03091,0.018290467558892628,0,Low Risk,Payment Processor,Europe,Professional,7126.41,20,6
INST_01107,0.0182539963864152,0,Low Risk,Insurance Company,North America,Professional,847.41,38,7
INST_02787,0.018106975415238105,0,Low Risk,Bank,Latin America,Enterprise,33119.58,23,1
INST_02375,0.017813457961236588,0,Low Risk,Bank,North America,Professional,10018.64,40,1
INST_03478,0.017676197377227712,0,Low Risk,Credit Union,Asia Pacific,Professional,6176.98,22,6
INST_04549,0.017406597089684638,0,Low Risk,Insurance Company,Middle East,Professional,2853.85,33,10
INST_02599,0.017350167281939468,0,Low Risk,Bank,North America,Professional,38171.04,35,6
INST_01788,0.017278157180505592,0,Low Risk,Bank,Latin America,Professional,64559.73,50,6
INST_02875,0.017178026580885842,0,Low Risk,Credit Union,Europe,Professional,4912.93,20,2
INST_01837,0.017163766392596494,0,Low Risk,Bank,Europe,Professional,3569.33,26,0
INST_04128,0.01707405534794866,0,Low Risk,Bank,Asia Pacific,Professional,7117.67,98,1
INST_03418,0.016968735042422103,0,Low Risk,Bank,Asia Pacific,Enterprise,10638.95,29,0
INST_02505,0.016883298544542888,0,Low Risk,Bank,Latin America,Enterprise,4736.87,27,1
INST_04599,0.016791730231306624,0,Low Risk,Bank,North America,Enterprise,3628.09,28,2
INST_00832,0.016760700674275347,0,Low Risk,Bank,Asia Pacific,Professional,2018.34,14,1
INST_02498,0.016622751477923022,0,Low Risk,Payment Processor,North America,Professional,6396.22,15,2
INST_01706,0.016533398035133155,0,Low Risk,Investment Firm,Latin America,Enterprise,5149.96,60,14
INST_04075,0.016414004428265003,0,Low Risk,Investment Firm,Asia Pacific,Professional,68833.19,24,4
INST_01751,0.016319096209912537,0,Low Risk,Bank,Europe,Enterprise,10073.75,22,1
INST_01387,0.016268059275455746,0,Low Risk,Bank,Asia Pacific,Enterprise,5911.26,26,1
INST_00104,0.016176854322561975,0,Low Risk,Payment Processor,North America,Professional,17042.75,48,5
INST_04580,0.016117683091552527,0,Low Risk,Payment Processor,North America,Professional,6601.14,30,6
INST_01627,0.01590129686781798,0,Low Risk,Credit Union,Asia Pacific,Professional,3433.0,31,7
INST_02064,0.01578484451975302,0,Low Risk,Bank,North America,Enterprise,4256.49,40,4
INST_00545,0.015770681414228754,0,Low Risk,Credit Union,North America,Professional,21870.23,26,8
INST_02393,0.015604268980970391,0,Low Risk,Bank,Europe,Enterprise,14188.55,36,8
INST_03676,0.015526197377227711,0,Low Risk,Bank,North America,Professional,7012.77,81,7
INST_02728,0.015315883802360762,0,Low Risk,Bank,Latin America,Professional,32879.66,18,4
INST_00373,0.01516136471425368,0,Low Risk,Investment Firm,Asia Pacific,Professional,32850.38,16,0
INST_02100,0.015080337504616246,0,Low Risk,Payment Processor,North America,Professional,1664.44,42,0
INST_02297,0.014988427731630673,0,Low Risk,Bank,Europe,Professional,3417.8,40,7
INST_03654,0.014932101167315172,0,Low Risk,Bank,North America,Professional,34264.17,37,4
INST_03439,0.014928854006757666,0,Low Risk,Payment Processor,Europe,Professional,3617.68,36,3
INST_02689,0.01488406622003371,0,Low Risk,Credit Union,Asia Pacific,Professional,30525.53,35,6
INST_03022,0.014819790437996385,0,Low Risk,Investment Firm,Asia Pacific,Enterprise,3789.93,30,2
INST_00947,0.01480234630678819,0,Low Risk,Payment Processor,North America,Enterprise,17405.42,27,17
INST_01545,0.014709324886991726,0,Low Risk,Credit Union,North America,Professional,21215.27,17,4
INST_00391,0.01466021770523964,0,Low Risk,Credit Union,Europe,Professional,9199.06,41,20
INST_00992,0.014606071072026933,0,Low Risk,Bank,Europe,Enterprise,4780.55,80,0
INST_03557,0.0143,0,Low Risk,Credit Union,Europe,Professional,17934.49,21,3
INST_01894,0.014101197377227712,0,Low Risk,Investment Firm,Europe,Professional,14133.4,29,5
INST_02872,0.013971442516700728,0,Low Risk,Payment Processor,Latin America,Professional,10542.2,73,2
INST_00117,0.013582676456826117,0,Low Risk,Bank,Europe,Professional,5913.94,53,4
INST_04446,0.013574999999999999,0,Low Risk,Bank,Middle East,Enterprise,1405.79,63,3
INST_00315,0.013450758453380496,0,Low Risk,Investment Firm,Europe,Professional,4048.33,43,9
INST_00440,0.013402938158072648,0,Low Risk,Bank,Europe,Professional,15544.73,47,6
INST_03311,0.013284324886991725,0,Low Risk,Investment Firm,North America,Professional,1826.2,47,0
INST_00652,0.013263524590163936,0,Low Risk,Investment Firm,North America,Enterprise,11469.6,35,18
INST_03649,0.012761633875106928,0,Low Risk,Payment Processor,North America,Professional,6518.61,28,3
INST_00001,0.012741082723272519,0,Low Risk,Payment Processor,Europe,Professional,6192.89,32,8
INST_00958,0.012551101521689758,0,Low Risk,Bank,Asia Pacific,Professional,9902.96,18,4
INST_00057,0.012524826294932003,0,Low Risk,Bank,North America,Professional,13756.39,26,7
INST_00258,0.01245342109690426,0,Low Risk,Investment Firm,Europe,Enterprise,9019.5,38,1
INST_02310,0.012231955698349544,0,Low Risk,Credit Union,Middle East,Professional,10166.83,21,14
INST_02705,0.012195681414228755,0,Low Risk,Insurance Company,North America,Enterprise,9532.8,86,4
INST_03985,0.011951197377227711,0,Low Risk,Payment Processor,Asia Pacific,Professional,20305.62,25,11
INST_02692,0.011913192419825072,0,Low Risk,Bank,North America,Professional,17730.93,56,1
INST_01120,0.011639721967391648,0,Low Risk,Payment Processor,North America,Professional,24113.71,42,2
INST_03493,0.011563580246913579,0,Low Risk,Payment Processor,Latin America,Professional,100874.62,24,11
INST_00231,0.011364777624141294,0,Low Risk,Credit Union,Europe,Professional,8332.04,23,7
INST_02804,0.011357101167315175,0,Low Risk,Credit Union,North America,Enterprise,4523.95,75,7
INST_04703,0.010946978282046736,0,Low Risk,Investment Firm,Asia Pacific,Professional,6150.82,23,3
INST_02150,0.010809763082293901,0,Low Risk,Bank,Asia Pacific,Professional,4051.4,16,6
INST_03207,0.010669525775276573,0,Low Risk,Insurance Company,North America,Enterprise,8835.32,30,7
INST_02111,0.010021166273606804,0,Low Risk,Bank,Latin America,Professional,11948.58,23,11
INST_03401,0.010021166273606804,0,Low Risk,Bank,Latin America,Professional,3735.2,20,0
INST_01591,0.009830675151530764,0,Low Risk,Payment Processor,North America,Enterprise,25508.74,39,7
INST_04004,0.00980234630678819,0,Low Risk,Bank,Europe,Professional,82608.35,34,6
INST_00743,0.00954689984101749,0,Low Risk,Credit Union,Middle East,Professional,1420.78,26,4
INST_03235,0.009256224728009212,0,Low Risk,Bank,Europe,Enterprise,8718.3,30,3
INST_02168,0.00918663387510693,0,Low Risk,Investment Firm,North America,Professional,6879.39,42,6
INST_02114,0.00913920233463035,0,Low Risk,Investment Firm,Europe,Enterprise,31742.96,25,4
INST_01908,0.00880052367194169,0,Low Risk,Bank,Latin America,Professional,15848.26,54,3
INST_02997,0.008693305179269301,0,Low Risk,Bank,Europe,Enterprise,2069.85,31,10
INST_04670,0.008575,0,Low Risk,Credit Union,Europe,Professional,2782.66,48,14
INST_03972,0.008363856490007503,0,Low Risk,Bank,North America,Professional,4694.94,27,5
INST_01359,0.008203958782796705,0,Low Risk,Investment Firm,Asia Pacific,Professional,6314.4,44,1
INST_01518,0.008155252046600288,0,Low Risk,Bank,Middle East,Professional,5841.83,30,8
INST_03284,0.00798858024691358,0,Low Risk,Credit Union,Europe,Professional,6528.47,46,12
INST_03273,0.007909832929658415,0,Low Risk,Credit Union,Europe,Professional,15224.51,36,7
INST_00647,0.007782101167315175,0,Low Risk,Investment Firm,Asia Pacific,Enterprise,33889.81,41,1
INST_02161,0.007744096209912537,0,Low Risk,Investment Firm,Europe,Professional,16058.64,24,10
INST_00670,0.007583940304027852,0,Low Risk,Bank,Latin America,Enterprise,5542.09,22,5
INST_01072,0.007525276243093921,0,Low Risk,Bank,North America,Professional,1313.23,80,4
INST_02283,0.007132589236729492,0,Low Risk,Bank,Europe,Professional,16591.19,37,5
INST_04499,0.0067323774104090985,0,Low Risk,Credit Union,North America,Professional,4314.76,25,0
INST_00210,0.006523453608247422,0,Low Risk,Credit Union,Latin America,Enterprise,33375.08,57,7
INST_02688,0.006474226804123712,0,Low Risk,Credit Union,North America,Professional,7519.27,29,10
INST_04582,0.006357101167315176,0,Low Risk,Insurance Company,North America,Professional,15361.66,33,1
INST_04773,0.006301389763207592,0,Low Risk,Insurance Company,Europe,Professional,6702.73,107,3
INST_01409,0.005852070063694268,0,Low Risk,Payment Processor,Latin America,Professional,2745.5,55,13
INST_04585,0.005470327067697194,0,Low Risk,Payment Processor,Asia Pacific,Professional,6618.65,31,6
INST_04007,0.0052455607476635515,0,Low Risk,Credit Union,Europe,Professional,4237.12,27,9
INST_02015,0.0052455607476635515,0,Low Risk,Credit Union,Latin America,Professional,4460.07,83,0
INST_01147,0.005025214122020509,0,Low Risk,Investment Firm,Europe,Professional,18725.59,28,0
INST_01962,0.004780730085019465,0,Low Risk,Insurance Company,Middle East,Professional,7173.28,32,8
INST_00243,0.0039502762430939226,0,Low Risk,Credit Union,Latin America,Professional,34292.09,74,9
INST_02725,0.003575,0,Low Risk,Bank,North America,Enterprise,10287.57,64,6
INST_03731,0.003575,0,Low Risk,Payment Processor,Asia Pacific,Professional,17271.32,47,14
INST_04844,0.0035575892367294914,0,Low Risk,Bank,North America,Professional,6478.67,28,5
INST_01707,0.0014742268041237111,0,Low Risk,Bank,Europe,Enterprise,15173.54,87,7
INST_01248,0.0,0,,Payment Processor,Asia Pacific,Professional,9306.35,28,11
