customer_id,institution_type,region,product_tier,account_age_months,monthly_transaction_volume,avg_transaction_value,api_calls_per_month,num_active_users,revenue_monthly,support_tickets_6m,support_tier,days_since_last_login,feature_adoption_score,payment_method,payment_delay_days,contract_months_remaining,num_integrations,churn
INST_00000,Credit Union,North America,Professional,16,892,2726.13,5911,1213,11552.65,11,Standard,4,85.3,Invoice,0,28,5,0
INST_00001,Payment Processor,Europe,Professional,32,7179,82.44,11375,60,6192.89,6,Standard,8,89.4,Credit Card,4,16,4,0
INST_00002,Insurance Company,Latin America,Basic,19,21150,73.42,3708,139,11184.27,12,Standard,10,69.2,ACH,0,11,3,0
INST_00003,Investment Firm,North America,Professional,2,473,96.66,69603,645,5419.93,13,Standard,12,80.7,ACH,0,11,9,0
INST_00004,Bank,Latin America,Professional,4,38888,474.03,9146,1380,1784.19,6,Standard,6,66.2,Credit Card,0,34,10,0
INST_00005,Bank,North America,Enterprise,5,2458,50.0,225,2,921.59,11,Priority,14,69.4,Invoice,1,14,5,0
INST_00006,Bank,Asia Pacific,Basic,7,690,199.03,887056,39,3312.62,2,Standard,5,64.4,Wire Transfer,6,26,10,1
INST_00007,Payment Processor,Asia Pacific,Professional,20,9289,2183.14,9359,24,1557.11,6,Premium,0,49.8,Credit Card,3,8,4,0
INST_00008,Investment Firm,North America,Professional,16,1525,1311.5,9275,118,4106.89,8,Priority,4,93.3,Credit Card,0,17,5,0
INST_00009,Insurance Company,Europe,Professional,5,2636,219.0,270335,28,2350.03,6,Premium,1,32.1,Credit Card,1,33,6,1
INST_00010,Bank,North America,Enterprise,1,1625,239.84,3596,490,9215.31,10,Standard,5,72.6,ACH,1,2,7,0
INST_00011,Payment Processor,Asia Pacific,Professional,4,875,796.87,121165,202,5289.25,8,Standard,7,96.9,ACH,8,3,5,0
INST_00012,Insurance Company,Europe,Enterprise,99,8830,1239.33,9125,735,9616.56,7,Priority,7,65.7,ACH,1,23,7,0
INST_00013,Bank,Europe,Professional,15,1940,212.78,3023,825,9543.13,3,Standard,4,69.4,ACH,1,2,2,0
INST_00014,Bank,North America,Professional,48,345,304.53,284525,503,3753.67,5,Standard,8,53.2,Credit Card,2,16,5,0
INST_00015,Bank,North America,Basic,45,6813,204.55,87960,81,4115.42,13,Standard,0,70.0,Credit Card,10,16,3,1
INST_00016,Bank,North America,Basic,17,488,81.65,87553,179,10429.64,4,Priority,20,82.0,ACH,6,8,5,0
INST_00017,Credit Union,North America,Basic,29,528,309.92,38234,64,192703.57,11,Standard,12,86.1,Credit Card,5,20,4,0
INST_00018,Credit Union,Europe,Basic,5,17834,282.84,54103,12,1114.66,12,Standard,13,73.1,Credit Card,12,22,3,1
INST_00019,Bank,Latin America,Basic,27,495,88.87,3469,826,5232.41,14,Priority,0,77.6,Wire Transfer,7,3,5,1
INST_00020,Investment Firm,Asia Pacific,Basic,7,92,875.94,26040,127,817.65,13,Premium,1,51.2,Wire Transfer,2,23,5,1
INST_00021,Bank,Europe,Basic,42,7587,720.53,5469,9,4762.99,11,Priority,0,91.8,ACH,0,31,5,0
INST_00022,Bank,Middle East,Enterprise,2,1889,929.7,2742,390,1788.1,4,Standard,14,53.8,Credit Card,0,14,7,1
INST_00023,Credit Union,Asia Pacific,Basic,35,2150,160.5,40799,99,4105.74,6,Standard,9,55.1,ACH,2,0,6,1
INST_00024,Credit Union,Latin America,Professional,2,1859,50.0,125144,3,6204.1,10,Priority,0,72.4,Credit Card,2,18,2,1
INST_00025,Insurance Company,Europe,Basic,51,4219,706.84,12393,12,2358.81,11,Standard,3,88.4,Wire Transfer,9,0,3,0
INST_00026,Bank,North America,Enterprise,8,963,181.83,16026,42,500.0,4,Priority,5,42.5,Credit Card,20,32,7,1
INST_00027,Credit Union,North America,Enterprise,25,27287,138.55,3994,216,41701.96,4,Priority,8,67.9,Invoice,15,16,6,0
INST_00028,Investment Firm,Asia Pacific,Professional,16,325,89.26,22266,613,17307.85,5,Standard,2,84.4,Wire Transfer,5,0,5,1
INST_00029,Bank,North America,Professional,10,5809,289.92,68879,576,4040.65,7,Priority,2,47.6,Wire Transfer,2,17,1,0
INST_00030,Investment Firm,North America,Basic,24,7810,2677.91,72206,439,1284.21,7,Premium,5,32.9,Wire Transfer,2,20,3,0
INST_00031,Bank,Europe,Enterprise,70,953,219.96,49899,139,5583.31,8,Priority,5,79.0,Wire Transfer,0,32,3,0
INST_00032,Bank,Europe,Enterprise,1,641,109.1,8711,3294,8446.3,6,Premium,0,74.9,Credit Card,10,8,4,1
INST_00033,Payment Processor,Europe,Enterprise,60,13708,882.11,8306,523,15599.87,9,Priority,8,43.1,ACH,11,20,7,0
INST_00034,Payment Processor,North America,Professional,22,674,496.4,72628,221,17913.92,10,Priority,1,57.4,ACH,1,19,7,0
INST_00035,Insurance Company,North America,Professional,39,1199,50.0,74458,411,23766.08,6,Premium,13,73.1,Wire Transfer,2,3,4,0
INST_00036,Bank,Europe,Enterprise,11,11281,893.2,17017,72,500.0,14,Standard,10,63.8,Wire Transfer,4,34,10,0
INST_00037,Bank,Middle East,Basic,15,3140,5188.3,11623,133,3112.04,8,Standard,27,91.9,ACH,1,11,5,0
INST_00038,Investment Firm,Asia Pacific,Professional,48,201,50.0,126863,3,21799.69,6,Standard,1,88.5,ACH,2,26,6,0
INST_00039,Credit Union,Latin America,Basic,12,40969,91.57,12836,73,1229.73,6,Premium,20,81.2,Credit Card,3,28,7,0
INST_00040,Bank,Asia Pacific,Enterprise,18,1346,50.0,67433,3525,30604.47,9,Priority,9,85.1,ACH,2,24,6,0
INST_00041,Credit Union,Europe,Basic,1,1629,368.57,17939,193,74277.73,12,Priority,14,82.2,ACH,0,4,2,0
INST_00042,Bank,North America,Basic,4,4375,1324.07,4576,179,29345.12,12,Priority,0,90.0,ACH,6,13,5,1
INST_00043,Payment Processor,Asia Pacific,Professional,24,7613,457.88,247327,895,13258.39,7,Priority,2,68.9,ACH,0,29,5,0
INST_00044,Bank,Europe,Professional,30,56480,2143.93,26372,282,2511.76,4,Priority,0,78.5,ACH,9,29,3,0
INST_00045,Investment Firm,Europe,Professional,20,247,1092.98,7584,36,7498.45,8,Standard,1,60.7,Credit Card,1,8,2,0
INST_00046,Bank,Europe,Basic,3,10290,3110.62,2734,154,652.53,9,Premium,15,47.9,ACH,1,19,9,1
INST_00047,Credit Union,Europe,Basic,14,9086,1623.36,3181,19,1522.84,8,Standard,3,91.6,ACH,6,29,11,0
INST_00048,Credit Union,North America,Professional,10,2426,248.75,12589,206,1692.22,11,Priority,7,63.5,Wire Transfer,7,22,6,1
INST_00049,Bank,Europe,Enterprise,16,9709,437.06,395415,32,5393.55,7,Priority,4,65.2,ACH,1,7,5,0
INST_00050,Payment Processor,North America,Enterprise,49,12105,142.25,9163,789,2729.12,16,Standard,4,92.9,Credit Card,11,28,7,0
INST_00051,Insurance Company,Asia Pacific,Professional,35,375,305.89,193142,59,7276.46,8,Standard,7,88.5,ACH,5,29,8,0
INST_00052,Payment Processor,North America,Enterprise,2,41136,434.5,18103,33,18338.18,5,Priority,3,63.7,Credit Card,0,33,5,0
INST_00053,Payment Processor,North America,Professional,53,287,364.35,3745,121,1694.95,9,Standard,0,64.2,Wire Transfer,0,30,3,1
INST_00054,Investment Firm,Europe,Professional,15,542,2019.7,10831,286,6141.98,11,Priority,11,79.3,ACH,1,22,2,1
INST_00055,Payment Processor,Asia Pacific,Professional,32,2012,271.46,3224,16,2633.44,10,Standard,2,90.6,Wire Transfer,7,16,4,0
INST_00056,Bank,Europe,Professional,3,53498,131.83,6100,58,6537.07,9,Standard,7,66.9,Credit Card,13,35,7,1
INST_00057,Bank,North America,Professional,26,1877,142.09,5833,179,13756.39,6,Premium,7,89.1,ACH,7,35,5,0
INST_00058,Bank,Europe,Professional,6,2841,885.47,1266,1650,19571.97,8,Standard,1,53.7,ACH,0,17,8,1
INST_00059,Bank,North America,Professional,13,25542,74.91,213031,1,13432.82,11,Priority,1,87.6,Wire Transfer,0,27,5,0
INST_00060,Credit Union,Latin America,Basic,1,1899,316.9,30228,449,9145.15,6,Standard,4,80.6,ACH,3,12,9,1
INST_00061,Bank,Latin America,Basic,3,508,1984.26,7868,74,583.87,9,Standard,2,89.0,ACH,4,6,4,1
INST_00062,Insurance Company,Europe,Professional,2,1594,573.13,30718,60,970.78,6,Priority,2,42.5,Wire Transfer,9,32,3,0
INST_00063,Credit Union,North America,Basic,6,23299,368.88,6290,43,1427.58,6,Priority,2,69.1,Credit Card,2,1,6,1
INST_00064,Bank,Asia Pacific,Basic,2,3315,386.41,400,77,8416.34,10,Premium,2,85.4,ACH,9,26,4,1
INST_00065,Credit Union,North America,Professional,28,53959,117.28,1858048,453,708.74,8,Standard,0,97.6,ACH,0,30,3,0
INST_00066,Bank,Europe,Professional,1,9017,144.23,29272,56,8154.16,6,Priority,0,79.3,Credit Card,1,26,4,0
INST_00067,Insurance Company,North America,Professional,23,1133,319.19,9104,2937,7307.85,6,Priority,14,91.1,ACH,1,31,5,0
INST_00068,Bank,Latin America,Professional,3,3218,558.65,1210,456,500.0,8,Priority,11,73.0,ACH,1,9,5,0
INST_00069,Payment Processor,North America,Enterprise,69,828,1258.63,2342,211,961.6,5,Standard,4,82.1,Credit Card,7,28,4,0
INST_00070,Insurance Company,Europe,Enterprise,64,1093,450.82,263481,110,23524.87,11,Priority,2,94.3,ACH,2,25,8,0
INST_00071,Bank,Asia Pacific,Enterprise,6,1000000,2045.36,209589,1263,13990.22,11,Priority,8,83.4,Wire Transfer,0,35,7,0
INST_00072,Bank,Europe,Professional,22,13738,2768.99,68174,1643,1372.53,3,Premium,0,73.9,ACH,3,32,10,1
INST_00073,Insurance Company,North America,Professional,1,10847,1047.67,4135,18,1040.76,6,Premium,0,86.7,Wire Transfer,0,2,5,1
INST_00074,Insurance Company,Middle East,Enterprise,64,1170,1754.57,212131,41,500.0,8,Standard,1,87.0,Wire Transfer,8,4,6,0
INST_00075,Insurance Company,Europe,Basic,17,31394,122.87,43246,465,44665.05,6,Priority,8,52.1,ACH,2,35,3,0
INST_00076,Insurance Company,Europe,Basic,1,15508,101.59,58828,801,5226.94,13,Premium,12,49.9,ACH,3,22,4,1
INST_00077,Bank,North America,Professional,10,50132,751.12,43012,86,82916.23,7,Premium,5,80.1,Wire Transfer,10,3,3,1
INST_00078,Credit Union,Europe,Basic,1,46614,80.68,2297,39,3686.72,5,Standard,1,79.9,Credit Card,2,11,4,1
INST_00079,Bank,Europe,Enterprise,11,324,284.73,3651,170,7509.2,10,Premium,2,76.0,Wire Transfer,0,13,7,0
INST_00080,Payment Processor,North America,Professional,26,564,1017.83,10246,2117,18712.51,14,Standard,12,70.9,ACH,10,2,4,0
INST_00081,Investment Firm,North America,Professional,15,661,2199.64,57841,159,57426.67,5,Priority,5,50.2,ACH,0,22,6,0
INST_00082,Bank,Asia Pacific,Professional,11,723,297.36,2777,15,10420.52,2,Priority,4,75.8,Wire Transfer,6,34,5,0
INST_00083,Bank,North America,Professional,3,4842,184.95,16932,180,4932.55,6,Premium,7,74.5,ACH,2,25,8,1
INST_00084,Bank,North America,Basic,6,1273,592.62,16900,607,5125.26,6,Priority,3,61.2,ACH,7,30,5,1
INST_00085,Bank,Europe,Professional,2,66762,111.25,72338,123,1023.77,9,Premium,0,76.3,ACH,0,33,4,0
INST_00086,Insurance Company,Asia Pacific,Professional,39,51897,327.69,60597,1428,2771.59,12,Priority,19,74.1,ACH,6,35,2,0
INST_00087,Investment Firm,North America,Professional,3,2952,399.57,4839,705,5307.25,11,Standard,8,82.5,Credit Card,4,29,3,0
INST_00088,Payment Processor,Europe,Professional,21,55993,390.11,192919,132,39059.48,10,Standard,22,91.0,Credit Card,1,18,6,0
INST_00089,Credit Union,North America,Basic,10,27783,448.63,3847,160,2578.43,6,Standard,13,73.8,Invoice,2,2,6,0
INST_00090,Bank,North America,Basic,6,1516,148.2,113364,5,24196.95,12,Standard,3,47.5,ACH,9,1,10,1
INST_00091,Insurance Company,North America,Basic,24,146,168.61,9650,1310,4347.01,8,Premium,3,99.0,ACH,3,27,10,0
INST_00092,Insurance Company,Asia Pacific,Professional,14,2149,164.59,28166,82,31740.15,8,Standard,1,79.1,Wire Transfer,0,9,7,0
INST_00093,Investment Firm,North America,Enterprise,12,1133,57.74,30914,72,13562.77,10,Premium,11,71.1,Credit Card,7,14,6,0
INST_00094,Insurance Company,North America,Enterprise,21,4063,608.01,29630,55,12256.27,8,Priority,6,81.5,Credit Card,0,28,3,0
INST_00095,Credit Union,Europe,Professional,16,3407,1180.38,60581,337,21337.9,6,Premium,2,85.5,Invoice,2,22,3,0
INST_00096,Credit Union,Asia Pacific,Professional,8,3276,1048.98,39623,19,17149.77,6,Premium,22,35.4,Wire Transfer,0,28,6,0
INST_00097,Credit Union,North America,Professional,19,6538,294.42,71358,25,24239.05,7,Priority,10,80.2,Wire Transfer,2,19,5,0
INST_00098,Bank,Europe,Basic,26,483,152.44,44219,135,120288.22,4,Standard,14,70.2,Invoice,9,7,4,0
INST_00099,Bank,North America,Basic,1,5525,985.53,3305,48,55566.85,4,Standard,1,85.0,Wire Transfer,7,28,6,1
INST_00100,Bank,Europe,Enterprise,15,1541,868.45,33014,271,9893.53,12,Standard,6,26.4,Credit Card,12,25,5,0
INST_00101,Investment Firm,Europe,Professional,1,4023,523.69,9454,51,2533.56,9,Standard,32,47.0,Wire Transfer,3,18,6,1
INST_00102,Bank,Europe,Enterprise,4,12532,3272.05,4171,2620,8515.36,11,Priority,3,70.0,ACH,5,20,7,0
INST_00103,Credit Union,North America,Professional,19,475,390.84,14260,517,500.0,9,Priority,3,78.6,Wire Transfer,5,2,4,0
INST_00104,Payment Processor,North America,Professional,48,1954,296.41,28994,505,17042.75,7,Standard,5,81.1,ACH,0,25,4,0
INST_00105,Bank,North America,Basic,51,2495,249.69,32032,49,1002.2,6,Priority,0,89.4,Wire Transfer,4,26,3,0
INST_00106,Credit Union,North America,Basic,1,1378,61.99,107370,10000,26468.8,9,Priority,1,78.2,Credit Card,3,23,6,0
INST_00107,Insurance Company,North America,Professional,13,11495,892.13,156523,67,95839.82,7,Standard,2,50.9,Credit Card,2,16,3,0
INST_00108,Bank,Asia Pacific,Professional,20,1011,355.46,36476,41,557.58,5,Standard,0,86.5,Credit Card,0,0,2,1
INST_00109,Bank,Middle East,Basic,3,1295,743.91,47842,529,4557.56,7,Standard,2,64.6,ACH,0,23,3,0
INST_00110,Bank,Middle East,Basic,34,1027,3678.48,25411,210,995.63,9,Priority,5,66.6,Wire Transfer,3,27,3,0
INST_00111,Bank,Latin America,Basic,32,15337,252.42,69622,34,500.0,7,Premium,0,59.6,Wire Transfer,0,13,3,0
INST_00112,Payment Processor,Europe,Professional,56,1424,50.0,45728,7727,4190.26,4,Priority,5,60.2,Credit Card,6,14,6,0
INST_00113,Insurance Company,Asia Pacific,Professional,1,5943,718.59,20297,859,12743.17,5,Priority,11,45.2,ACH,7,6,13,1
INST_00114,Investment Firm,North America,Basic,5,57731,492.86,555694,149,15238.81,11,Standard,1,67.9,Credit Card,1,23,5,1
INST_00115,Payment Processor,Europe,Basic,42,2664,167.51,9708,10000,6191.23,4,Priority,22,54.3,ACH,4,27,7,1
INST_00116,Insurance Company,Europe,Basic,26,15805,649.84,195181,638,500.0,6,Standard,3,94.5,ACH,0,21,6,0
INST_00117,Bank,Europe,Professional,53,36571,1036.2,2888,145,5913.94,6,Priority,4,75.6,Credit Card,11,23,2,0
INST_00118,Payment Processor,Asia Pacific,Basic,1,13915,129.55,74639,9014,523.84,5,Standard,5,77.8,Credit Card,4,31,9,1
INST_00119,Credit Union,North America,Professional,21,2906,281.01,190013,485,577.97,9,Standard,3,36.4,Credit Card,2,33,5,0
INST_00120,Insurance Company,North America,Basic,20,7810,2373.46,1260,449,1101.88,8,Priority,7,49.3,ACH,4,24,2,1
INST_00121,Payment Processor,Latin America,Basic,1,432,169.7,27130,74,23735.26,8,Standard,1,76.6,Wire Transfer,2,6,5,0
INST_00122,Bank,North America,Enterprise,17,925,437.03,64416,162,11135.38,4,Priority,17,49.8,ACH,0,4,8,0
INST_00123,Bank,Europe,Professional,22,1203,50.0,32142,70,7973.56,4,Priority,14,65.1,Wire Transfer,1,30,4,0
INST_00124,Bank,Latin America,Basic,5,85898,68.16,38841,1981,1347.6,10,Priority,7,46.8,Wire Transfer,0,23,5,1
INST_00125,Credit Union,Europe,Enterprise,7,881,487.37,27020,8,2747.2,4,Premium,10,61.0,ACH,7,7,2,0
INST_00126,Insurance Company,Europe,Professional,24,861,1760.91,4266,1734,629.43,6,Priority,8,64.4,ACH,16,7,3,0
INST_00127,Payment Processor,North America,Enterprise,15,622,78.69,768402,30,38042.22,8,Standard,4,80.5,ACH,1,1,7,0
INST_00128,Bank,North America,Professional,46,6903,441.19,10349,133,132705.41,10,Standard,1,83.8,Invoice,6,18,5,0
INST_00129,Credit Union,Latin America,Professional,10,3692,257.02,42245,87,11326.47,12,Priority,2,81.7,Wire Transfer,3,4,4,0
INST_00130,Credit Union,Europe,Enterprise,7,15216,1266.11,8347,58,14729.85,6,Standard,15,85.4,ACH,0,13,3,0
INST_00131,Bank,Europe,Basic,100,8159,93.56,725,513,3872.13,6,Standard,7,35.0,Wire Transfer,18,7,5,1
INST_00132,Bank,North America,Professional,58,375,675.93,5504,147,500.0,7,Standard,14,50.2,ACH,16,26,6,0
INST_00133,Bank,North America,Professional,1,888,184.12,2511,44,1385.83,10,Standard,14,93.0,Wire Transfer,11,0,8,1
INST_00134,Payment Processor,Middle East,Basic,35,23109,527.23,113249,195,2445.3,9,Premium,5,61.2,Wire Transfer,1,13,6,0
INST_00135,Bank,North America,Basic,2,2197,438.22,8863,42,2757.6,6,Standard,4,69.0,Credit Card,0,1,8,1
INST_00136,Credit Union,Europe,Basic,1,17701,298.23,10186,56,1952.59,14,Standard,3,87.5,ACH,1,1,6,1
INST_00137,Insurance Company,North America,Professional,7,2381,715.78,4462,10,5279.73,11,Standard,4,89.2,Wire Transfer,6,3,4,0
INST_00138,Credit Union,Asia Pacific,Professional,7,698,425.13,25363,65,1372.99,9,Standard,20,76.2,Credit Card,3,9,6,1
INST_00139,Payment Processor,Latin America,Professional,41,1891,344.0,7519,361,126954.77,7,Standard,1,75.4,Wire Transfer,12,28,3,0
INST_00140,Payment Processor,Europe,Basic,29,697,263.04,97590,158,633.93,7,Standard,1,57.7,Wire Transfer,0,19,3,1
INST_00141,Bank,North America,Professional,95,1276,442.8,34650,3893,18600.88,6,Priority,3,52.0,Wire Transfer,16,5,6,0
INST_00142,Credit Union,Europe,Enterprise,29,4029,526.61,9341,10000,3318.33,16,Priority,11,57.7,ACH,15,14,6,0
INST_00143,Bank,Asia Pacific,Professional,13,6421,123.1,78853,64,9839.86,7,Priority,13,64.8,ACH,7,32,4,0
INST_00144,Bank,Europe,Professional,28,274,265.24,22290,33,10531.99,12,Standard,12,65.7,Credit Card,3,15,6,0
INST_00145,Bank,Latin America,Professional,120,2904,113.72,22748,1134,6220.25,7,Standard,6,90.3,Wire Transfer,2,34,6,0
INST_00146,Investment Firm,Europe,Professional,29,1236,384.59,2455,271,897.8,10,Standard,13,56.1,Wire Transfer,15,33,4,0
INST_00147,Credit Union,Latin America,Professional,34,1127,198.19,19798,1146,2986.75,4,Priority,1,39.2,ACH,5,14,6,0
INST_00148,Bank,Europe,Enterprise,66,3637,1017.33,35678,304,6333.72,10,Standard,6,90.3,Wire Transfer,7,23,6,0
INST_00149,Bank,North America,Professional,2,1305,904.4,162811,104,5765.52,7,Standard,2,51.8,Wire Transfer,8,28,4,0
INST_00150,Payment Processor,North America,Enterprise,29,23699,133.31,7130,105,1059.23,4,Standard,2,78.6,Wire Transfer,9,6,3,0
INST_00151,Bank,North America,Basic,45,17713,402.31,671428,323,34092.02,7,Priority,0,54.4,Wire Transfer,3,19,7,1
INST_00152,Bank,Latin America,Basic,74,17548,868.02,50782,101,500.0,9,Priority,3,55.5,Credit Card,15,3,2,1
INST_00153,Credit Union,Asia Pacific,Basic,5,1418,326.89,2254,1332,3377.24,7,Priority,0,98.5,Wire Transfer,1,18,3,1
INST_00154,Payment Processor,Asia Pacific,Professional,16,703,168.37,6199,14,1234.01,11,Priority,3,73.1,Wire Transfer,7,4,4,0
INST_00155,Bank,North America,Professional,27,3371,108.76,185627,1320,6459.12,7,Standard,4,68.3,Credit Card,0,27,4,0
INST_00156,Investment Firm,North America,Basic,6,2379,1124.53,142179,5,22586.07,6,Priority,3,96.4,ACH,2,22,4,0
INST_00157,Insurance Company,Asia Pacific,Basic,22,1196,1191.84,22632,192,595.59,12,Standard,10,69.6,Credit Card,2,23,6,0
INST_00158,Bank,Europe,Enterprise,7,511,314.34,27580,81,167779.83,7,Premium,2,49.0,Wire Transfer,4,8,7,1
INST_00159,Insurance Company,North America,Enterprise,9,2800,1011.68,3839,9,6652.67,8,Standard,0,48.0,Credit Card,0,21,5,1
INST_00160,Credit Union,Europe,Professional,13,1626,50.0,159877,3,8713.13,7,Premium,1,64.5,ACH,2,26,4,0
INST_00161,Investment Firm,North America,Professional,18,8370,1984.39,5005,20,567.01,8,Standard,12,61.5,ACH,1,11,4,1
INST_00162,Investment Firm,North America,Professional,14,8084,334.18,78206,161,4583.18,10,Priority,7,47.0,Credit Card,3,34,4,0
INST_00163,Credit Union,Europe,Professional,16,15540,478.25,167386,50,21110.21,6,Premium,6,76.5,Credit Card,6,13,9,0
INST_00164,Bank,North America,Enterprise,8,450,274.62,23676,22,6733.72,9,Priority,5,59.7,Credit Card,0,12,7,1
INST_00165,Insurance Company,Middle East,Basic,4,5440,2153.5,94034,1692,6065.02,2,Standard,9,91.8,Invoice,5,13,5,0
INST_00166,Bank,North America,Professional,1,1001,112.97,352025,16,4546.94,8,Standard,1,36.6,Wire Transfer,2,32,3,1
INST_00167,Bank,North America,Professional,5,477,2366.94,32923,503,622.04,5,Priority,1,82.7,Invoice,1,11,4,1
INST_00168,Bank,North America,Professional,20,1567,649.06,16933,29,616.73,12,Priority,0,37.6,Invoice,2,22,7,0
INST_00169,Investment Firm,Asia Pacific,Professional,37,14809,851.67,19924,19,28395.63,7,Standard,2,78.3,Wire Transfer,9,9,7,0
INST_00170,Investment Firm,Europe,Professional,4,1705,271.77,7226,50,18461.27,8,Standard,2,91.0,Credit Card,0,27,6,1
INST_00171,Bank,Europe,Basic,2,31200,83.94,6985,452,23049.67,9,Standard,17,56.6,ACH,4,35,6,1
INST_00172,Credit Union,North America,Professional,33,6790,1232.27,42770,12,1430.49,10,Premium,0,60.7,ACH,6,35,6,0
INST_00173,Bank,North America,Basic,8,1650,586.22,17224,248,3880.22,7,Premium,4,91.1,Credit Card,4,4,5,0
INST_00174,Investment Firm,Europe,Basic,72,16984,2067.2,36002,26,31185.24,7,Premium,9,89.7,Wire Transfer,3,29,5,0
INST_00175,Bank,Asia Pacific,Basic,30,5814,319.73,2356,36,778.23,11,Priority,16,49.0,ACH,4,23,3,0
INST_00176,Investment Firm,Latin America,Professional,9,735,243.94,19169,305,26764.28,12,Premium,23,79.4,Wire Transfer,2,27,2,1
INST_00177,Credit Union,North America,Professional,8,48445,2133.9,103277,7422,2039.01,10,Standard,0,89.1,ACH,2,13,5,0
INST_00178,Payment Processor,Europe,Professional,17,4399,4000.89,4111,28,1362.6,8,Standard,1,91.9,Invoice,2,12,9,0
INST_00179,Bank,Latin America,Professional,1,3066,407.98,22579,542,4685.02,13,Standard,48,80.6,Credit Card,4,15,5,1
INST_00180,Bank,North America,Professional,3,826,163.48,1363,84,920.11,3,Standard,2,49.2,Wire Transfer,10,35,8,1
INST_00181,Bank,Asia Pacific,Professional,4,17488,1067.03,3108,63,500.0,10,Standard,0,81.7,Credit Card,3,5,10,1
INST_00182,Payment Processor,North America,Professional,35,6476,297.43,73975,1020,5508.48,6,Standard,18,27.9,Wire Transfer,2,33,6,0
INST_00183,Payment Processor,Latin America,Professional,17,7660,828.08,13850,32,10953.33,9,Standard,3,77.0,Credit Card,5,19,8,0
INST_00184,Bank,Asia Pacific,Professional,1,1392,295.56,338781,18,30422.42,3,Standard,2,73.2,Credit Card,1,23,8,1
INST_00185,Investment Firm,Latin America,Professional,26,10416,2635.47,42136,339,12215.51,8,Premium,1,70.4,Credit Card,11,3,6,0
INST_00186,Insurance Company,Asia Pacific,Enterprise,13,11704,174.27,48819,2619,93722.71,8,Standard,3,74.2,ACH,7,29,8,0
INST_00187,Investment Firm,North America,Enterprise,17,1093,718.12,4382,572,37858.56,10,Priority,3,64.4,Wire Transfer,2,3,8,0
INST_00188,Credit Union,Latin America,Basic,5,355,224.43,12361,11,14870.25,4,Priority,18,73.1,Wire Transfer,1,24,3,0
INST_00189,Bank,North America,Basic,19,7129,287.78,7339,49,9926.15,3,Priority,1,72.9,Credit Card,5,22,4,0
INST_00190,Bank,North America,Professional,92,281,246.05,4455,865,31105.92,4,Priority,0,69.0,ACH,15,35,5,0
INST_00191,Payment Processor,Asia Pacific,Professional,1,3744,978.8,59625,2555,500.0,10,Priority,2,92.5,Credit Card,10,31,5,0
INST_00192,Payment Processor,Asia Pacific,Basic,8,1524,1214.44,80561,224,2392.07,4,Standard,5,78.7,ACH,0,13,6,0
INST_00193,Investment Firm,Latin America,Enterprise,6,18545,787.83,40070,52,500.0,6,Priority,2,86.9,ACH,1,32,7,0
INST_00194,Bank,North America,Basic,6,1653,354.4,6360,2872,13288.4,6,Priority,2,86.7,Credit Card,5,2,6,1
INST_00195,Bank,Asia Pacific,Enterprise,11,15692,477.33,36173,129,1613.01,6,Standard,3,52.5,ACH,3,9,5,0
INST_00196,Insurance Company,Asia Pacific,Professional,40,1378,1184.72,1250,49,455649.76,12,Standard,14,67.7,Credit Card,1,33,4,0
INST_00197,Payment Processor,North America,Professional,58,13359,1230.5,160253,36,2259.98,7,Priority,7,89.1,Credit Card,10,19,4,0
INST_00198,Payment Processor,North America,Basic,5,65546,50.0,3142,17,5764.91,9,Priority,5,84.7,Credit Card,16,10,2,1
INST_00199,Insurance Company,North America,Basic,18,600,291.0,4102,10000,2688.13,7,Priority,3,93.8,Invoice,2,6,2,0
INST_00200,Investment Firm,North America,Professional,24,4619,308.24,26184,1915,2360.79,3,Standard,0,76.2,ACH,4,14,4,0
INST_00201,Bank,Middle East,Basic,17,184088,900.64,29918,45,757.65,9,Premium,15,54.7,Credit Card,2,33,4,0
INST_00202,Bank,Europe,Professional,13,3294,372.37,19749,3351,720.38,4,Standard,0,74.4,Credit Card,1,33,3,1
INST_00203,Payment Processor,Asia Pacific,Professional,5,3270,956.25,4166,387,500.0,6,Standard,1,39.8,Credit Card,11,22,5,1
INST_00204,Investment Firm,Middle East,Basic,16,9727,110.57,120574,348,11138.84,6,Priority,4,83.9,ACH,2,3,2,0
INST_00205,Bank,North America,Basic,12,3170,551.18,1756,40,2599.38,11,Standard,1,73.3,ACH,0,15,5,1
INST_00206,Bank,Asia Pacific,Professional,38,230,1188.26,2380,58,89361.24,3,Standard,7,73.8,Wire Transfer,1,20,6,0
INST_00207,Investment Firm,Europe,Basic,34,16292,68.77,18760,137,760.36,10,Premium,4,86.9,ACH,2,26,3,0
INST_00208,Bank,Latin America,Basic,3,147,8236.84,3306,4,45002.43,12,Standard,4,96.6,Wire Transfer,0,32,7,1
INST_00209,Bank,North America,Professional,2,1595,1684.23,137852,61,51968.29,7,Priority,23,76.7,ACH,6,35,5,0
INST_00210,Credit Union,Latin America,Enterprise,57,18235,404.08,3761,149,33375.08,11,Standard,7,93.4,Credit Card,0,14,4,0
INST_00211,Investment Firm,North America,Professional,18,1746,149.29,227644,1567,6989.72,8,Standard,9,80.2,Invoice,10,31,3,0
INST_00212,Investment Firm,North America,Basic,46,1053,326.98,104055,48,2959.25,11,Standard,6,99.1,Invoice,4,29,2,0
INST_00213,Bank,Asia Pacific,Professional,1,11146,446.11,140446,640,33326.28,6,Standard,2,59.0,ACH,7,21,3,1
INST_00214,Insurance Company,North America,Enterprise,17,831,684.57,373494,3,1499.38,8,Priority,0,64.4,ACH,5,20,3,1
INST_00215,Bank,Europe,Professional,18,476,2442.54,24880,1212,7376.55,10,Standard,5,72.2,ACH,7,35,6,1
INST_00216,Bank,Europe,Professional,47,4499,227.85,4820,29,4602.61,8,Standard,4,39.3,Wire Transfer,2,13,6,0
INST_00217,Insurance Company,Asia Pacific,Professional,2,2265,792.55,18873,187,1290.62,8,Priority,0,33.5,Credit Card,4,15,5,1
INST_00218,Investment Firm,North America,Professional,6,461,85.55,9414,308,7458.21,4,Standard,13,77.5,Credit Card,2,18,6,0
INST_00219,Insurance Company,North America,Basic,12,7749,245.59,7602,216,14954.35,5,Standard,4,87.4,ACH,6,25,6,0
INST_00220,Investment Firm,North America,Professional,48,5983,634.01,27619,122,1216.53,6,Premium,4,63.2,Wire Transfer,1,18,6,0
INST_00221,Investment Firm,Europe,Professional,67,1737,924.74,13800,15,9800.42,15,Standard,3,80.2,Credit Card,2,21,9,0
INST_00222,Bank,North America,Enterprise,118,1925,163.39,7127,29,500.0,8,Priority,9,73.3,Credit Card,8,13,3,0
INST_00223,Credit Union,North America,Basic,76,6036,237.71,15243,892,1018.68,7,Standard,0,66.6,Invoice,0,2,8,0
INST_00224,Bank,North America,Basic,1,17774,2327.77,50184,50,2474.96,5,Priority,1,76.5,ACH,2,21,4,1
INST_00225,Bank,North America,Professional,1,1950,1626.67,92468,123,8400.16,10,Priority,16,86.4,Credit Card,4,22,4,1
INST_00226,Payment Processor,Europe,Professional,3,7958,518.09,1989,10,18105.52,9,Standard,0,92.0,ACH,0,11,3,1
INST_00227,Credit Union,Latin America,Professional,10,6959,50.0,13977,696,5564.9,11,Standard,6,70.7,Credit Card,4,22,5,0
INST_00228,Payment Processor,North America,Basic,42,11147,8212.06,17818,13,11497.6,6,Priority,1,77.1,ACH,2,22,8,0
INST_00229,Investment Firm,Europe,Basic,53,3162,393.89,3737,771,3862.72,7,Priority,5,92.0,ACH,1,12,6,0
INST_00230,Insurance Company,Asia Pacific,Professional,4,758,277.25,18406,21,9019.3,7,Standard,5,79.0,Credit Card,0,26,5,1
INST_00231,Credit Union,Europe,Professional,23,1489,215.54,27501,921,8332.04,9,Standard,7,78.2,ACH,4,21,7,0
INST_00232,Investment Firm,Asia Pacific,Enterprise,59,4985,633.74,47966,151,2290.37,4,Standard,1,65.8,ACH,17,3,3,0
INST_00233,Credit Union,Europe,Professional,14,45601,641.56,24729,54,2883.99,8,Priority,7,77.3,ACH,7,16,8,0
INST_00234,Bank,Europe,Professional,2,1442,1262.38,5875,2645,12090.69,13,Standard,10,42.3,Invoice,2,31,4,1
INST_00235,Insurance Company,North America,Professional,14,9968,132.78,450469,131,74468.52,10,Standard,1,94.8,ACH,1,27,4,0
INST_00236,Bank,Asia Pacific,Professional,11,1822,277.27,76396,77,30038.28,1,Priority,10,89.3,Wire Transfer,6,5,2,0
INST_00237,Bank,Asia Pacific,Professional,20,3518,4613.1,50467,762,903.55,6,Standard,0,91.0,Wire Transfer,9,34,8,0
INST_00238,Investment Firm,North America,Enterprise,13,28943,528.22,99433,10,908.35,10,Standard,2,42.4,Wire Transfer,2,9,7,0
INST_00239,Bank,North America,Basic,1,9380,327.99,31790,1,2200.75,4,Priority,3,39.0,ACH,0,12,1,1
INST_00240,Payment Processor,Middle East,Professional,120,463,130.33,151668,1193,5700.92,11,Standard,2,91.7,Wire Transfer,4,7,3,0
INST_00241,Payment Processor,Europe,Basic,18,1263,740.35,23987,32,5283.71,11,Standard,9,61.6,Invoice,0,26,8,1
INST_00242,Payment Processor,Europe,Professional,15,19620,1390.23,22084,703,31584.46,11,Priority,2,49.0,ACH,0,20,5,0
INST_00243,Credit Union,Latin America,Professional,74,3687,1152.29,57116,161,34292.09,9,Premium,9,75.5,ACH,0,20,5,0
INST_00244,Bank,Asia Pacific,Basic,4,532,295.73,234341,18,4956.71,10,Standard,0,85.0,ACH,1,24,5,1
INST_00245,Payment Processor,Europe,Enterprise,5,872,622.35,212792,442,3492.79,9,Priority,2,23.4,ACH,7,21,5,1
INST_00246,Credit Union,Asia Pacific,Basic,39,8563,2998.87,53598,70,10669.24,17,Premium,17,54.2,ACH,8,12,7,0
INST_00247,Payment Processor,Latin America,Professional,7,13248,1458.35,47806,21,24216.8,9,Standard,3,85.9,Wire Transfer,14,33,2,0
INST_00248,Payment Processor,Europe,Enterprise,38,3061,157.43,62571,22,11255.98,13,Priority,4,61.5,ACH,8,20,2,0
INST_00249,Payment Processor,Europe,Basic,7,122145,50.0,96609,6,2572.62,7,Standard,9,42.6,Wire Transfer,1,26,7,0
INST_00250,Bank,North America,Professional,1,10262,576.01,154522,306,1961.8,10,Standard,0,76.4,ACH,3,5,9,0
INST_00251,Credit Union,Middle East,Basic,17,2068,1051.82,15446,27,928.99,10,Standard,8,74.0,Wire Transfer,4,13,9,1
INST_00252,Payment Processor,Asia Pacific,Basic,5,876,109.17,159068,139,6569.74,10,Priority,0,66.2,Invoice,0,27,10,1
INST_00253,Bank,North America,Professional,34,690,399.2,36845,107,12514.96,4,Priority,5,67.8,Wire Transfer,2,12,1,0
INST_00254,Bank,Latin America,Enterprise,24,4930,293.99,58477,27,14798.3,4,Standard,6,40.5,Wire Transfer,1,26,10,0
INST_00255,Investment Firm,Europe,Basic,61,1432,457.21,175066,9,27657.18,5,Standard,1,83.3,Wire Transfer,6,17,3,0
INST_00256,Payment Processor,North America,Professional,36,36703,209.84,67547,10000,45272.92,5,Standard,13,81.0,Wire Transfer,0,28,5,0
INST_00257,Investment Firm,Europe,Professional,4,26888,1898.11,87028,135,624.87,5,Standard,5,96.9,ACH,1,26,6,0
INST_00258,Investment Firm,Europe,Enterprise,38,7704,481.82,12281,3952,9019.5,6,Priority,1,76.2,ACH,0,9,7,0
INST_00259,Bank,Latin America,Basic,24,508,140.5,208452,1208,9498.5,6,Priority,13,71.4,Credit Card,3,5,8,0
INST_00260,Investment Firm,North America,Professional,26,1087,1213.12,62538,83,4398.77,13,Premium,12,54.2,ACH,1,13,3,0
INST_00261,Payment Processor,Asia Pacific,Professional,42,19604,88.5,26611,205,1418.68,7,Standard,7,63.4,ACH,0,9,8,0
INST_00262,Bank,Europe,Professional,20,1281,1884.45,114876,195,42913.63,11,Standard,3,55.3,ACH,5,12,4,0
INST_00263,Credit Union,North America,Enterprise,15,16045,1325.14,1068477,4103,2032.66,9,Standard,4,76.1,Invoice,9,2,8,0
INST_00264,Payment Processor,Middle East,Enterprise,24,6074,2138.22,3814,660,500.0,9,Standard,8,57.7,ACH,1,16,6,0
INST_00265,Insurance Company,Europe,Basic,8,3221,333.65,6597,34,5064.99,3,Priority,2,61.0,ACH,0,24,5,1
INST_00266,Investment Firm,North America,Professional,4,1038,222.44,1236701,279,3439.92,12,Standard,6,69.5,Wire Transfer,5,12,3,1
INST_00267,Insurance Company,Europe,Professional,23,2587,446.23,41774,631,79741.54,4,Standard,6,53.2,ACH,0,24,3,0
INST_00268,Credit Union,Latin America,Professional,6,3961,364.55,29328,17,10244.96,10,Standard,1,79.4,Credit Card,1,24,6,1
INST_00269,Bank,North America,Professional,1,14027,184.33,18525,361,3109.15,3,Standard,0,62.8,ACH,1,2,7,1
INST_00270,Insurance Company,North America,Professional,1,789,207.61,134949,1672,3658.17,6,Standard,1,83.0,Wire Transfer,12,29,6,0
INST_00271,Insurance Company,North America,Professional,22,2009,259.91,1106675,31,3595.34,6,Premium,0,61.2,ACH,2,3,4,0
INST_00272,Payment Processor,North America,Enterprise,10,3188,99.09,8121,40,136721.33,6,Priority,9,38.8,Wire Transfer,3,18,2,0
INST_00273,Payment Processor,Asia Pacific,Basic,33,8054,910.1,19047,1198,13537.59,5,Standard,11,47.7,ACH,7,32,3,0
INST_00274,Credit Union,Europe,Enterprise,11,763,378.89,13015,78,595.42,3,Standard,11,90.7,ACH,9,32,4,0
INST_00275,Credit Union,North America,Professional,15,413,278.65,66124,25,3406.16,11,Priority,18,63.9,Credit Card,0,14,5,0
INST_00276,Insurance Company,North America,Professional,12,8192,106.44,137804,726,4743.6,8,Standard,0,78.4,ACH,7,0,2,1
INST_00277,Investment Firm,North America,Enterprise,25,305,100.24,250546,419,933.23,10,Standard,18,87.3,Invoice,7,20,8,0
INST_00278,Insurance Company,Latin America,Professional,10,20485,4117.89,69569,175,500.0,5,Standard,4,81.4,ACH,10,35,5,1
INST_00279,Insurance Company,North America,Professional,79,2359,190.05,964147,1123,12008.2,9,Standard,3,66.3,Credit Card,7,24,2,0
INST_00280,Payment Processor,Middle East,Professional,66,292,839.36,9300,1276,1470.05,14,Premium,1,76.5,Wire Transfer,0,7,6,1
INST_00281,Bank,Europe,Professional,45,1450,490.37,6299,127,31989.32,8,Standard,4,97.0,Credit Card,1,19,5,0
INST_00282,Credit Union,North America,Enterprise,60,5264,50.0,199589,5186,4975.55,10,Priority,8,89.0,Credit Card,2,20,4,0
INST_00283,Bank,Latin America,Enterprise,14,1340,3466.64,26482,2565,2412.93,6,Standard,0,67.2,ACH,0,27,5,0
INST_00284,Investment Firm,Europe,Basic,18,3071,916.81,2796,4,500.0,16,Standard,26,83.4,ACH,0,30,0,0
INST_00285,Bank,Asia Pacific,Basic,32,9046,160.58,13710,23,30744.82,10,Priority,17,58.4,ACH,7,30,9,0
INST_00286,Credit Union,Middle East,Professional,28,2201,389.93,32321,2,7633.41,10,Priority,15,48.4,Credit Card,0,31,3,0
INST_00287,Credit Union,North America,Basic,53,731,101.59,8355,82,2509.17,9,Priority,3,66.0,Credit Card,11,32,5,0
INST_00288,Bank,North America,Professional,30,1903,3610.01,4807,16,1292.8,8,Standard,13,66.2,ACH,1,13,1,0
INST_00289,Investment Firm,Asia Pacific,Basic,120,24890,135.75,16131,34,54102.56,9,Priority,0,96.8,Invoice,3,13,5,0
INST_00290,Bank,North America,Professional,10,37331,215.36,4461,1056,995.92,10,Priority,16,73.8,Credit Card,1,16,2,1
INST_00291,Bank,North America,Basic,42,144,168.09,57107,6,2827.16,7,Standard,13,78.5,ACH,14,25,5,1
INST_00292,Insurance Company,North America,Professional,28,15314,444.28,1193,187,11552.04,6,Standard,6,51.3,Wire Transfer,3,0,4,0
INST_00293,Credit Union,North America,Professional,28,4338,2088.87,25226,185,43310.48,4,Priority,7,64.6,Wire Transfer,4,14,5,0
INST_00294,Bank,Asia Pacific,Professional,9,11920,3453.87,48014,127,3552.9,10,Standard,3,74.4,Wire Transfer,10,2,10,0
INST_00295,Credit Union,North America,Enterprise,36,1305,249.94,19229,187,1632.35,6,Priority,20,60.9,Wire Transfer,0,23,3,0
INST_00296,Insurance Company,Europe,Enterprise,55,210,635.18,113531,2,4187.63,4,Priority,0,63.0,Credit Card,0,10,7,1
INST_00297,Bank,Europe,Professional,5,7163,445.09,2819,34,19085.92,13,Priority,15,68.5,Credit Card,18,2,5,1
INST_00298,Investment Firm,Europe,Basic,23,726,124.22,7695,2386,26744.72,5,Standard,2,89.1,ACH,12,3,1,1
INST_00299,Bank,North America,Enterprise,11,371,7383.97,13425,17,624.69,5,Standard,11,56.2,Credit Card,1,32,5,0
INST_00300,Bank,Asia Pacific,Enterprise,109,412,2070.02,64156,2980,5839.56,7,Priority,0,66.7,ACH,4,30,9,0
INST_00301,Credit Union,North America,Enterprise,15,7342,506.2,30569,11,571.69,8,Priority,1,76.7,ACH,5,27,7,0
INST_00302,Credit Union,Asia Pacific,Basic,6,3674,2692.57,548558,9,18514.8,5,Standard,1,85.7,Credit Card,13,10,5,0
INST_00303,Investment Firm,Latin America,Enterprise,11,9640,1727.67,6576,26,9261.08,9,Priority,26,29.7,Invoice,1,17,6,0
INST_00304,Insurance Company,Europe,Basic,25,8132,445.07,2717,1132,1234.25,12,Standard,1,56.4,Invoice,7,33,1,0
INST_00305,Payment Processor,Europe,Professional,1,1585,596.55,322427,55,49080.56,9,Standard,3,77.5,Credit Card,0,31,3,0
INST_00306,Credit Union,Europe,Enterprise,22,2681,2476.38,2575,276,8123.53,6,Premium,2,61.2,Credit Card,4,25,9,0
INST_00307,Bank,North America,Basic,64,1384,129.62,61364,169,6889.74,6,Priority,29,87.3,Invoice,1,28,6,0
INST_00308,Insurance Company,Latin America,Enterprise,45,2174,3006.19,5074,134,3756.84,9,Priority,6,25.6,Credit Card,1,0,2,1
INST_00309,Bank,Latin America,Professional,1,698,307.93,988,1470,4855.87,8,Priority,3,56.1,Wire Transfer,3,26,5,1
INST_00310,Credit Union,North America,Enterprise,120,5354,2513.95,12554,595,2773.25,9,Standard,16,39.2,Wire Transfer,1,17,3,0
INST_00311,Bank,Europe,Basic,28,14953,400.91,84901,18,1616.77,11,Priority,8,53.0,Credit Card,29,6,3,0
INST_00312,Bank,Latin America,Enterprise,4,875,604.94,3523,90,31060.61,8,Priority,8,95.2,Wire Transfer,5,34,3,0
INST_00313,Payment Processor,Middle East,Basic,1,20371,387.16,52268,3422,2346.98,6,Standard,4,78.6,Invoice,9,31,8,1
INST_00314,Insurance Company,Europe,Professional,4,3534,213.11,69168,263,2231.41,5,Priority,4,88.3,ACH,1,30,4,0
INST_00315,Investment Firm,Europe,Professional,43,4279,291.76,3269,9,4048.33,8,Priority,9,89.5,Credit Card,0,14,5,0
INST_00316,Credit Union,North America,Professional,1,232,2111.04,15652,11,41638.13,10,Standard,0,83.6,Invoice,1,8,4,0
INST_00317,Bank,Middle East,Basic,6,198,50.0,234594,736,26815.86,8,Premium,4,81.1,ACH,8,23,2,1
INST_00318,Bank,North America,Professional,33,3700,91.22,58447,525,2718.21,4,Priority,27,62.8,Invoice,1,17,8,0
INST_00319,Bank,Europe,Basic,21,9745,168.92,14879,28,30951.54,6,Priority,7,89.6,Credit Card,1,24,4,1
INST_00320,Credit Union,North America,Professional,36,1088,110.61,41066,570,5780.12,11,Standard,3,91.4,Credit Card,6,14,3,0
INST_00321,Insurance Company,North America,Basic,32,36502,2470.01,7880,2640,1386.95,9,Priority,1,87.9,Wire Transfer,8,33,4,1
INST_00322,Investment Firm,Europe,Enterprise,1,8976,1824.78,117071,2047,2406.2,9,Priority,3,71.9,Invoice,3,34,9,0
INST_00323,Bank,Middle East,Basic,53,763,820.93,116995,2664,38556.53,7,Standard,4,53.1,Wire Transfer,0,28,2,1
INST_00324,Payment Processor,North America,Basic,6,3122,187.66,26406,403,111777.76,6,Priority,6,75.5,ACH,9,10,2,0
INST_00325,Insurance Company,Europe,Basic,19,122442,2002.32,31134,107,7940.45,9,Standard,28,77.6,Wire Transfer,4,5,3,0
INST_00326,Investment Firm,North America,Professional,24,462,59.99,4923,71,2101.05,10,Standard,4,97.4,ACH,13,15,8,0
INST_00327,Investment Firm,North America,Basic,4,6584,5273.13,2898,143,4074.99,7,Premium,3,72.8,ACH,1,15,1,1
INST_00328,Credit Union,Europe,Professional,89,1836,177.41,12520,30,1566.08,5,Priority,2,74.4,Invoice,0,29,4,0
INST_00329,Bank,Europe,Enterprise,16,8607,294.58,19320,77,1948.58,6,Standard,10,53.8,ACH,1,0,6,1
INST_00330,Credit Union,North America,Professional,1,19948,241.0,108438,1473,1681.48,8,Priority,4,65.3,ACH,1,3,6,0
INST_00331,Insurance Company,North America,Professional,66,1670,111.3,87872,8,4363.3,8,Standard,9,58.6,Credit Card,8,12,5,0
INST_00332,Bank,North America,Basic,21,15968,4064.86,29063,9,5890.06,8,Standard,2,86.0,Wire Transfer,0,4,7,1
INST_00333,Bank,North America,Professional,28,83433,1039.69,131374,661,3935.36,4,Standard,3,78.9,Wire Transfer,8,13,6,0
INST_00334,Bank,Middle East,Basic,17,3292,1734.66,5349,79,3526.34,8,Standard,21,55.3,Wire Transfer,5,7,6,0
INST_00335,Bank,Latin America,Professional,43,9675,92.91,110857,4,15378.68,9,Priority,1,90.9,Credit Card,12,35,2,0
INST_00336,Payment Processor,North America,Basic,1,1229,501.26,6730,132,3484.87,11,Priority,2,58.6,Wire Transfer,3,18,4,1
INST_00337,Insurance Company,Europe,Professional,7,3068,753.88,141427,102,3837.12,4,Standard,4,78.9,Wire Transfer,1,22,5,0
INST_00338,Credit Union,Latin America,Professional,15,2286,558.31,21589,68,3771.24,6,Standard,5,79.4,Invoice,11,29,6,0
INST_00339,Bank,North America,Enterprise,1,9851,100.24,1099,509,49758.25,9,Standard,0,57.9,Credit Card,0,18,6,1
INST_00340,Credit Union,Asia Pacific,Basic,29,18160,1466.45,65856,13,2352.37,9,Priority,24,71.3,Credit Card,12,16,5,0
INST_00341,Credit Union,Latin America,Professional,12,2528,466.78,74185,151,12021.41,13,Standard,2,89.1,Wire Transfer,4,21,3,0
INST_00342,Bank,North America,Basic,7,29745,128.26,11104,101,1599.48,7,Standard,0,20.0,Invoice,0,5,2,1
INST_00343,Credit Union,North America,Professional,1,29586,50.0,12620,158,8307.53,11,Standard,2,94.6,Credit Card,1,29,4,0
INST_00344,Credit Union,Middle East,Enterprise,30,10617,835.47,17338,6,11151.73,9,Standard,3,76.2,Invoice,4,22,9,0
INST_00345,Investment Firm,Europe,Professional,43,1374,7635.37,1226,57,24993.95,5,Priority,1,62.6,Credit Card,0,33,4,0
INST_00346,Investment Firm,North America,Professional,12,1190,119.31,634,153,2761.69,6,Standard,1,90.0,Credit Card,0,26,5,0
INST_00347,Bank,North America,Enterprise,19,881,494.99,155195,393,924.32,9,Standard,4,81.7,Credit Card,3,10,5,0
INST_00348,Credit Union,Europe,Professional,6,12378,1529.35,6399,4119,1516.29,6,Priority,11,74.8,Credit Card,0,29,5,1
INST_00349,Investment Firm,Asia Pacific,Professional,23,484,87.92,356074,633,20885.54,17,Standard,8,79.5,ACH,7,3,11,0
INST_00350,Credit Union,Asia Pacific,Professional,1,8227,226.8,172060,340,111594.54,6,Standard,3,85.3,Wire Transfer,5,4,3,1
INST_00351,Payment Processor,Middle East,Professional,16,588,143.71,231143,1463,17183.07,10,Priority,0,80.7,ACH,13,32,3,0
INST_00352,Investment Firm,North America,Basic,24,10252,1315.03,8304,85,740.1,9,Standard,21,67.8,Wire Transfer,8,5,7,0
INST_00353,Bank,Europe,Enterprise,60,3058,1979.55,1973,2433,16333.6,7,Premium,2,48.6,Wire Transfer,0,3,5,0
INST_00354,Bank,Europe,Professional,11,22036,488.26,4314,1112,1193.1,6,Standard,0,90.3,Wire Transfer,1,35,7,0
INST_00355,Investment Firm,Europe,Basic,34,16517,146.92,11274,66,2911.1,12,Premium,2,38.4,Wire Transfer,1,14,6,0
INST_00356,Bank,North America,Professional,21,25657,237.14,626,4736,6508.38,7,Priority,8,77.4,Wire Transfer,2,26,2,0
INST_00357,Investment Firm,Middle East,Professional,62,26668,189.31,10795,331,8375.39,4,Premium,2,82.5,Wire Transfer,3,26,5,0
INST_00358,Payment Processor,Latin America,Basic,12,3697,124.87,16276,7687,5421.69,16,Standard,1,68.1,ACH,3,10,6,1
INST_00359,Investment Firm,Europe,Professional,9,524,356.94,3160,256,1994.87,8,Standard,2,89.8,Wire Transfer,1,3,9,1
INST_00360,Credit Union,Europe,Enterprise,52,614,804.15,4625,53,24099.28,7,Priority,5,65.5,Credit Card,12,5,8,0
INST_00361,Investment Firm,North America,Enterprise,1,130,726.55,15821,37,2227.53,5,Premium,14,63.2,Credit Card,0,14,10,1
INST_00362,Credit Union,Europe,Enterprise,3,586,399.46,37587,78,32265.99,7,Priority,0,58.8,ACH,0,34,8,1
INST_00363,Credit Union,Asia Pacific,Enterprise,2,3305,432.02,5789,53,639.66,13,Priority,1,79.7,Invoice,7,13,7,1
INST_00364,Payment Processor,Europe,Basic,44,1287,365.82,34145,1463,6790.61,11,Priority,3,58.8,ACH,1,32,4,0
INST_00365,Credit Union,Middle East,Professional,1,2275,85.06,27045,140,781.15,11,Standard,0,59.7,Credit Card,6,29,7,0
INST_00366,Payment Processor,Europe,Enterprise,47,6242,488.9,23631,8,1406.52,10,Premium,27,73.6,Wire Transfer,1,19,7,0
INST_00367,Payment Processor,North America,Professional,14,1889,200.27,8283,217,2276.7,7,Standard,14,62.9,ACH,4,3,5,0
INST_00368,Bank,Asia Pacific,Professional,1,554,80.09,2980,186,48093.78,5,Standard,0,47.0,ACH,10,26,8,1
INST_00369,Bank,North America,Professional,12,2752,629.45,280597,63,34962.7,8,Priority,16,78.3,Credit Card,1,24,5,0
INST_00370,Bank,North America,Professional,4,774,193.63,56695,240,18240.02,10,Priority,2,40.8,ACH,6,16,7,0
INST_00371,Bank,North America,Enterprise,23,1985,530.23,99568,137,5166.39,7,Priority,2,89.8,Credit Card,8,17,7,0
INST_00372,Bank,Europe,Professional,27,22340,1115.62,19429,464,6516.47,8,Standard,2,93.7,ACH,18,1,8,0
INST_00373,Investment Firm,Asia Pacific,Professional,16,1986,128.99,17222,417,32850.38,9,Standard,0,91.3,Wire Transfer,1,13,4,0
INST_00374,Bank,Europe,Enterprise,1,42465,450.58,45981,286,14072.22,3,Priority,10,68.0,Invoice,3,15,6,1
INST_00375,Bank,Asia Pacific,Professional,25,25526,50.0,1405,14,5049.34,14,Standard,1,41.4,Wire Transfer,1,6,7,0
INST_00376,Insurance Company,Europe,Basic,44,1250,2537.77,4138,6729,45707.03,9,Priority,1,49.5,Credit Card,2,7,5,0
INST_00377,Bank,North America,Professional,30,563,78.97,6656,9,16677.14,8,Premium,10,86.4,Invoice,0,9,5,0
INST_00378,Insurance Company,Asia Pacific,Enterprise,42,2754,217.5,11138,117,7070.1,4,Premium,0,85.0,ACH,11,18,5,0
INST_00379,Bank,North America,Professional,5,16814,2010.33,5886,20,2468.92,11,Standard,2,68.4,ACH,1,2,3,0
INST_00380,Bank,North America,Professional,52,1428,304.47,36286,302,2156.27,6,Standard,5,54.6,Wire Transfer,22,17,5,0
INST_00381,Investment Firm,Europe,Professional,9,11639,95.88,24888,190,2968.28,9,Standard,0,69.6,Wire Transfer,2,12,4,0
INST_00382,Investment Firm,North America,Basic,1,18263,949.26,177956,109,9754.52,12,Standard,3,66.8,Wire Transfer,2,18,6,1
INST_00383,Payment Processor,North America,Enterprise,44,933,923.93,900439,2280,17217.37,6,Priority,3,68.1,Wire Transfer,3,19,5,0
INST_00384,Insurance Company,Europe,Enterprise,68,1081,188.7,3313,1091,563.16,7,Standard,2,65.0,Wire Transfer,0,29,2,0
INST_00385,Insurance Company,Europe,Basic,25,8681,214.88,27472,82,500.0,9,Standard,2,85.4,Invoice,9,13,4,0
INST_00386,Bank,Europe,Basic,6,3743,239.25,27399,631,1179.4,9,Priority,2,88.5,Credit Card,8,29,6,1
INST_00387,Bank,Middle East,Enterprise,6,1065,314.68,21562,2481,2666.4,12,Standard,3,75.3,Wire Transfer,8,3,0,0
INST_00388,Insurance Company,Europe,Enterprise,15,1757,50.0,4327,1077,29552.42,12,Premium,0,77.4,Invoice,2,0,2,1
INST_00389,Insurance Company,Latin America,Enterprise,54,2681,324.5,5564,116,3227.21,8,Priority,1,51.0,ACH,2,6,5,0
INST_00390,Payment Processor,North America,Enterprise,3,285,3431.31,31590,8,7202.33,8,Standard,16,63.1,Invoice,15,20,4,0
INST_00391,Credit Union,Europe,Professional,41,9399,137.67,5334,266,9199.06,4,Standard,20,70.3,ACH,4,28,4,0
INST_00392,Credit Union,Latin America,Professional,8,1453,200.3,27970,494,1058.54,13,Standard,34,56.8,Credit Card,10,34,6,0
INST_00393,Insurance Company,Europe,Professional,39,45,97.48,15230,37,43907.18,13,Priority,4,90.7,Credit Card,1,9,7,0
INST_00394,Bank,Asia Pacific,Basic,60,2876,841.0,27241,154,1813.1,7,Priority,1,62.2,Invoice,3,11,7,0
INST_00395,Payment Processor,North America,Professional,13,980,1709.3,5271,127,51005.42,11,Standard,8,89.2,Invoice,5,9,4,0
INST_00396,Payment Processor,North America,Professional,10,37542,1663.0,27895,1804,4067.31,8,Premium,19,91.2,Wire Transfer,0,11,4,0
INST_00397,Credit Union,Europe,Professional,38,1238,90.23,5875,4174,2962.37,8,Standard,0,67.9,Wire Transfer,10,14,5,0
INST_00398,Insurance Company,North America,Professional,18,574,734.91,28030,1230,928.73,7,Priority,0,69.5,ACH,2,22,4,0
INST_00399,Insurance Company,Latin America,Professional,27,6386,2254.09,164241,127,6607.28,5,Priority,6,78.8,ACH,7,20,9,0
INST_00400,Bank,North America,Basic,23,1106,743.67,32580,1171,144577.88,8,Premium,0,48.4,Wire Transfer,8,2,3,0
INST_00401,Payment Processor,Middle East,Basic,3,925,716.29,35696,477,9139.7,7,Premium,3,69.3,ACH,5,18,12,0
INST_00402,Credit Union,Middle East,Basic,44,6401,229.07,75042,129,7373.56,6,Priority,3,89.5,Credit Card,2,27,6,0
INST_00403,Insurance Company,North America,Basic,5,625,525.39,2682,6414,1808.21,10,Standard,0,67.5,ACH,4,23,4,1
INST_00404,Bank,North America,Enterprise,64,334,1778.6,290216,39,11943.9,5,Priority,9,73.5,Credit Card,8,23,3,0
INST_00405,Payment Processor,Latin America,Basic,6,39695,598.16,4521,440,6225.61,6,Priority,0,67.1,Credit Card,0,3,5,1
INST_00406,Credit Union,Middle East,Basic,31,7109,90.2,82412,672,4472.7,6,Priority,2,84.6,ACH,8,18,4,0
INST_00407,Bank,Europe,Professional,8,2005,233.4,67532,88,10323.65,12,Premium,9,81.3,ACH,1,9,4,0
INST_00408,Payment Processor,North America,Professional,9,2965,1721.82,5691,406,500.0,12,Priority,6,88.4,Credit Card,2,27,4,0
INST_00409,Bank,Europe,Basic,8,6366,595.67,100040,813,4226.85,11,Standard,4,80.7,Credit Card,1,1,8,0
INST_00410,Bank,Asia Pacific,Professional,33,12835,465.39,46477,230,816.04,5,Standard,0,69.7,ACH,20,21,2,0
INST_00411,Payment Processor,North America,Professional,19,959,207.51,375107,347,5132.5,4,Standard,10,85.0,ACH,6,4,4,0
INST_00412,Payment Processor,Asia Pacific,Basic,51,5162,1679.61,29438,179,1658.55,12,Standard,12,77.0,ACH,31,18,1,1
INST_00413,Investment Firm,North America,Basic,8,1394,2965.78,18716,623,1837.65,9,Priority,0,57.6,Wire Transfer,0,1,5,1
INST_00414,Investment Firm,North America,Enterprise,28,2245,1836.89,10176,98,665.03,3,Premium,29,84.5,ACH,17,18,6,0
INST_00415,Credit Union,North America,Enterprise,33,3793,2278.13,1611,84,26199.55,8,Standard,2,65.1,Credit Card,1,23,4,0
INST_00416,Bank,North America,Professional,3,2951,262.32,13665,154,1778.24,6,Premium,3,31.6,Credit Card,0,12,4,1
INST_00417,Bank,North America,Basic,12,8985,221.36,14561,1249,1926.85,8,Premium,3,64.6,Wire Transfer,1,33,1,1
INST_00418,Investment Firm,Europe,Professional,15,6189,334.42,32633,6,48821.33,8,Standard,7,48.1,ACH,1,15,4,0
INST_00419,Insurance Company,North America,Professional,10,310,422.54,2605,28,11521.11,7,Premium,5,77.5,Wire Transfer,6,10,4,0
INST_00420,Insurance Company,North America,Basic,9,388,2246.71,15390,8922,500.0,7,Standard,5,40.9,Credit Card,5,29,6,0
INST_00421,Insurance Company,North America,Professional,27,1712,1634.45,52280,243,39263.09,5,Priority,10,53.0,ACH,2,7,5,0
INST_00422,Bank,Middle East,Professional,5,46301,769.83,60673,71,58211.37,12,Priority,18,53.1,Wire Transfer,1,28,8,1
INST_00423,Credit Union,Europe,Professional,29,830,72.43,1353,620,50592.78,4,Standard,12,39.3,Wire Transfer,2,31,9,0
INST_00424,Bank,Europe,Professional,65,2181,53.22,63551,36,13390.27,9,Standard,8,87.3,ACH,16,9,4,0
INST_00425,Credit Union,Europe,Enterprise,19,1333,538.37,15216,3,941.46,6,Standard,0,45.2,Credit Card,1,24,4,0
INST_00426,Credit Union,Middle East,Professional,22,1298,1160.16,16688,281,4564.94,11,Premium,1,97.3,Wire Transfer,5,16,5,0
INST_00427,Payment Processor,North America,Enterprise,1,3894,366.69,634,39,559.66,5,Priority,0,75.0,ACH,2,20,5,1
INST_00428,Credit Union,Asia Pacific,Basic,47,24371,4015.37,206975,178,1340.74,11,Standard,13,86.6,Credit Card,8,21,9,0
INST_00429,Bank,Asia Pacific,Enterprise,8,5907,110.06,28715,268,928.59,7,Premium,7,74.7,Wire Transfer,4,7,2,0
INST_00430,Bank,Europe,Basic,22,893,94.63,2214,191,1918.8,8,Premium,0,86.9,ACH,5,30,4,0
INST_00431,Insurance Company,North America,Basic,92,185320,181.79,38669,6,6285.06,2,Standard,8,72.3,Wire Transfer,0,35,5,0
INST_00432,Investment Firm,Asia Pacific,Professional,21,3353,173.69,36927,155,2521.56,6,Priority,2,82.9,Wire Transfer,6,18,3,0
INST_00433,Bank,North America,Professional,30,1254,758.65,137835,330,2364.23,8,Standard,5,79.2,Credit Card,1,4,5,0
INST_00434,Bank,Europe,Enterprise,14,24788,243.21,13842,11,3176.89,8,Priority,6,34.5,Credit Card,5,26,4,0
INST_00435,Insurance Company,Asia Pacific,Professional,1,1474,62.97,22426,9,46593.16,9,Premium,1,69.0,Credit Card,2,5,6,1
INST_00436,Bank,North America,Basic,38,36111,1176.02,8398,21,126201.27,7,Standard,3,62.9,Wire Transfer,1,1,7,1
INST_00437,Insurance Company,Asia Pacific,Professional,1,807,50.0,54009,569,2499.77,4,Standard,3,77.9,Wire Transfer,2,16,6,1
INST_00438,Insurance Company,North America,Professional,28,25464,111.56,6800,4,8136.47,8,Priority,6,80.9,ACH,0,24,6,0
INST_00439,Bank,Asia Pacific,Professional,1,4030,57.56,5770,660,1391.42,3,Priority,15,34.9,Wire Transfer,0,17,2,1
INST_00440,Bank,Europe,Professional,47,20672,517.26,19896,300,15544.73,9,Standard,6,80.2,Invoice,0,6,5,0
INST_00441,Payment Processor,North America,Professional,4,51670,504.34,3502,93,2405.05,6,Standard,8,75.7,Wire Transfer,5,17,2,1
INST_00442,Credit Union,North America,Enterprise,17,545,4022.85,243579,10,1691.45,6,Standard,7,81.7,ACH,1,5,5,0
INST_00443,Credit Union,Middle East,Enterprise,21,20204,1207.84,396685,35,98951.08,4,Priority,0,84.3,ACH,16,32,4,0
INST_00444,Insurance Company,North America,Basic,14,360,2275.55,11154,606,642.84,6,Standard,2,69.8,ACH,8,15,7,0
INST_00445,Payment Processor,North America,Professional,10,619,570.4,2752,1425,500.0,8,Standard,3,84.8,ACH,2,11,8,1
INST_00446,Payment Processor,North America,Professional,15,893,124.92,36493,23,14797.97,8,Standard,4,62.8,Credit Card,3,28,8,1
INST_00447,Insurance Company,Europe,Professional,8,6345,470.47,10687,1159,2831.49,11,Premium,12,67.2,ACH,7,19,6,1
INST_00448,Credit Union,Europe,Professional,13,3132,821.31,128286,510,1864.98,11,Standard,5,84.1,Credit Card,0,4,3,0
INST_00449,Bank,North America,Enterprise,10,2319,938.77,6763,146,295814.69,7,Standard,11,45.5,Wire Transfer,1,4,9,0
INST_00450,Insurance Company,North America,Professional,20,3712,228.86,49849,39,14696.14,11,Standard,16,86.9,Wire Transfer,2,9,8,1
INST_00451,Investment Firm,North America,Enterprise,6,7236,725.27,26133,52,4501.78,8,Standard,8,80.0,Wire Transfer,3,27,5,0
INST_00452,Credit Union,North America,Enterprise,107,8122,131.68,7987,3949,1699.52,4,Priority,0,96.2,Wire Transfer,0,16,7,0
INST_00453,Payment Processor,Europe,Enterprise,16,15386,115.36,31573,204,9591.97,8,Standard,1,81.6,ACH,3,6,1,0
INST_00454,Bank,Asia Pacific,Enterprise,5,45709,105.75,82273,1625,500.0,8,Standard,12,80.0,Invoice,1,1,2,1
INST_00455,Credit Union,North America,Professional,15,2886,415.53,25091,229,2266.17,5,Priority,5,67.0,ACH,10,13,7,0
INST_00456,Bank,North America,Basic,48,1364,98.16,25487,65,4648.74,9,Priority,5,80.3,Credit Card,13,8,4,0
INST_00457,Credit Union,North America,Professional,1,7482,242.33,5948,424,6769.87,7,Priority,24,80.9,Credit Card,6,34,6,1
INST_00458,Bank,Middle East,Basic,27,535,1192.13,122554,7216,3969.33,11,Premium,3,85.5,Credit Card,0,7,7,1
INST_00459,Bank,Middle East,Professional,19,1077,117.34,105537,46,1737.47,15,Standard,0,78.8,Wire Transfer,5,25,3,0
INST_00460,Bank,Asia Pacific,Professional,4,13347,220.26,11898,768,19555.14,11,Premium,2,77.1,ACH,3,8,7,1
INST_00461,Investment Firm,North America,Professional,40,2474,439.64,18280,209,500.0,12,Standard,2,51.8,Credit Card,9,2,0,1
INST_00462,Insurance Company,North America,Enterprise,11,486,542.54,183749,10,3239.31,14,Standard,5,69.2,Wire Transfer,2,0,4,1
INST_00463,Investment Firm,North America,Enterprise,8,319,221.59,4022,10,2259.96,11,Priority,0,67.9,Invoice,19,9,7,0
INST_00464,Payment Processor,North America,Basic,42,3206,1037.15,54525,65,22421.25,8,Priority,31,77.3,Wire Transfer,8,32,9,0
INST_00465,Credit Union,Europe,Professional,24,16528,819.38,9528,277,2469.26,5,Standard,0,90.7,Invoice,1,8,10,0
INST_00466,Bank,Asia Pacific,Professional,54,16200,1584.19,317145,721,9475.79,9,Standard,1,57.0,Credit Card,5,19,6,1
INST_00467,Payment Processor,Latin America,Professional,23,3520,365.8,24225,8,8099.6,10,Priority,7,55.7,ACH,3,8,7,0
INST_00468,Bank,Asia Pacific,Professional,32,60679,218.03,145884,480,500.0,6,Priority,26,92.6,Credit Card,6,25,4,0
INST_00469,Payment Processor,North America,Professional,43,2547,177.83,7030,119,4453.87,11,Priority,5,77.2,Credit Card,2,27,11,0
INST_00470,Bank,Asia Pacific,Professional,1,2421,583.14,3385,149,500.0,11,Standard,2,80.1,Wire Transfer,0,7,7,0
INST_00471,Payment Processor,North America,Enterprise,35,63,256.57,15500,428,8324.25,7,Standard,1,69.3,Credit Card,2,1,3,0
INST_00472,Bank,North America,Enterprise,22,1523,203.77,32663,3439,1643.39,8,Standard,16,66.1,Credit Card,5,4,5,0
INST_00473,Payment Processor,Asia Pacific,Basic,1,10700,235.58,10238,256,29144.0,7,Standard,0,51.7,Credit Card,0,17,5,0
INST_00474,Credit Union,North America,Professional,17,31130,177.61,68697,12,3747.51,3,Standard,0,79.6,Invoice,13,14,5,0
INST_00475,Payment Processor,Europe,Professional,2,858,512.26,16075,105,1548.3,7,Premium,0,82.9,Credit Card,2,3,3,0
INST_00476,Bank,North America,Basic,31,5963,74.06,970,688,29726.33,8,Priority,4,86.5,Invoice,4,4,6,0
INST_00477,Investment Firm,Asia Pacific,Basic,18,14332,580.34,50474,730,1328.98,10,Standard,18,75.5,Wire Transfer,0,20,5,0
INST_00478,Payment Processor,Asia Pacific,Professional,73,3031,908.56,5861,492,18808.09,9,Priority,5,65.8,Wire Transfer,0,35,9,0
INST_00479,Credit Union,North America,Professional,4,97,200.93,12805,59,9909.93,8,Priority,3,47.0,Credit Card,3,33,2,1
INST_00480,Investment Firm,Asia Pacific,Basic,22,4319,4049.89,226318,12,2840.83,4,Priority,1,66.1,Credit Card,3,31,3,1
INST_00481,Investment Firm,North America,Professional,5,9340,412.05,314650,428,662.51,10,Priority,5,53.4,Credit Card,30,2,0,1
INST_00482,Credit Union,Europe,Professional,22,719,61.95,9290,16,31650.01,4,Standard,4,62.5,ACH,8,4,1,1
INST_00483,Investment Firm,Asia Pacific,Basic,30,2036,287.87,52400,516,10411.81,12,Standard,0,72.7,ACH,6,25,2,0
INST_00484,Investment Firm,Asia Pacific,Basic,30,526,434.93,9619,516,1543.92,7,Standard,0,50.8,ACH,5,31,5,0
INST_00485,Payment Processor,Middle East,Enterprise,40,63,691.43,14323,63,7093.32,10,Standard,6,63.3,Wire Transfer,14,10,9,0
INST_00486,Bank,North America,Basic,46,13911,296.21,8878,121,22231.0,5,Standard,13,59.6,Credit Card,11,17,4,0
INST_00487,Bank,Asia Pacific,Enterprise,1,2964,119.83,1658,212,5814.02,9,Standard,6,70.8,ACH,0,14,4,0
INST_00488,Payment Processor,Europe,Professional,10,32745,108.42,25401,49,7027.58,7,Premium,2,71.5,ACH,1,4,5,0
INST_00489,Payment Processor,Latin America,Professional,27,10785,184.14,33936,12,23109.65,13,Premium,1,76.6,Wire Transfer,1,15,7,0
INST_00490,Credit Union,North America,Basic,16,1752,206.58,8050,138,49310.59,7,Priority,9,45.9,Credit Card,5,15,2,1
INST_00491,Investment Firm,Asia Pacific,Basic,5,2631,103.34,112610,166,4107.63,6,Standard,8,88.5,ACH,9,22,6,1
INST_00492,Bank,Europe,Basic,19,6969,167.44,11451,1719,661.05,13,Premium,13,57.3,Credit Card,14,27,4,1
INST_00493,Bank,North America,Basic,12,12712,890.11,8469,36,696.55,8,Premium,28,69.2,Wire Transfer,27,28,7,0
INST_00494,Credit Union,Europe,Professional,11,4836,2916.37,48521,1015,1743.26,8,Standard,0,61.1,Wire Transfer,9,5,6,0
INST_00495,Credit Union,North America,Basic,39,15652,998.8,2177,18,1209.14,8,Priority,2,60.0,Credit Card,2,22,8,1
INST_00496,Investment Firm,Europe,Professional,12,1910,1933.4,85820,13,500.0,11,Standard,2,95.4,ACH,1,8,6,0
INST_00497,Bank,Latin America,Professional,1,667,1298.47,12049,86,78569.39,8,Premium,5,61.4,Wire Transfer,1,27,3,1
INST_00498,Payment Processor,Europe,Basic,1,2704,1096.37,97142,27,10852.48,8,Standard,0,92.6,Credit Card,5,17,6,1
INST_00499,Payment Processor,Europe,Basic,46,4055,268.98,152085,12,2240.16,5,Standard,2,74.5,Wire Transfer,5,12,3,0
INST_00500,Investment Firm,Europe,Basic,77,491,477.75,57539,4913,4680.8,10,Standard,11,71.6,Credit Card,9,31,5,0
INST_00501,Credit Union,North America,Basic,27,401,243.53,6516,65,500.0,11,Standard,0,60.6,Invoice,1,31,5,0
INST_00502,Bank,North America,Professional,10,5831,310.15,3373,9512,27888.87,9,Standard,11,68.7,ACH,4,33,5,0
INST_00503,Insurance Company,Europe,Professional,66,1620,437.82,2562,24,500.0,3,Priority,1,73.3,Credit Card,11,20,5,0
INST_00504,Investment Firm,North America,Professional,26,2324,949.83,115193,6,10562.25,7,Priority,2,58.2,Wire Transfer,0,24,8,0
INST_00505,Bank,North America,Professional,44,1737,670.48,17994,1516,500.0,10,Priority,8,55.4,Wire Transfer,2,15,2,0
INST_00506,Payment Processor,Europe,Professional,34,29170,332.22,8965,40,2641.2,8,Priority,10,81.4,ACH,0,32,7,0
INST_00507,Insurance Company,North America,Professional,11,19784,431.23,18067,190,31698.77,9,Priority,1,89.1,ACH,6,17,8,0
INST_00508,Payment Processor,North America,Professional,15,465,678.68,111405,12,500.0,6,Standard,3,50.2,Wire Transfer,0,26,6,0
INST_00509,Insurance Company,Europe,Basic,4,1340,898.63,70835,138,3932.13,7,Premium,1,70.8,ACH,14,30,4,0
INST_00510,Investment Firm,North America,Basic,8,10668,65.18,42521,12,12602.57,7,Priority,5,63.9,Wire Transfer,9,15,6,0
INST_00511,Credit Union,Latin America,Professional,36,7353,110.73,57344,129,9860.13,12,Priority,7,69.1,Credit Card,0,30,5,0
INST_00512,Payment Processor,Latin America,Professional,53,2801,1523.51,28861,63,5460.41,13,Premium,2,29.6,Credit Card,8,31,3,0
INST_00513,Payment Processor,Asia Pacific,Professional,30,541,375.01,34654,224,10338.66,8,Premium,4,52.6,ACH,0,0,6,1
INST_00514,Bank,North America,Professional,15,1070,242.53,30685,457,1966.02,7,Premium,5,47.6,Wire Transfer,6,15,5,0
INST_00515,Bank,Asia Pacific,Professional,2,1373,294.06,22024,229,89249.74,8,Standard,3,61.9,Invoice,5,34,9,0
INST_00516,Credit Union,Asia Pacific,Professional,1,4516,293.99,68190,334,500.0,8,Premium,5,83.9,Wire Transfer,16,1,6,1
INST_00517,Insurance Company,Asia Pacific,Professional,11,38391,788.02,37870,121,28088.24,8,Premium,1,62.7,ACH,3,15,5,0
INST_00518,Payment Processor,North America,Professional,14,1063,106.74,5877,67,6530.52,6,Priority,0,83.9,Credit Card,6,29,6,0
INST_00519,Bank,Europe,Professional,22,639,415.6,48694,345,12402.63,8,Priority,0,77.0,ACH,4,17,8,0
INST_00520,Investment Firm,Asia Pacific,Professional,1,2532,542.04,31916,121,16184.66,11,Premium,25,66.4,Invoice,19,26,4,0
INST_00521,Credit Union,Europe,Professional,109,14011,649.06,55111,130,11310.0,7,Standard,0,80.2,Invoice,3,30,4,0
INST_00522,Payment Processor,Europe,Enterprise,10,340,527.12,18839,303,1456.03,4,Standard,3,61.3,Wire Transfer,14,7,2,1
INST_00523,Insurance Company,Europe,Professional,45,26382,749.26,74429,23,3199.01,10,Standard,10,58.0,ACH,2,7,2,0
INST_00524,Insurance Company,Europe,Professional,18,2302,202.91,20088,1945,557.03,7,Premium,13,55.2,Credit Card,1,26,5,1
INST_00525,Credit Union,North America,Professional,3,990,130.3,65239,94,3140.87,7,Standard,2,97.4,Wire Transfer,2,12,4,1
INST_00526,Credit Union,Europe,Professional,38,270,7695.61,11106,185,7972.7,8,Standard,7,59.5,Wire Transfer,2,10,6,1
INST_00527,Bank,North America,Basic,29,8602,281.04,12321,136,12218.33,10,Priority,9,50.3,ACH,5,22,3,0
INST_00528,Bank,Europe,Enterprise,17,2305,323.32,54343,480,8840.97,9,Priority,17,91.8,Wire Transfer,4,34,2,0
INST_00529,Payment Processor,North America,Basic,17,3850,909.97,13391,273,500.0,9,Priority,15,82.8,Credit Card,1,6,9,0
INST_00530,Insurance Company,Europe,Professional,2,771,2738.89,602398,135,2114.85,11,Standard,3,93.0,Wire Transfer,0,25,3,0
INST_00531,Payment Processor,North America,Professional,25,1847,209.89,51517,2013,1820.06,3,Standard,5,61.8,Wire Transfer,3,24,9,0
INST_00532,Payment Processor,Asia Pacific,Enterprise,58,1436,121.68,22865,1,688.66,9,Priority,11,82.5,ACH,0,27,3,0
INST_00533,Investment Firm,Asia Pacific,Basic,2,2563,90.87,75346,1389,1402.62,7,Priority,6,84.3,Wire Transfer,4,19,2,0
INST_00534,Insurance Company,North America,Professional,7,1091,2729.1,10710,777,4924.21,9,Standard,3,76.5,Wire Transfer,4,27,3,0
INST_00535,Payment Processor,North America,Professional,55,298,116.08,87949,5,40973.58,9,Standard,21,64.6,Credit Card,1,0,3,1
INST_00536,Insurance Company,North America,Professional,8,178572,390.31,84360,790,1176.62,8,Standard,42,60.6,Credit Card,14,20,7,1
INST_00537,Bank,Latin America,Basic,25,385,124.87,144394,997,903.89,11,Priority,18,90.9,Credit Card,4,4,5,1
INST_00538,Credit Union,Europe,Professional,18,3913,70.95,11370,407,1999.78,12,Priority,2,83.2,Wire Transfer,46,22,4,0
INST_00539,Bank,Europe,Professional,21,208,284.05,3518,8,8153.48,11,Priority,1,78.8,Credit Card,0,26,5,1
INST_00540,Payment Processor,North America,Basic,12,149,130.93,8819,507,30808.99,8,Priority,4,92.2,Credit Card,7,15,4,0
INST_00541,Investment Firm,Europe,Professional,8,3452,175.92,14437,909,4316.66,10,Standard,10,79.5,Invoice,1,24,3,0
INST_00542,Bank,Latin America,Professional,1,3872,4479.77,268556,52,561.82,10,Standard,2,61.8,ACH,3,34,4,1
INST_00543,Investment Firm,Asia Pacific,Professional,32,19776,671.74,592744,328,773.07,8,Premium,3,75.3,ACH,0,34,4,0
INST_00544,Investment Firm,Europe,Enterprise,32,5427,1233.69,36937,78,6518.65,10,Priority,1,89.1,ACH,0,10,8,0
INST_00545,Credit Union,North America,Professional,26,2381,1085.28,22338,730,21870.23,11,Standard,8,75.2,Credit Card,1,7,5,0
INST_00546,Bank,North America,Enterprise,24,717,357.44,13031,84,74877.81,4,Standard,9,70.3,Credit Card,7,23,6,1
INST_00547,Investment Firm,North America,Enterprise,6,28240,238.02,75889,52,834.14,5,Priority,4,75.2,Wire Transfer,8,17,8,0
INST_00548,Credit Union,North America,Basic,1,12007,543.88,587054,138,6061.19,8,Standard,9,92.5,Wire Transfer,0,3,1,0
INST_00549,Insurance Company,North America,Basic,39,459,493.81,320865,13,1048.62,14,Standard,7,79.4,ACH,0,3,6,0
INST_00550,Credit Union,North America,Professional,16,3155,203.86,121414,115,1276.73,6,Priority,18,70.6,Invoice,14,10,8,0
INST_00551,Payment Processor,North America,Professional,8,3699,471.45,118771,284,1124.43,10,Standard,6,67.0,ACH,6,35,7,0
INST_00552,Investment Firm,Latin America,Professional,2,1774,172.85,76761,710,2976.81,5,Priority,3,73.8,Credit Card,0,12,1,0
INST_00553,Investment Firm,Europe,Professional,1,9487,328.41,20518,232,1308.43,8,Premium,9,95.1,ACH,0,3,4,0
INST_00554,Payment Processor,Asia Pacific,Professional,10,10379,269.79,7296,11,202454.22,5,Priority,0,89.5,ACH,2,12,5,0
INST_00555,Credit Union,Asia Pacific,Professional,39,2240,88.0,21349,1692,2466.33,4,Priority,4,75.1,Credit Card,0,7,3,0
INST_00556,Bank,North America,Basic,60,1956,50.0,41502,1968,21626.34,7,Premium,23,79.1,Wire Transfer,6,12,4,0
INST_00557,Bank,Asia Pacific,Enterprise,54,28238,130.73,2488,181,1827.51,9,Standard,8,87.5,ACH,1,18,8,0
INST_00558,Insurance Company,North America,Professional,60,12079,3515.46,17510,38,140064.85,4,Premium,46,91.7,ACH,3,33,3,0
INST_00559,Investment Firm,Europe,Enterprise,57,3322,278.21,6381,57,8173.05,10,Priority,3,80.5,ACH,2,1,6,0
INST_00560,Insurance Company,North America,Basic,17,258,1023.68,100786,102,17247.07,4,Standard,3,95.1,Wire Transfer,4,26,6,0
INST_00561,Bank,Middle East,Enterprise,5,4994,50.0,9656,245,2025.12,8,Standard,0,77.3,Invoice,13,0,8,1
INST_00562,Bank,North America,Basic,38,8494,120.31,36038,85,21261.66,5,Priority,3,50.4,Credit Card,2,3,5,0
INST_00563,Bank,North America,Basic,5,47,79.41,7707,31,8122.01,8,Premium,1,84.6,Credit Card,3,14,4,0
INST_00564,Credit Union,Latin America,Basic,7,4349,316.47,241965,935,2783.69,5,Standard,3,37.8,Wire Transfer,10,30,6,0
INST_00565,Investment Firm,North America,Professional,6,1595,7378.65,1717,235,972.78,7,Priority,0,53.7,ACH,5,20,7,0
INST_00566,Credit Union,Asia Pacific,Enterprise,17,2140,700.84,44970,22,3441.58,13,Standard,4,42.3,Credit Card,0,23,5,0
INST_00567,Credit Union,Asia Pacific,Professional,9,764,3086.32,3242,250,3026.87,4,Standard,19,60.8,Wire Transfer,0,1,6,0
INST_00568,Payment Processor,Asia Pacific,Enterprise,4,2386,297.28,10259,198,18097.74,6,Standard,10,53.4,Wire Transfer,13,29,5,0
INST_00569,Bank,Middle East,Professional,14,24052,2075.26,30009,40,3469.02,5,Premium,1,24.4,ACH,1,11,2,0
INST_00570,Credit Union,Middle East,Professional,49,1525,4855.7,32306,1275,500.0,10,Standard,2,85.5,Wire Transfer,12,6,1,0
INST_00571,Insurance Company,North America,Enterprise,20,12687,353.81,31066,189,12955.43,7,Standard,2,63.3,ACH,2,1,3,0
INST_00572,Credit Union,Asia Pacific,Basic,50,889,211.22,27656,100,34192.1,6,Standard,0,96.7,Credit Card,3,31,6,1
INST_00573,Investment Firm,Europe,Professional,5,9303,82.98,8410,127,500.0,8,Priority,33,38.2,ACH,24,14,8,1
INST_00574,Payment Processor,Europe,Enterprise,4,2988,278.42,17221,329,73651.22,12,Standard,7,70.3,Wire Transfer,3,27,10,0
INST_00575,Payment Processor,North America,Enterprise,20,5054,445.09,23096,130,39933.77,5,Standard,9,53.6,ACH,18,19,4,0
INST_00576,Bank,Asia Pacific,Enterprise,14,3013,4615.36,29526,128,1907.75,4,Standard,8,48.1,Wire Transfer,5,20,5,0
INST_00577,Payment Processor,Middle East,Enterprise,25,7804,85.29,19959,1011,919.9,7,Standard,4,85.5,Wire Transfer,7,34,8,0
INST_00578,Credit Union,Latin America,Basic,37,63,433.37,65800,11,23848.25,10,Standard,11,45.2,Credit Card,0,24,2,0
INST_00579,Bank,Europe,Enterprise,33,354,50.0,25338,15,629.88,12,Standard,1,74.8,ACH,0,21,4,0
INST_00580,Credit Union,North America,Professional,68,5572,241.75,29791,600,1803.51,7,Premium,3,58.6,Wire Transfer,6,20,7,0
INST_00581,Payment Processor,North America,Enterprise,12,139,586.21,12407,10000,683.55,10,Premium,2,68.6,Wire Transfer,3,19,6,0
INST_00582,Credit Union,Asia Pacific,Professional,5,1344,746.28,4542,718,4958.52,10,Priority,21,33.9,Wire Transfer,8,34,10,1
INST_00583,Bank,Asia Pacific,Professional,19,2747,817.97,27751,4253,44257.39,6,Standard,0,69.0,Wire Transfer,0,12,6,0
INST_00584,Investment Firm,Europe,Professional,2,860,649.94,134748,67,8624.61,7,Standard,0,69.3,ACH,8,1,4,1
INST_00585,Bank,North America,Professional,8,1056,809.57,42864,47,22631.81,13,Standard,21,86.6,Credit Card,5,3,3,0
INST_00586,Bank,Europe,Basic,5,4479,426.19,6462,337,2899.51,6,Standard,8,69.1,ACH,1,28,3,1
INST_00587,Bank,Europe,Enterprise,12,13547,114.73,74765,825,5687.09,6,Priority,7,82.6,Wire Transfer,12,33,4,0
INST_00588,Bank,Latin America,Enterprise,2,707,50.0,13324,14,780.82,10,Standard,11,86.4,Credit Card,17,2,5,1
INST_00589,Bank,Europe,Basic,1,1258,209.34,64342,101,4249.99,4,Premium,17,90.3,Credit Card,3,3,6,1
INST_00590,Bank,North America,Professional,25,995,343.25,12667,141,1605.27,10,Standard,15,69.4,Wire Transfer,3,3,5,1
INST_00591,Investment Firm,Europe,Professional,22,78,1816.59,37419,43,3864.53,10,Standard,15,87.0,Wire Transfer,4,6,7,0
INST_00592,Bank,North America,Professional,29,3686,357.55,10119,53,3485.9,6,Priority,12,76.8,ACH,6,4,5,0
INST_00593,Bank,Middle East,Basic,25,12113,318.66,10513,676,3066.65,7,Premium,0,73.5,ACH,6,13,2,0
INST_00594,Payment Processor,North America,Enterprise,2,13697,640.75,2101,345,115998.84,5,Premium,7,44.5,ACH,3,14,8,0
INST_00595,Credit Union,Europe,Professional,8,807,291.78,47482,624,69655.5,4,Standard,4,93.7,ACH,12,18,3,0
INST_00596,Investment Firm,North America,Professional,3,455,1067.05,38378,272,41118.51,5,Priority,10,89.6,Credit Card,0,28,4,0
INST_00597,Bank,Asia Pacific,Professional,44,3079,4338.14,41758,30,72590.44,13,Standard,21,80.3,Credit Card,1,20,8,0
INST_00598,Bank,Asia Pacific,Basic,32,10341,5591.16,33289,317,41313.89,10,Priority,3,66.0,ACH,6,3,7,1
INST_00599,Bank,Asia Pacific,Professional,5,3760,453.25,7020,26,4752.54,8,Standard,9,71.3,Wire Transfer,6,29,7,0
INST_00600,Bank,North America,Basic,10,4600,604.42,93793,84,4075.04,8,Standard,1,84.5,Invoice,2,26,8,1
INST_00601,Bank,North America,Basic,81,16526,2682.83,97652,22,6996.05,7,Standard,3,83.9,ACH,1,27,7,0
INST_00602,Bank,North America,Professional,21,983,336.99,6752,49,3583.06,8,Standard,8,83.5,Wire Transfer,0,20,3,0
INST_00603,Bank,Asia Pacific,Enterprise,38,2143,911.44,48931,174,1032.7,9,Standard,0,54.4,Wire Transfer,2,15,0,0
INST_00604,Bank,North America,Professional,7,34610,103.32,81837,65,7668.74,9,Priority,13,82.4,ACH,1,6,6,0
INST_00605,Credit Union,Europe,Basic,5,2218,277.83,10881,30,500.0,7,Priority,17,91.5,Wire Transfer,8,34,3,0
INST_00606,Bank,Latin America,Professional,36,445,1615.4,14128,1150,6041.83,13,Premium,14,85.6,Wire Transfer,3,31,2,0
INST_00607,Credit Union,Latin America,Enterprise,27,1092,170.4,49078,119,1105.27,8,Priority,0,73.9,Wire Transfer,4,8,7,0
INST_00608,Credit Union,Europe,Professional,27,729,345.97,2285,57,4352.22,6,Priority,11,70.2,ACH,6,11,7,0
INST_00609,Investment Firm,Europe,Enterprise,19,5093,61.0,4303,21,6547.28,2,Standard,15,56.9,Wire Transfer,1,2,3,0
INST_00610,Bank,North America,Professional,19,777,4477.96,4990,5,2894.94,10,Priority,28,59.9,Wire Transfer,10,26,3,0
INST_00611,Insurance Company,Asia Pacific,Professional,31,4476,1836.53,1488,99,500.0,9,Premium,0,85.2,Wire Transfer,2,23,8,0
INST_00612,Investment Firm,Asia Pacific,Basic,7,988,505.59,112129,12,827.14,10,Standard,5,85.3,ACH,0,28,6,1
INST_00613,Bank,North America,Professional,10,123,741.75,1116,534,9772.87,9,Priority,14,33.1,Wire Transfer,9,3,1,1
INST_00614,Payment Processor,Europe,Professional,49,4721,648.77,36852,156,2129.91,8,Priority,9,61.7,ACH,12,3,2,0
INST_00615,Payment Processor,Asia Pacific,Professional,8,3724,2124.25,74423,2452,11398.93,10,Standard,13,49.3,ACH,1,30,5,0
INST_00616,Bank,Latin America,Enterprise,18,6481,216.47,14180,221,4986.81,11,Priority,8,70.4,ACH,5,24,4,0
INST_00617,Bank,North America,Enterprise,29,1086,971.38,8082,40,3652.81,10,Standard,0,75.1,ACH,5,10,2,0
INST_00618,Insurance Company,Europe,Basic,120,925,1469.83,31234,5,8278.9,11,Priority,14,84.0,Wire Transfer,1,16,8,0
INST_00619,Insurance Company,North America,Basic,13,5443,1734.36,22087,633,1785.86,8,Standard,6,87.9,ACH,2,15,6,0
INST_00620,Bank,North America,Professional,13,29101,50.0,99236,14,8960.6,11,Standard,1,84.0,Credit Card,2,17,8,0
INST_00621,Bank,Latin America,Basic,44,3031,196.54,427,71,2619.5,7,Premium,7,67.3,Wire Transfer,4,13,6,0
INST_00622,Credit Union,Asia Pacific,Professional,39,5635,118.75,5552,3021,220671.03,6,Priority,5,94.5,ACH,3,34,8,0
INST_00623,Credit Union,Asia Pacific,Enterprise,31,1840,482.75,51142,445,897.04,7,Standard,8,56.9,Wire Transfer,5,12,8,0
INST_00624,Investment Firm,North America,Enterprise,14,294,50.0,23757,299,2875.92,11,Priority,4,32.6,Wire Transfer,0,14,6,0
INST_00625,Credit Union,Asia Pacific,Professional,9,12722,50.0,68053,812,3055.32,7,Standard,0,82.6,ACH,1,30,8,0
INST_00626,Credit Union,Europe,Enterprise,22,11644,5454.05,32631,759,646.91,7,Standard,17,92.3,Wire Transfer,0,0,2,1
INST_00627,Insurance Company,North America,Professional,50,8657,846.6,17995,2554,14599.15,8,Standard,8,88.9,ACH,4,28,1,0
INST_00628,Bank,Europe,Basic,51,2268,466.48,13996,50,2583.53,12,Premium,8,43.6,Invoice,2,8,4,0
INST_00629,Bank,North America,Professional,2,7299,624.16,720414,75,500.0,10,Standard,10,69.0,Invoice,17,21,3,1
INST_00630,Insurance Company,Asia Pacific,Professional,13,11391,480.88,220228,28,13942.44,8,Standard,5,74.8,Wire Transfer,1,9,2,0
INST_00631,Payment Processor,Europe,Professional,14,33868,1335.18,46316,139,1892.68,6,Priority,8,53.8,ACH,1,31,8,1
INST_00632,Credit Union,North America,Basic,91,13131,188.87,24777,116,4199.19,5,Standard,1,82.2,Wire Transfer,2,33,6,0
INST_00633,Credit Union,North America,Professional,27,3280,504.69,49374,6,13564.81,5,Standard,4,64.2,ACH,3,6,4,0
INST_00634,Bank,North America,Professional,12,418,530.02,76134,45,2843.92,14,Priority,8,92.4,ACH,4,31,6,0
INST_00635,Credit Union,North America,Enterprise,1,3764,114.87,41284,1979,2809.2,11,Priority,11,52.8,Wire Transfer,2,4,4,0
INST_00636,Credit Union,Europe,Professional,19,4380,1867.54,7136,230,198204.18,5,Premium,24,83.2,Credit Card,5,15,4,0
INST_00637,Bank,Asia Pacific,Professional,2,8634,236.32,320220,537,500.0,7,Standard,13,59.3,ACH,6,0,7,1
INST_00638,Bank,North America,Professional,43,22716,1367.73,31866,119,714.12,3,Standard,0,34.0,Credit Card,6,14,11,0
INST_00639,Credit Union,North America,Basic,33,2584,463.08,451754,4,955.19,11,Priority,1,91.1,ACH,9,2,5,1
INST_00640,Bank,Europe,Professional,14,69666,2864.94,29164,117,71936.14,4,Priority,7,85.0,ACH,0,23,5,0
INST_00641,Bank,Asia Pacific,Enterprise,13,212,115.62,15237,967,1868.85,16,Premium,0,55.1,ACH,6,24,8,1
INST_00642,Bank,North America,Professional,54,5591,109.76,175643,17,7046.69,12,Priority,37,55.1,Wire Transfer,1,4,6,0
INST_00643,Bank,North America,Enterprise,8,899,136.07,34605,569,2413.62,4,Priority,4,83.4,Wire Transfer,6,28,4,0
INST_00644,Bank,Europe,Basic,6,170,473.41,26906,6,12146.55,5,Priority,8,71.0,Wire Transfer,0,7,6,0
INST_00645,Payment Processor,North America,Basic,67,2202,2565.12,3638,153,4821.93,9,Standard,0,60.3,Credit Card,1,10,8,0
INST_00646,Investment Firm,North America,Enterprise,39,335,2729.06,59297,395,7184.27,7,Standard,3,63.7,Wire Transfer,3,4,5,0
INST_00647,Investment Firm,Asia Pacific,Enterprise,41,2339,50.0,10509,84,33889.81,7,Standard,1,74.0,Wire Transfer,4,30,3,0
INST_00648,Insurance Company,Europe,Enterprise,5,3140,544.38,11252,10000,9512.9,6,Priority,0,43.2,Wire Transfer,14,17,8,0
INST_00649,Credit Union,Europe,Professional,3,15959,50.0,10553,61,1631.73,6,Priority,7,75.0,Credit Card,1,30,3,1
INST_00650,Bank,Asia Pacific,Enterprise,1,310,1047.37,42554,52,7848.68,8,Priority,26,77.5,Credit Card,3,15,4,1
INST_00651,Credit Union,Asia Pacific,Enterprise,6,11645,1543.49,2201,214,184975.59,8,Standard,2,85.5,Credit Card,3,14,4,0
INST_00652,Investment Firm,North America,Enterprise,35,3453,384.41,16054,38,11469.6,10,Standard,18,72.8,Wire Transfer,5,16,4,0
INST_00653,Insurance Company,North America,Professional,6,13950,446.2,95838,11,6172.53,12,Standard,0,66.0,Credit Card,1,17,10,0
INST_00654,Credit Union,North America,Professional,31,1559,440.7,3399,20,629.02,8,Priority,7,71.3,Wire Transfer,13,13,6,0
INST_00655,Bank,North America,Enterprise,6,404,157.38,28547,580,14568.66,11,Standard,5,56.6,Credit Card,26,16,6,0
INST_00656,Bank,Asia Pacific,Professional,12,479,677.25,8543,85,18184.78,11,Premium,3,60.5,Invoice,10,17,6,1
INST_00657,Credit Union,Latin America,Professional,98,429,305.61,12021,3176,7856.41,8,Standard,3,41.4,Invoice,6,35,2,1
INST_00658,Investment Firm,Middle East,Professional,6,6104,1231.95,263742,67,5832.15,10,Priority,6,79.4,Wire Transfer,5,22,3,0
INST_00659,Investment Firm,Europe,Professional,11,27320,352.01,1852,533,344141.96,10,Premium,5,84.4,ACH,6,30,5,0
INST_00660,Credit Union,North America,Professional,8,1277,143.56,69455,372,17732.27,9,Priority,4,85.3,ACH,4,17,3,0
INST_00661,Payment Processor,North America,Basic,2,7659,63.88,10754,65,31572.52,7,Standard,28,84.8,ACH,1,21,8,0
INST_00662,Investment Firm,Asia Pacific,Enterprise,16,303,50.0,9981,30,5433.42,4,Standard,10,84.3,ACH,11,1,5,1
INST_00663,Bank,Europe,Professional,11,3906,1948.88,4157,6,4034.38,7,Standard,1,70.4,Wire Transfer,5,10,4,1
INST_00664,Bank,Europe,Professional,28,8126,232.91,68244,401,12684.66,7,Standard,17,70.8,Wire Transfer,0,28,9,0
INST_00665,Bank,Asia Pacific,Basic,40,339,605.64,16529,1282,4028.65,8,Priority,4,62.7,Credit Card,3,12,5,1
INST_00666,Bank,Asia Pacific,Basic,18,2195,3428.49,13677,8,4556.68,6,Priority,0,70.9,Invoice,2,26,5,0
INST_00667,Bank,Asia Pacific,Basic,1,8724,205.33,25971,76,9845.88,9,Priority,10,79.1,Credit Card,0,1,1,1
INST_00668,Bank,North America,Professional,23,36,190.0,17061,44,2277.39,8,Standard,3,95.5,Credit Card,2,20,7,0
INST_00669,Bank,Asia Pacific,Basic,1,22096,344.26,1095,400,6840.48,6,Premium,47,86.2,Wire Transfer,1,35,8,1
INST_00670,Bank,Latin America,Enterprise,22,5067,417.93,10548,82,5542.09,9,Priority,5,83.6,Credit Card,0,25,6,0
INST_00671,Payment Processor,North America,Basic,27,8734,3885.71,84386,1605,20963.51,9,Standard,2,87.3,ACH,0,25,4,0
INST_00672,Bank,Europe,Basic,5,1605,2641.19,2298,74,1964.57,5,Standard,9,80.0,Credit Card,1,17,6,0
INST_00673,Credit Union,North America,Basic,41,224,849.84,4294,16,500.0,12,Priority,2,50.4,ACH,0,10,2,1
INST_00674,Credit Union,Middle East,Basic,58,6641,2296.86,11612,63,3084.2,10,Standard,0,62.6,Invoice,9,14,3,0
INST_00675,Payment Processor,North America,Professional,40,2633,325.75,7417,77,8918.91,5,Standard,0,89.4,ACH,18,18,5,0
INST_00676,Bank,Europe,Enterprise,8,3128,577.67,21124,382,20871.94,6,Standard,7,48.3,ACH,3,25,8,0
INST_00677,Credit Union,North America,Professional,21,15235,280.95,4274,75,1738.43,14,Standard,1,70.0,ACH,4,5,4,0
INST_00678,Payment Processor,Asia Pacific,Basic,59,9349,85.76,12310,327,11082.8,8,Standard,1,58.0,Credit Card,14,13,4,0
INST_00679,Payment Processor,North America,Basic,9,53202,1710.69,20496,35,26976.77,5,Standard,1,72.5,Wire Transfer,6,30,2,0
INST_00680,Insurance Company,North America,Professional,41,3754,763.6,58303,87,15166.98,12,Standard,2,64.0,ACH,3,0,2,1
INST_00681,Bank,Europe,Enterprise,1,1056,412.27,142512,36,1501.24,10,Standard,9,91.0,Credit Card,2,29,6,0
INST_00682,Bank,Latin America,Basic,1,2247,402.24,14878,32,1763.68,4,Standard,5,73.5,Credit Card,6,1,5,1
INST_00683,Investment Firm,North America,Professional,34,5560,66.19,374029,1472,9438.05,7,Priority,1,87.2,Wire Transfer,1,27,7,0
INST_00684,Payment Processor,North America,Professional,34,13681,124.84,16716,40,56275.27,10,Standard,1,79.7,Wire Transfer,6,35,6,0
INST_00685,Investment Firm,Asia Pacific,Basic,37,330,603.89,76367,79,5020.31,9,Standard,3,94.5,Credit Card,0,26,4,1
INST_00686,Investment Firm,Europe,Professional,63,3019,213.81,399217,972,3835.32,14,Standard,39,77.6,ACH,3,19,8,0
INST_00687,Bank,Latin America,Basic,3,33333,310.67,27145,572,629.91,7,Standard,1,77.3,ACH,0,4,8,0
INST_00688,Insurance Company,North America,Professional,6,2079,355.82,2806,2847,2845.72,8,Priority,11,89.6,ACH,6,2,3,0
INST_00689,Bank,Europe,Basic,56,12046,177.87,25244,353,1681.0,5,Priority,14,72.8,Invoice,17,14,4,1
INST_00690,Bank,North America,Professional,4,6245,126.28,8800,50,5119.43,5,Standard,21,79.2,ACH,5,14,3,1
INST_00691,Credit Union,North America,Basic,27,12503,58.27,14593,6020,508.14,7,Premium,6,53.5,ACH,6,8,1,1
INST_00692,Credit Union,Asia Pacific,Enterprise,18,884,338.38,432555,423,3002.24,9,Standard,0,70.0,Wire Transfer,0,14,5,0
INST_00693,Bank,Europe,Basic,2,890,847.53,3518,112,1082.03,5,Standard,0,88.6,ACH,3,10,6,1
INST_00694,Bank,Asia Pacific,Enterprise,8,3072,56.13,34568,164,20137.6,6,Standard,4,99.2,Wire Transfer,7,2,4,0
INST_00695,Investment Firm,North America,Enterprise,17,299,391.95,5904,204,1354.57,7,Standard,3,83.4,ACH,9,16,4,0
INST_00696,Bank,Europe,Enterprise,45,1989,565.31,13884,96,2082.82,5,Standard,13,84.5,Credit Card,18,17,3,0
INST_00697,Investment Firm,Europe,Professional,29,4356,123.04,67323,12,7503.99,5,Premium,6,53.8,ACH,6,25,5,0
INST_00698,Bank,Middle East,Professional,23,43345,2222.9,35498,2774,2488.48,5,Standard,12,65.2,ACH,4,19,5,0
INST_00699,Credit Union,North America,Professional,16,5453,253.95,15716,142,169257.91,10,Standard,5,64.5,Credit Card,8,32,4,1
INST_00700,Credit Union,North America,Basic,8,7614,357.27,8310,206,19846.3,9,Priority,1,77.5,Credit Card,1,12,5,0
INST_00701,Bank,North America,Professional,3,17097,332.45,35387,6252,5043.27,9,Standard,1,37.6,ACH,10,7,4,0
INST_00702,Bank,Europe,Basic,12,701,50.0,285366,43,8536.89,6,Priority,3,81.2,ACH,7,2,5,1
INST_00703,Bank,North America,Enterprise,1,2327,1353.57,5698,482,500.0,7,Standard,0,88.0,Credit Card,0,13,6,0
INST_00704,Bank,Latin America,Basic,5,113336,128.17,387509,35,31181.73,11,Standard,4,93.6,Credit Card,9,1,7,1
INST_00705,Payment Processor,North America,Professional,13,2647,303.74,133151,264,10591.9,6,Standard,2,47.1,Wire Transfer,8,17,4,0
INST_00706,Bank,Latin America,Professional,13,15909,826.49,171790,213,4403.98,4,Standard,0,87.9,Invoice,12,32,3,0
INST_00707,Insurance Company,North America,Professional,1,12652,2328.74,34984,615,11484.74,10,Priority,4,91.3,Wire Transfer,11,19,8,1
INST_00708,Bank,Asia Pacific,Professional,21,324,110.4,127604,1305,13791.03,10,Standard,7,54.5,Credit Card,1,23,6,1
INST_00709,Investment Firm,Latin America,Basic,19,4749,236.09,4850,52,2631.85,14,Standard,0,76.3,ACH,3,31,9,0
INST_00710,Insurance Company,North America,Professional,1,3714,2119.43,8086,1900,8692.74,11,Standard,6,86.7,Wire Transfer,8,4,6,1
INST_00711,Investment Firm,Middle East,Basic,68,4889,703.77,69474,2159,23696.6,6,Priority,20,41.2,ACH,7,19,7,1
INST_00712,Credit Union,Europe,Enterprise,2,961,902.71,34329,94,9723.94,10,Standard,3,47.6,Credit Card,8,12,7,1
INST_00713,Credit Union,Latin America,Professional,46,558,114.28,17631,146,3364.69,8,Priority,28,79.4,ACH,1,21,3,0
INST_00714,Bank,Asia Pacific,Enterprise,1,1459,255.94,515,60,7669.27,9,Standard,10,58.7,Invoice,7,4,6,0
INST_00715,Payment Processor,North America,Basic,51,2574,329.84,11461,85,39079.71,7,Standard,0,74.1,ACH,0,12,6,0
INST_00716,Insurance Company,North America,Basic,1,17632,144.1,3785,17,15930.07,12,Priority,20,66.8,Credit Card,3,25,5,1
INST_00717,Payment Processor,North America,Basic,34,45522,54.08,46179,601,858.68,13,Priority,4,53.2,ACH,0,20,6,0
INST_00718,Bank,North America,Basic,10,24219,218.63,16535,3,11849.32,8,Premium,6,51.9,ACH,3,26,4,1
INST_00719,Insurance Company,North America,Basic,32,10832,2049.08,8583,42,9713.16,12,Standard,6,61.2,ACH,1,16,11,0
INST_00720,Payment Processor,North America,Professional,12,660,433.12,1160504,136,28174.44,7,Premium,3,70.7,Invoice,3,6,4,0
INST_00721,Bank,Europe,Basic,1,1614,2098.86,104533,1540,5162.77,10,Priority,4,48.9,Invoice,6,8,5,0
INST_00722,Bank,Asia Pacific,Professional,35,4084,500.11,107345,55,2824.23,9,Premium,5,67.9,Credit Card,0,27,5,0
INST_00723,Insurance Company,North America,Enterprise,1,1154,161.15,599183,320,631.28,4,Priority,23,76.6,ACH,1,12,4,0
INST_00724,Investment Firm,North America,Professional,61,7085,1868.97,73371,128,1733.87,5,Priority,1,85.7,Invoice,0,14,7,0
INST_00725,Insurance Company,Europe,Professional,1,8784,520.5,6929,813,30089.1,8,Priority,17,68.0,Wire Transfer,1,29,8,0
INST_00726,Bank,North America,Professional,15,6663,1279.48,5814,291,6613.94,6,Standard,26,72.2,Invoice,4,7,6,0
INST_00727,Insurance Company,North America,Professional,30,13873,111.94,93653,661,4231.53,7,Priority,3,76.7,Invoice,0,29,3,0
INST_00728,Bank,North America,Basic,11,767,1403.2,1003,55,34318.36,5,Priority,1,92.1,ACH,6,4,3,0
INST_00729,Bank,Latin America,Professional,5,12079,1454.86,19600,23,25195.07,1,Premium,4,85.2,Invoice,1,5,8,0
INST_00730,Bank,Asia Pacific,Professional,34,1049,571.19,848,287,1630.08,4,Standard,0,75.2,ACH,16,12,3,0
INST_00731,Insurance Company,North America,Enterprise,36,726,153.19,25546,61,29777.09,8,Premium,12,32.8,ACH,13,29,2,0
INST_00732,Investment Firm,Asia Pacific,Professional,61,6622,381.76,79308,156,500.0,4,Premium,2,87.6,Wire Transfer,6,26,8,0
INST_00733,Credit Union,Europe,Professional,11,18468,840.12,33494,262,9791.96,7,Standard,2,86.2,ACH,7,27,5,1
INST_00734,Credit Union,Asia Pacific,Professional,16,6198,534.58,89963,1387,8200.6,2,Standard,7,56.7,ACH,6,6,6,1
INST_00735,Payment Processor,Asia Pacific,Basic,10,3075,829.9,419676,611,27575.22,5,Priority,5,51.9,Wire Transfer,6,35,5,1
INST_00736,Credit Union,Europe,Professional,7,4746,1359.26,17759,43,8703.82,11,Priority,6,95.2,Wire Transfer,0,3,8,0
INST_00737,Insurance Company,North America,Professional,33,3657,185.28,1485818,18,3405.54,9,Priority,4,72.8,ACH,13,3,9,0
INST_00738,Credit Union,North America,Basic,9,550,100.88,30303,3207,3833.97,9,Priority,4,73.8,Invoice,8,12,5,0
INST_00739,Credit Union,Europe,Basic,13,462,385.66,91468,8,279253.01,3,Priority,2,97.5,ACH,4,19,7,1
INST_00740,Credit Union,Latin America,Basic,12,2648,271.59,8807,65,5563.38,12,Standard,2,83.2,Wire Transfer,0,27,5,1
INST_00741,Bank,Europe,Professional,29,3360,1035.89,249938,474,12035.47,7,Premium,35,71.6,ACH,7,23,3,0
INST_00742,Insurance Company,Asia Pacific,Basic,59,3032,111.12,105089,2834,500.0,9,Standard,3,56.1,ACH,11,31,4,0
INST_00743,Credit Union,Middle East,Professional,26,8218,1372.59,200220,105,1420.78,7,Standard,4,85.8,ACH,3,21,6,0
INST_00744,Bank,North America,Professional,15,2157,2047.42,23902,155,10701.64,13,Standard,3,79.7,Wire Transfer,0,2,6,1
INST_00745,Payment Processor,Asia Pacific,Professional,36,6935,403.58,3350,30,500.0,10,Priority,9,62.4,ACH,17,16,5,1
INST_00746,Credit Union,Asia Pacific,Enterprise,24,2399,433.93,43940,186,11204.81,8,Premium,1,67.8,Wire Transfer,0,27,10,1
INST_00747,Credit Union,Middle East,Enterprise,1,45937,160.6,1727,18,1656.25,9,Standard,0,87.0,Credit Card,7,17,9,1
INST_00748,Payment Processor,Middle East,Professional,2,3364,210.36,13302,38,1042.34,8,Standard,25,75.6,ACH,20,4,6,0
INST_00749,Investment Firm,Asia Pacific,Basic,1,99816,247.15,29337,586,1647.06,9,Standard,5,82.6,ACH,1,25,6,1
INST_00750,Bank,North America,Professional,14,5054,2279.08,779054,68,48596.57,10,Premium,5,29.9,Wire Transfer,0,26,5,1
INST_00751,Payment Processor,Asia Pacific,Professional,41,2163,370.09,35518,773,8104.11,6,Priority,4,48.6,Wire Transfer,8,27,5,0
INST_00752,Investment Firm,North America,Professional,9,773,82.55,27154,112,1254.32,12,Standard,0,74.8,ACH,0,12,2,0
INST_00753,Bank,Asia Pacific,Professional,11,342,548.08,20039,12,15725.04,8,Priority,7,65.0,ACH,3,24,3,0
INST_00754,Bank,Latin America,Basic,57,673,1087.4,2942,1215,17061.97,5,Priority,5,57.6,Credit Card,6,26,3,1
INST_00755,Insurance Company,North America,Professional,43,796,391.31,25052,13,2773.98,12,Standard,1,80.1,ACH,5,13,10,0
INST_00756,Investment Firm,Europe,Basic,26,5389,2352.08,25701,50,20718.05,11,Standard,5,89.8,Wire Transfer,4,14,6,0
INST_00757,Credit Union,Europe,Professional,7,1353,1025.58,5151,103,22250.6,9,Standard,1,78.6,Wire Transfer,1,17,5,0
INST_00758,Payment Processor,Europe,Professional,2,3945,114.55,3714,907,17623.67,6,Priority,7,82.6,Wire Transfer,1,21,3,0
INST_00759,Insurance Company,North America,Professional,1,20393,208.15,10696,57,1788.93,5,Priority,7,70.6,ACH,2,10,2,0
INST_00760,Bank,Asia Pacific,Basic,2,2613,529.26,24279,27,838.34,12,Standard,2,61.4,ACH,5,5,5,1
INST_00761,Bank,Latin America,Professional,8,67422,54.63,11088,198,500.0,7,Standard,0,82.3,ACH,5,8,5,0
INST_00762,Bank,Latin America,Professional,19,510,604.03,4553,100,1838.54,10,Priority,11,74.7,Invoice,0,19,5,1
INST_00763,Insurance Company,North America,Basic,1,2378,50.0,33992,63,2830.71,8,Priority,7,69.1,ACH,0,26,14,1
INST_00764,Bank,Latin America,Professional,3,1327,1377.63,49429,219,3198.21,5,Premium,6,87.0,ACH,0,31,6,0
INST_00765,Investment Firm,Asia Pacific,Professional,4,12146,1198.38,26421,17,4578.81,9,Priority,6,72.0,Credit Card,5,32,6,1
INST_00766,Insurance Company,North America,Professional,23,103,739.33,9466,6,66136.95,12,Standard,8,41.3,Wire Transfer,0,20,10,0
INST_00767,Payment Processor,North America,Professional,22,342,179.28,53758,6972,2953.17,7,Premium,1,69.3,ACH,1,31,9,0
INST_00768,Bank,North America,Professional,19,2537,494.84,16550,179,4568.04,9,Standard,3,68.7,Wire Transfer,3,9,3,0
INST_00769,Insurance Company,Latin America,Professional,6,30548,217.88,3701,203,500.0,10,Standard,1,59.3,ACH,4,15,6,1
INST_00770,Bank,Europe,Professional,11,4182,117.1,104231,36,138962.2,13,Premium,0,98.6,Wire Transfer,3,7,6,0
INST_00771,Insurance Company,Asia Pacific,Professional,2,392,268.68,37431,746,682.76,8,Premium,16,60.3,Wire Transfer,12,4,5,1
INST_00772,Bank,North America,Professional,6,494,932.55,18417,56,1702.27,7,Priority,0,60.6,Credit Card,2,24,8,0
INST_00773,Credit Union,Asia Pacific,Basic,54,36661,425.21,2086,1,13954.86,9,Standard,0,45.8,Credit Card,0,8,5,0
INST_00774,Insurance Company,North America,Basic,93,1174,2300.43,7206,53,7110.22,6,Standard,2,56.0,Wire Transfer,0,20,9,0
INST_00775,Bank,North America,Basic,25,724,1011.24,454907,89,57802.04,3,Premium,2,76.3,ACH,3,2,7,0
INST_00776,Bank,Europe,Professional,59,27338,889.29,2292,109,14472.72,5,Premium,0,69.3,Wire Transfer,4,5,5,0
INST_00777,Insurance Company,North America,Professional,24,13583,58.52,15107,103,4350.62,7,Premium,10,56.2,Wire Transfer,4,11,6,0
INST_00778,Insurance Company,Asia Pacific,Professional,1,20152,286.52,21493,46,23532.22,7,Standard,0,59.6,ACH,1,14,0,1
INST_00779,Investment Firm,North America,Basic,120,716,112.48,35621,39,28056.12,10,Priority,0,73.7,Credit Card,0,9,2,1
INST_00780,Investment Firm,Asia Pacific,Enterprise,2,302,323.89,2331,86,1825.78,6,Priority,0,80.3,Wire Transfer,10,26,8,1
INST_00781,Credit Union,Europe,Professional,27,3640,175.58,28602,7,20838.22,9,Premium,7,92.2,Wire Transfer,2,2,8,0
INST_00782,Bank,Europe,Enterprise,6,4928,256.43,1756,4,3521.38,9,Priority,1,53.2,Wire Transfer,0,20,7,0
INST_00783,Bank,North America,Professional,11,5150,1441.44,25492,177,4208.17,8,Standard,6,65.0,ACH,5,0,6,1
INST_00784,Bank,North America,Professional,24,27372,713.58,8278,182,6089.98,4,Priority,1,45.0,ACH,5,32,5,0
INST_00785,Payment Processor,Latin America,Basic,13,221,1350.91,6010,722,2776.17,8,Standard,12,86.4,Wire Transfer,4,22,4,0
INST_00786,Investment Firm,North America,Basic,6,10824,59.1,77051,93,2560.9,7,Standard,1,68.3,Wire Transfer,1,24,5,1
INST_00787,Credit Union,Asia Pacific,Basic,9,575,432.49,15468,17,21527.39,8,Priority,3,46.6,ACH,9,25,7,0
INST_00788,Credit Union,Middle East,Professional,10,10760,1286.97,44827,4,500.0,10,Priority,5,85.8,Wire Transfer,0,19,7,0
INST_00789,Payment Processor,North America,Professional,76,1462,2459.11,47109,29,999.8,7,Priority,14,76.2,Credit Card,0,4,2,0
INST_00790,Bank,North America,Professional,38,879,62.95,147994,317,13522.37,11,Standard,1,77.3,Wire Transfer,2,15,7,0
INST_00791,Investment Firm,Asia Pacific,Professional,14,1194,264.6,3596,1987,4405.68,9,Standard,6,92.3,ACH,11,26,5,0
INST_00792,Credit Union,Middle East,Enterprise,5,340,1395.59,87423,163,21747.82,7,Standard,0,74.8,ACH,8,35,4,1
INST_00793,Investment Firm,Latin America,Basic,39,3167,320.3,22577,16,8407.66,4,Priority,10,86.4,Credit Card,11,11,8,0
INST_00794,Bank,Europe,Basic,4,935,135.3,12491,30,664.77,7,Standard,5,76.6,Invoice,6,22,3,1
INST_00795,Payment Processor,Asia Pacific,Professional,5,9695,62.8,3928,32,5400.53,7,Premium,20,75.0,Wire Transfer,4,35,9,1
INST_00796,Payment Processor,North America,Professional,10,7786,129.23,54714,71,10957.96,8,Priority,10,35.0,Invoice,7,20,6,0
INST_00797,Investment Firm,Middle East,Professional,50,37505,53.16,5522,1116,6981.78,9,Standard,3,56.3,ACH,1,28,3,0
INST_00798,Investment Firm,Middle East,Professional,3,5164,432.75,47892,1284,2434.72,6,Premium,3,79.7,Credit Card,0,21,11,0
INST_00799,Payment Processor,North America,Basic,3,6509,1182.72,397021,108,3258.72,15,Standard,0,70.3,Invoice,13,15,8,0
INST_00800,Insurance Company,North America,Professional,16,24346,88.84,95794,206,2121.49,7,Premium,12,64.4,Credit Card,9,24,5,1
INST_00801,Bank,North America,Enterprise,7,1162,549.65,177575,35,673.31,6,Priority,11,53.0,Credit Card,2,31,5,0
INST_00802,Investment Firm,North America,Basic,20,319,1112.46,7491,6,547.79,12,Priority,5,64.4,Wire Transfer,7,28,5,1
INST_00803,Investment Firm,Asia Pacific,Enterprise,14,4024,402.12,69154,3710,8822.24,8,Standard,3,67.6,Credit Card,3,31,3,0
INST_00804,Credit Union,North America,Enterprise,13,352,58.39,3958,2,1329.84,10,Standard,11,78.9,Credit Card,0,34,4,0
INST_00805,Insurance Company,North America,Basic,2,118291,641.27,15518,5,11653.92,11,Standard,6,77.2,Wire Transfer,0,26,3,1
INST_00806,Payment Processor,North America,Basic,3,26456,377.82,300111,3765,2013.03,11,Standard,1,91.5,Wire Transfer,3,30,6,1
INST_00807,Payment Processor,Middle East,Professional,41,76570,334.35,8850,152,685.59,7,Priority,1,85.5,Invoice,4,9,7,0
INST_00808,Credit Union,Europe,Professional,52,3273,209.31,116661,19,2665.33,11,Standard,6,71.1,Wire Transfer,8,5,3,1
INST_00809,Bank,Europe,Professional,6,6808,447.71,101060,507,113727.72,8,Standard,7,54.5,Invoice,4,13,6,0
INST_00810,Payment Processor,North America,Professional,2,1496,743.81,110427,596,4258.12,13,Standard,0,86.6,Credit Card,4,11,6,0
INST_00811,Insurance Company,Middle East,Professional,1,11208,7106.59,3292,13,12949.34,8,Priority,12,62.8,Wire Transfer,28,14,5,1
INST_00812,Bank,Asia Pacific,Basic,22,481,461.65,48426,56,6330.95,8,Standard,4,71.6,ACH,0,5,4,1
INST_00813,Payment Processor,North America,Enterprise,30,65,2473.45,17415,718,597.17,14,Standard,1,79.2,Wire Transfer,2,15,5,0
INST_00814,Payment Processor,North America,Professional,11,910,619.74,112729,34,43193.48,13,Standard,5,69.0,Credit Card,13,29,6,1
INST_00815,Credit Union,North America,Professional,27,335,358.01,1839,246,3388.92,8,Standard,14,72.3,ACH,2,1,9,0
INST_00816,Investment Firm,North America,Enterprise,29,27361,482.15,38241,1928,688.3,10,Priority,0,87.4,ACH,1,9,6,0
INST_00817,Credit Union,Europe,Professional,65,45411,93.12,30932,2,2279.36,6,Priority,1,34.8,Wire Transfer,2,14,4,0
INST_00818,Bank,Latin America,Basic,1,363,582.33,1113,80,3607.01,8,Priority,5,75.4,Wire Transfer,7,20,3,1
INST_00819,Bank,Europe,Professional,5,20693,50.0,5836,237,15126.74,8,Standard,0,92.4,ACH,7,15,4,0
INST_00820,Insurance Company,Asia Pacific,Professional,1,12420,143.28,1414,5,1770.21,9,Standard,1,69.2,Invoice,2,1,3,1
INST_00821,Bank,Europe,Basic,48,282,460.27,7409,57,250325.76,5,Standard,1,84.2,ACH,0,22,5,1
INST_00822,Bank,Asia Pacific,Enterprise,37,1660,1690.5,50202,972,1205.01,6,Priority,15,72.7,Wire Transfer,16,25,3,0
INST_00823,Credit Union,Asia Pacific,Basic,20,1248,2245.65,29526,41,12307.85,7,Standard,5,50.7,Credit Card,1,4,5,0
INST_00824,Credit Union,North America,Professional,2,9154,303.73,28398,10,500.0,9,Standard,7,66.5,Credit Card,13,0,2,0
INST_00825,Payment Processor,North America,Professional,7,471,486.32,4630,1136,4082.45,8,Standard,0,70.3,Wire Transfer,2,19,6,0
INST_00826,Bank,Europe,Basic,8,2570,1314.53,118264,330,8525.79,10,Standard,3,91.8,Invoice,22,31,6,1
INST_00827,Bank,North America,Enterprise,19,1065,81.83,21413,131,916.56,9,Priority,4,56.6,ACH,1,26,6,0
INST_00828,Insurance Company,North America,Enterprise,7,6063,655.7,23168,124,46563.31,13,Priority,12,72.1,ACH,5,18,4,1
INST_00829,Credit Union,Europe,Professional,1,2153,149.39,90273,944,9430.6,8,Standard,1,44.6,Wire Transfer,8,12,6,1
INST_00830,Bank,Middle East,Basic,31,1335,328.26,4978,252,3051.96,8,Standard,0,46.5,Credit Card,2,0,2,1
INST_00831,Credit Union,Europe,Basic,8,2164,232.57,31033,474,9279.07,9,Standard,12,79.1,ACH,0,28,9,0
INST_00832,Bank,Asia Pacific,Professional,14,63200,680.23,41572,42,2018.34,9,Standard,1,86.3,Credit Card,0,8,4,0
INST_00833,Bank,Europe,Basic,3,1595,780.84,9717,4,32114.72,6,Standard,8,49.6,Credit Card,1,35,2,1
INST_00834,Credit Union,Asia Pacific,Professional,38,625,1175.32,58604,454,22537.77,5,Priority,0,65.8,ACH,0,2,8,1
INST_00835,Credit Union,Europe,Enterprise,20,7152,612.68,45057,1076,8604.88,5,Priority,7,80.4,ACH,10,31,5,0
INST_00836,Payment Processor,Latin America,Professional,55,2403,495.71,18924,99,12302.26,7,Standard,3,79.3,ACH,6,8,6,0
INST_00837,Credit Union,Europe,Enterprise,16,356,3732.48,18065,733,536.04,7,Premium,18,92.6,Credit Card,5,32,5,0
INST_00838,Investment Firm,Europe,Professional,68,84731,64.77,48306,81,44374.38,9,Priority,1,62.2,Credit Card,5,15,7,0
INST_00839,Investment Firm,Europe,Professional,53,1756,3086.31,71876,126,4234.26,5,Standard,0,87.2,ACH,5,8,4,0
INST_00840,Bank,Europe,Enterprise,20,1691,284.92,24205,3478,22869.71,10,Standard,5,36.9,Wire Transfer,0,3,2,0
INST_00841,Investment Firm,North America,Professional,65,3788,800.37,118217,87,15134.97,5,Premium,17,93.8,ACH,4,4,3,0
INST_00842,Bank,North America,Enterprise,9,39941,272.93,59147,78,22349.79,7,Standard,1,73.2,ACH,2,33,5,0
INST_00843,Payment Processor,North America,Basic,10,239,173.63,1506,5,1020.81,7,Standard,12,62.0,Wire Transfer,0,10,4,1
INST_00844,Bank,Latin America,Basic,1,4509,721.62,2677,513,1235.52,8,Priority,2,84.2,Credit Card,5,34,4,0
INST_00845,Credit Union,North America,Enterprise,21,68248,1408.89,129748,41,143259.39,4,Standard,0,45.5,Wire Transfer,2,29,4,0
INST_00846,Bank,North America,Professional,30,3615,711.67,15212,193,503.2,7,Standard,6,62.2,Wire Transfer,1,26,3,0
INST_00847,Payment Processor,Asia Pacific,Enterprise,35,467,210.49,28177,84,947.27,13,Standard,5,67.6,Wire Transfer,6,25,10,0
INST_00848,Credit Union,North America,Enterprise,3,1178,30749.23,121653,66,5244.14,8,Priority,12,82.6,Wire Transfer,0,32,7,0
INST_00849,Investment Firm,Europe,Basic,14,4065,1699.84,21815,120,5257.81,9,Priority,0,43.2,Wire Transfer,2,8,4,0
INST_00850,Bank,North America,Professional,4,21943,1236.46,23292,137,2186.32,7,Priority,7,70.7,ACH,1,32,3,0
INST_00851,Insurance Company,Middle East,Professional,26,1791,264.13,5984,1232,12383.48,4,Priority,6,80.6,ACH,0,16,4,0
INST_00852,Bank,Latin America,Professional,4,10300,190.53,38368,2290,19017.7,11,Standard,36,87.3,Wire Transfer,0,27,5,1
INST_00853,Payment Processor,Latin America,Professional,56,346,288.36,53091,478,4782.64,8,Priority,2,74.7,Wire Transfer,1,28,4,0
INST_00854,Bank,Europe,Basic,6,341,1476.88,9257,1463,3285.47,10,Premium,0,88.8,ACH,0,30,5,0
INST_00855,Bank,Asia Pacific,Professional,8,1444,122.89,5524,690,4753.36,8,Priority,3,82.3,Wire Transfer,4,16,8,1
INST_00856,Bank,North America,Professional,45,25771,111.96,1131929,361,2330.78,8,Standard,4,77.8,Credit Card,3,9,5,0
INST_00857,Credit Union,North America,Basic,14,3305,770.82,19161,2037,500.0,7,Premium,3,75.6,ACH,9,31,3,0
INST_00858,Investment Firm,North America,Enterprise,1,4604,591.72,7898,14,7718.59,6,Standard,6,69.9,Wire Transfer,7,2,2,0
INST_00859,Bank,Europe,Professional,16,4523,160.07,63568,43,15502.45,8,Standard,2,48.7,ACH,19,20,5,1
INST_00860,Insurance Company,Europe,Enterprise,2,15737,108.91,20410,33,3901.47,14,Standard,1,59.9,Credit Card,0,27,0,0
INST_00861,Credit Union,Europe,Professional,101,1193,2265.33,4321,86,500.0,7,Standard,4,88.3,Credit Card,3,31,7,0
INST_00862,Credit Union,North America,Basic,21,8370,619.19,45459,510,2084.8,10,Standard,9,80.7,Credit Card,0,4,2,0
INST_00863,Credit Union,Europe,Professional,7,857,78.55,6126,19,19121.78,9,Standard,15,86.3,ACH,3,16,1,0
INST_00864,Credit Union,Asia Pacific,Basic,19,58390,85.43,234377,366,568.29,5,Priority,7,65.1,Wire Transfer,1,24,2,1
INST_00865,Investment Firm,Europe,Enterprise,1,897,261.43,46247,51,13958.25,9,Priority,3,94.5,ACH,0,32,9,0
INST_00866,Bank,Asia Pacific,Basic,38,793,972.05,14540,79,2519.65,8,Priority,9,60.9,Invoice,8,22,6,0
INST_00867,Bank,North America,Professional,62,6798,823.87,25952,212,4778.29,2,Standard,1,66.8,Credit Card,2,8,5,1
INST_00868,Payment Processor,Asia Pacific,Professional,49,3359,1568.72,85385,3060,1756.63,6,Premium,9,83.5,Wire Transfer,5,4,6,0
INST_00869,Payment Processor,Europe,Professional,10,4867,67.46,29113,41,894.82,11,Standard,4,51.7,Wire Transfer,0,14,2,1
INST_00870,Credit Union,North America,Basic,9,4192,527.75,531343,128,42250.43,4,Standard,2,81.1,ACH,4,6,4,0
INST_00871,Bank,North America,Professional,1,580,2232.98,121030,21,16709.93,9,Standard,8,54.6,Credit Card,8,25,5,1
INST_00872,Investment Firm,Europe,Professional,25,33524,1996.92,45771,40,12927.1,1,Standard,3,52.0,Invoice,11,18,3,0
INST_00873,Credit Union,Asia Pacific,Basic,18,11387,620.6,5401,20,19203.22,7,Standard,6,45.5,ACH,1,8,6,0
INST_00874,Bank,Europe,Enterprise,14,22889,6752.19,17670,230,10447.02,12,Standard,7,87.3,Credit Card,12,22,4,0
INST_00875,Bank,North America,Professional,57,1349,838.1,45175,319,20255.81,8,Standard,3,94.4,Credit Card,3,3,6,0
INST_00876,Insurance Company,Latin America,Professional,4,5567,1409.93,6410,511,1815.56,9,Priority,29,47.7,ACH,1,22,10,0
INST_00877,Investment Firm,Asia Pacific,Professional,1,4008,425.53,153298,38,38813.77,5,Priority,4,84.7,Credit Card,3,24,8,0
INST_00878,Bank,Europe,Basic,1,16187,158.04,5109,370,33950.08,4,Standard,28,54.6,Wire Transfer,5,0,4,1
INST_00879,Bank,Europe,Enterprise,6,16989,141.14,8468,181,8696.91,3,Standard,1,74.0,ACH,0,24,10,0
INST_00880,Bank,North America,Professional,1,3982,501.67,9476,133,3190.74,5,Premium,1,76.0,Credit Card,5,11,1,1
INST_00881,Investment Firm,Europe,Basic,16,305,313.0,67220,15,784.23,6,Standard,6,50.8,ACH,7,1,5,1
INST_00882,Bank,North America,Professional,9,43023,50.0,6585,195,6925.65,6,Premium,5,73.8,Wire Transfer,2,15,1,0
INST_00883,Bank,Middle East,Professional,4,6863,117.81,1480,207,61535.7,4,Standard,5,71.4,Credit Card,11,12,6,1
INST_00884,Insurance Company,Europe,Professional,33,1196,275.31,112651,178,861.56,8,Priority,37,77.6,Credit Card,1,25,5,1
INST_00885,Bank,Europe,Professional,5,5485,965.59,11309,304,22631.83,8,Priority,0,69.4,Credit Card,1,24,2,0
INST_00886,Investment Firm,Europe,Basic,27,309,395.72,4434,518,2423.19,6,Priority,4,75.1,ACH,4,15,5,0
INST_00887,Bank,Latin America,Basic,10,14516,370.01,7099,20,2754.12,9,Standard,2,93.4,Invoice,3,23,2,1
INST_00888,Bank,Asia Pacific,Enterprise,17,328,123.43,289278,100,842.87,7,Standard,3,91.6,ACH,2,30,2,1
INST_00889,Bank,Europe,Basic,65,2140,414.8,8220,375,1589.64,9,Standard,19,67.5,Wire Transfer,4,2,4,1
INST_00890,Insurance Company,Asia Pacific,Enterprise,1,4301,1964.36,18305,91,12967.13,9,Priority,11,65.3,Invoice,2,5,5,0
INST_00891,Payment Processor,Europe,Basic,16,14161,486.23,11266,834,15626.0,6,Priority,1,61.4,Credit Card,15,16,4,0
INST_00892,Insurance Company,Europe,Enterprise,46,3497,66.1,3466,174,7000.85,8,Standard,8,69.4,ACH,11,30,5,0
INST_00893,Credit Union,North America,Professional,21,7726,89.85,7229,4,2318.74,8,Standard,6,87.7,Credit Card,1,18,5,0
INST_00894,Investment Firm,Europe,Professional,7,2857,817.74,3128,672,938.86,7,Standard,3,56.1,Credit Card,1,6,3,0
INST_00895,Bank,North America,Basic,12,2840,308.22,92394,120,5391.82,8,Priority,2,90.3,Wire Transfer,0,34,6,0
INST_00896,Bank,Latin America,Basic,27,3388,368.89,25624,6,2842.87,7,Premium,6,49.5,Credit Card,7,8,3,0
INST_00897,Payment Processor,North America,Basic,53,2244,193.39,912566,94,6746.45,7,Standard,4,66.3,Wire Transfer,4,29,8,1
INST_00898,Bank,Middle East,Basic,1,237,738.11,7605,15,3035.54,7,Standard,5,65.2,ACH,3,35,2,1
INST_00899,Bank,Europe,Professional,1,941,281.15,6073,575,3154.24,8,Standard,10,69.6,Wire Transfer,5,21,9,1
INST_00900,Bank,Europe,Professional,9,4303,322.49,219836,139,6238.16,7,Premium,23,67.8,ACH,6,6,5,0
INST_00901,Bank,Europe,Professional,6,2051,145.26,107684,28,8335.58,12,Priority,3,57.6,Credit Card,1,17,6,1
INST_00902,Bank,North America,Professional,7,2359,1219.3,39228,638,30818.85,9,Standard,3,95.9,Wire Transfer,19,24,5,0
INST_00903,Investment Firm,North America,Professional,6,1835,309.4,4144,338,2964.66,7,Standard,12,59.0,ACH,2,4,4,1
INST_00904,Credit Union,North America,Professional,5,816,836.69,301792,97,11139.38,8,Standard,0,81.8,ACH,0,35,4,1
INST_00905,Payment Processor,Europe,Professional,3,1422,96.32,19768,15,73528.85,7,Priority,11,61.2,Credit Card,8,34,4,1
INST_00906,Insurance Company,Europe,Professional,65,1881,3231.36,11544,32,11592.51,9,Standard,3,82.7,ACH,3,18,6,0
INST_00907,Bank,Asia Pacific,Professional,3,3004,1868.42,122325,31,28180.25,7,Priority,3,80.7,Credit Card,0,29,4,1
INST_00908,Bank,North America,Enterprise,5,5377,50.0,21302,568,1937.32,11,Priority,2,20.2,Credit Card,4,35,6,1
INST_00909,Credit Union,North America,Basic,6,2273,154.11,3833,7,1668.14,5,Priority,0,70.8,Invoice,4,24,6,0
INST_00910,Investment Firm,Europe,Basic,64,636,715.63,23399,136,3869.73,9,Standard,9,65.2,Invoice,5,21,5,0
INST_00911,Bank,Latin America,Professional,33,366,82.79,6822,94,4539.58,6,Premium,16,64.2,Wire Transfer,4,21,7,1
INST_00912,Investment Firm,Asia Pacific,Basic,37,146701,344.5,241,957,24495.31,8,Standard,4,29.6,ACH,1,19,3,0
INST_00913,Credit Union,Europe,Enterprise,2,547,673.14,5868,225,1644.96,8,Standard,1,95.6,Wire Transfer,34,32,3,1
INST_00914,Investment Firm,Europe,Enterprise,43,1369,323.22,9980,388,4302.96,7,Priority,2,88.8,ACH,3,4,6,1
INST_00915,Credit Union,North America,Basic,12,6473,770.17,3891,57,24642.75,7,Standard,0,76.6,Wire Transfer,2,17,6,0
INST_00916,Bank,Middle East,Basic,7,5121,175.56,52201,16,6790.74,5,Priority,12,59.7,Invoice,0,0,2,1
INST_00917,Payment Processor,Asia Pacific,Professional,20,6511,50.0,6862,82,4835.67,8,Standard,5,65.5,Credit Card,4,32,7,0
INST_00918,Insurance Company,North America,Professional,41,1534,1310.99,45145,601,7028.63,4,Standard,26,91.5,Credit Card,3,11,7,0
INST_00919,Bank,Europe,Basic,36,4263,1301.12,3463,598,905.67,13,Standard,10,89.5,Invoice,14,17,3,1
INST_00920,Payment Processor,North America,Professional,52,3268,8138.52,86148,68,883.92,8,Standard,9,54.8,Wire Transfer,1,22,3,0
INST_00921,Credit Union,Middle East,Professional,63,1866,50.0,3246,31,500.0,14,Standard,4,46.1,ACH,5,4,4,0
INST_00922,Payment Processor,North America,Professional,6,4307,993.27,657,22,6701.07,7,Standard,3,49.9,Wire Transfer,4,27,6,0
INST_00923,Insurance Company,Europe,Basic,13,14516,50.0,140912,116,19502.19,11,Standard,2,60.7,Credit Card,7,18,3,0
INST_00924,Credit Union,North America,Professional,1,2883,3320.24,6100,189,15496.66,6,Priority,31,68.8,ACH,7,2,3,1
INST_00925,Bank,Asia Pacific,Basic,50,2912,724.47,307242,2104,27321.85,6,Standard,1,65.6,Credit Card,0,5,6,0
INST_00926,Bank,Asia Pacific,Enterprise,4,14797,128.73,51374,185,43535.56,5,Priority,1,65.0,Wire Transfer,10,21,5,1
INST_00927,Credit Union,Asia Pacific,Professional,47,12607,1028.92,72070,447,6105.66,8,Standard,4,52.4,ACH,0,15,4,0
INST_00928,Investment Firm,Europe,Professional,9,32077,207.75,105683,36,4460.82,8,Standard,5,64.0,ACH,0,32,3,0
INST_00929,Bank,Latin America,Enterprise,11,213,578.54,26082,159,44978.82,9,Standard,1,70.2,ACH,8,23,7,1
INST_00930,Bank,North America,Enterprise,1,11587,516.54,26531,190,1717.25,6,Standard,3,63.7,Credit Card,0,21,8,0
INST_00931,Insurance Company,North America,Professional,9,7349,3271.49,150543,115,838.99,9,Priority,2,91.4,Wire Transfer,0,26,2,0
INST_00932,Payment Processor,North America,Basic,52,789,3561.41,26030,142,2956.26,5,Standard,9,71.0,Credit Card,1,18,6,1
INST_00933,Credit Union,Middle East,Professional,1,4347,197.02,7388,186,2480.92,8,Standard,4,53.8,Credit Card,3,17,7,1
INST_00934,Bank,North America,Professional,12,14424,1436.16,53031,352,5284.27,9,Standard,10,66.6,ACH,10,35,6,0
INST_00935,Bank,Asia Pacific,Basic,1,859,617.58,924,1217,1373.3,9,Standard,0,96.5,ACH,12,32,8,1
INST_00936,Bank,Asia Pacific,Enterprise,11,5789,74.05,159426,2,8557.81,6,Priority,2,94.4,Credit Card,3,6,4,0
INST_00937,Payment Processor,North America,Basic,4,11015,174.95,164498,1101,2092.95,11,Priority,2,54.7,Invoice,4,7,8,0
INST_00938,Bank,North America,Basic,6,597,6656.67,132886,6,31017.47,7,Standard,4,60.0,Credit Card,12,9,8,0
INST_00939,Investment Firm,North America,Basic,50,2408,619.82,125449,258,819.06,9,Premium,3,50.5,Wire Transfer,7,26,4,1
INST_00940,Bank,Europe,Professional,13,4681,1339.08,19413,10000,3986.99,8,Standard,2,90.7,Credit Card,4,33,7,0
INST_00941,Investment Firm,North America,Professional,7,903,312.79,18769,137,2973.9,10,Standard,11,86.9,Credit Card,1,4,6,0
INST_00942,Investment Firm,North America,Professional,21,797,211.04,3482,205,6948.87,7,Standard,16,61.8,Invoice,3,35,2,0
INST_00943,Insurance Company,Latin America,Professional,3,2434,416.85,303173,84,19733.18,2,Standard,10,66.4,Wire Transfer,9,11,1,1
INST_00944,Bank,Middle East,Professional,7,9921,293.15,10641,493,7326.96,11,Priority,8,66.6,Wire Transfer,1,12,0,1
INST_00945,Bank,North America,Professional,18,7829,67.23,36674,284,4052.6,11,Standard,6,74.2,Wire Transfer,0,19,8,1
INST_00946,Bank,North America,Basic,6,818,121.03,32243,43,13861.67,4,Priority,2,84.8,Credit Card,0,3,8,1
INST_00947,Payment Processor,North America,Enterprise,27,7928,943.37,2949,120,17405.42,9,Priority,17,73.0,Invoice,7,33,5,0
INST_00948,Payment Processor,Asia Pacific,Basic,16,850,255.49,1608,19,7359.89,9,Standard,7,47.7,Wire Transfer,0,0,4,1
INST_00949,Investment Firm,Asia Pacific,Enterprise,35,266,416.07,22211,119,8790.16,6,Priority,15,98.6,Wire Transfer,0,0,6,1
INST_00950,Investment Firm,North America,Basic,71,1718,534.81,11151,69,12964.28,10,Premium,4,82.8,ACH,9,34,5,0
INST_00951,Investment Firm,North America,Professional,2,16065,587.37,19261,189,500.0,6,Priority,3,57.0,Wire Transfer,13,14,3,0
INST_00952,Bank,Asia Pacific,Basic,9,7973,1597.02,108893,41,2903.85,8,Standard,0,84.1,Wire Transfer,21,8,5,1
INST_00953,Payment Processor,Europe,Basic,9,2973,107.94,30866,100,8641.67,8,Standard,2,49.6,Wire Transfer,2,9,4,0
INST_00954,Credit Union,North America,Enterprise,3,1595,799.75,68719,150,3173.49,5,Priority,3,51.6,Wire Transfer,12,17,3,0
INST_00955,Credit Union,Europe,Enterprise,39,1661,998.28,42958,170,3190.01,4,Standard,4,85.1,ACH,0,32,3,0
INST_00956,Credit Union,North America,Professional,34,3509,1316.88,13704,243,8624.41,6,Priority,4,46.3,ACH,24,26,5,0
INST_00957,Bank,North America,Professional,15,600,74.03,4901,108,8923.71,13,Priority,17,52.5,Credit Card,0,6,5,0
INST_00958,Bank,Asia Pacific,Professional,18,1768,547.73,32763,36,9902.96,9,Premium,4,83.5,ACH,2,12,4,0
INST_00959,Insurance Company,Asia Pacific,Enterprise,1,2157,3163.05,24980,172,1497.67,4,Standard,13,75.6,ACH,6,15,4,1
INST_00960,Bank,Europe,Professional,19,392,358.19,86919,107,585.99,11,Standard,0,53.2,Invoice,4,35,8,0
INST_00961,Investment Firm,Latin America,Professional,37,847,720.68,17564,938,16425.33,18,Standard,5,83.1,Invoice,2,28,3,0
INST_00962,Bank,Europe,Professional,20,5517,1029.14,14100,1177,1613.85,9,Standard,5,71.8,ACH,0,17,5,1
INST_00963,Credit Union,Asia Pacific,Professional,7,3023,117.85,15611,12,1454.93,8,Premium,1,81.7,Invoice,15,8,7,1
INST_00964,Bank,Europe,Enterprise,26,1875,3643.1,5551,450,1270.76,7,Standard,1,58.4,Invoice,9,5,4,0
INST_00965,Credit Union,Latin America,Basic,10,759,734.65,192984,646,27626.9,13,Priority,4,68.8,Credit Card,0,6,8,0
INST_00966,Insurance Company,Latin America,Basic,18,31738,752.5,121715,13,6755.01,7,Priority,5,48.8,ACH,6,11,2,1
INST_00967,Bank,North America,Professional,16,848,54.9,3570,421,8215.56,7,Standard,16,53.4,ACH,0,18,5,0
INST_00968,Investment Firm,Latin America,Professional,11,4347,1046.76,73564,744,13826.29,6,Priority,1,83.4,ACH,16,6,5,0
INST_00969,Credit Union,Asia Pacific,Basic,30,1433,740.77,1383,26,4612.13,4,Standard,2,50.7,Invoice,0,26,2,1
INST_00970,Investment Firm,Asia Pacific,Professional,51,3147,2832.82,96561,96,22449.7,10,Standard,1,82.0,Wire Transfer,1,33,3,0
INST_00971,Payment Processor,North America,Enterprise,1,5921,277.68,7750,207,816.31,11,Premium,10,73.0,Credit Card,7,18,6,0
INST_00972,Insurance Company,Asia Pacific,Basic,65,381,123.32,37791,414,964.48,9,Standard,1,66.0,Wire Transfer,0,13,4,0
INST_00973,Bank,Latin America,Professional,17,2951,177.92,1218,25,887.89,6,Standard,16,68.2,Wire Transfer,10,25,4,0
INST_00974,Bank,North America,Professional,28,17784,220.09,3648,1191,9251.15,7,Standard,18,67.1,Wire Transfer,1,24,6,0
INST_00975,Bank,Middle East,Professional,46,41866,105.36,44491,3,10505.21,11,Priority,0,61.1,Credit Card,9,29,4,0
INST_00976,Investment Firm,North America,Enterprise,15,2452,1897.31,7697,1607,2419.04,6,Premium,1,85.3,ACH,3,33,11,0
INST_00977,Bank,North America,Professional,43,3173,1984.73,6248,399,3468.03,8,Premium,3,94.4,ACH,0,12,5,0
INST_00978,Credit Union,Europe,Professional,4,82207,318.95,178758,48,32928.9,7,Standard,14,87.9,Credit Card,3,4,6,0
INST_00979,Investment Firm,Europe,Professional,4,16356,251.81,607093,703,1734.28,8,Premium,0,67.7,ACH,6,32,4,1
INST_00980,Bank,Europe,Professional,25,1180,50.0,89816,22,7655.27,5,Standard,2,75.4,Wire Transfer,3,6,4,0
INST_00981,Insurance Company,North America,Professional,48,1177,929.97,4282,182,1757.11,9,Standard,8,87.0,Credit Card,11,12,6,1
INST_00982,Bank,Middle East,Enterprise,53,12516,2934.02,310295,227,25437.04,4,Standard,8,84.0,Wire Transfer,6,15,7,0
INST_00983,Bank,North America,Professional,24,654,187.8,2117,227,12614.97,11,Standard,3,67.9,ACH,0,30,6,0
INST_00984,Insurance Company,North America,Basic,17,15238,350.67,13950,32,602.82,11,Premium,23,93.5,ACH,0,21,1,1
INST_00985,Credit Union,North America,Basic,9,4921,679.36,23912,60,3323.58,11,Premium,3,70.4,ACH,2,21,3,0
INST_00986,Investment Firm,Europe,Basic,93,6480,3194.87,394769,186,500.0,5,Standard,6,48.7,Invoice,6,27,3,0
INST_00987,Credit Union,Latin America,Basic,9,2028,512.72,86594,40,18971.31,9,Standard,6,56.0,Credit Card,9,35,5,1
INST_00988,Bank,Asia Pacific,Enterprise,32,1158,510.05,10985,241,105975.52,6,Premium,11,84.2,Invoice,9,34,2,0
INST_00989,Insurance Company,Asia Pacific,Professional,18,26715,500.29,5337,49,500.0,9,Priority,3,70.0,ACH,0,4,8,1
INST_00990,Insurance Company,North America,Professional,22,2058,72.96,99040,897,577.87,9,Standard,3,78.7,Invoice,8,35,9,0
INST_00991,Investment Firm,Europe,Professional,12,1609,71.08,9896,2472,6316.88,12,Standard,3,49.6,Credit Card,1,26,4,0
INST_00992,Bank,Europe,Enterprise,80,2643,153.0,30488,86,4780.55,10,Premium,0,74.5,Credit Card,12,22,8,0
INST_00993,Investment Firm,Europe,Professional,20,3981,1360.31,2822,777,2653.76,17,Standard,9,68.1,Invoice,3,14,5,0
INST_00994,Credit Union,North America,Enterprise,66,635,269.77,51734,101,500.0,8,Premium,10,88.2,Wire Transfer,0,35,7,0
INST_00995,Bank,Asia Pacific,Professional,1,1277,213.68,45845,27,7983.8,12,Standard,12,70.2,Wire Transfer,24,11,2,1
INST_00996,Payment Processor,Europe,Enterprise,20,1179,209.22,3420,68,18606.58,8,Premium,8,83.4,ACH,1,34,6,0
INST_00997,Bank,Asia Pacific,Professional,30,10592,342.0,103511,173,351680.43,9,Standard,6,68.2,Wire Transfer,1,12,5,0
INST_00998,Payment Processor,Europe,Basic,32,789,3110.47,50620,5,34924.08,3,Premium,5,36.1,ACH,3,5,8,0
INST_00999,Credit Union,North America,Professional,56,214,336.49,66838,457,700.59,10,Standard,7,96.9,Credit Card,0,22,6,0
INST_01000,Bank,Europe,Professional,1,155,157.03,12481,173,4827.88,7,Premium,0,87.1,ACH,8,31,7,1
INST_01001,Credit Union,North America,Basic,1,328,415.84,28808,898,11945.58,3,Standard,4,86.3,ACH,3,34,6,1
INST_01002,Payment Processor,Latin America,Professional,15,22978,3314.63,24223,443,1750.41,6,Standard,0,51.4,Credit Card,2,29,8,0
INST_01003,Insurance Company,Europe,Professional,1,3054,220.66,17636,184,15835.63,6,Premium,4,39.8,ACH,2,14,5,0
INST_01004,Insurance Company,North America,Basic,88,6322,97.79,28445,78,14116.04,8,Priority,1,70.5,Credit Card,17,27,4,0
INST_01005,Investment Firm,Middle East,Enterprise,6,6665,221.14,145025,2301,31446.39,8,Priority,0,91.9,Credit Card,3,0,5,0
INST_01006,Investment Firm,Europe,Professional,15,3243,470.84,110461,7374,16372.59,5,Standard,9,63.8,ACH,6,6,5,1
INST_01007,Insurance Company,North America,Enterprise,1,2664,921.4,3741,80,7538.02,11,Standard,8,80.1,Invoice,0,20,6,0
INST_01008,Bank,Europe,Professional,17,14282,1350.54,96577,968,1887.68,4,Standard,3,65.0,Wire Transfer,7,10,3,1
INST_01009,Credit Union,North America,Professional,11,3710,115.02,131493,41,706.54,5,Premium,0,72.3,Credit Card,0,24,7,0
INST_01010,Bank,Asia Pacific,Professional,1,24310,128.89,17557,51,6826.21,8,Standard,25,46.6,ACH,7,24,3,0
INST_01011,Payment Processor,Asia Pacific,Professional,9,7564,273.71,47224,74,2681.81,12,Priority,1,62.0,ACH,12,22,5,0
INST_01012,Payment Processor,Middle East,Enterprise,11,1180,917.26,46212,508,3100.14,6,Priority,4,92.4,Invoice,1,25,6,0
INST_01013,Bank,Europe,Basic,110,1414,88.94,6155,21,26441.39,8,Standard,2,40.5,Credit Card,1,11,6,0
INST_01014,Insurance Company,Europe,Enterprise,5,1001,194.65,12420,2416,38306.93,10,Premium,0,86.6,ACH,8,7,5,0
INST_01015,Payment Processor,Asia Pacific,Enterprise,18,18514,198.09,67928,802,770.43,11,Priority,5,50.4,Wire Transfer,7,0,1,1
INST_01016,Bank,North America,Professional,104,1623,1249.0,10469,488,3584.43,6,Priority,1,62.7,Invoice,7,23,7,0
INST_01017,Investment Firm,Europe,Enterprise,37,899,760.45,95153,87,2566.23,4,Priority,3,62.5,ACH,8,21,4,0
INST_01018,Payment Processor,Europe,Professional,120,4815,1193.28,155976,660,7882.2,9,Standard,6,60.8,Wire Transfer,2,11,4,0
INST_01019,Bank,North America,Enterprise,82,2576,2011.05,122456,1,500.0,4,Standard,3,82.7,Credit Card,15,12,3,0
INST_01020,Investment Firm,Europe,Professional,16,4637,279.56,429212,328,549.35,7,Priority,5,68.5,ACH,11,7,7,0
INST_01021,Bank,Latin America,Basic,28,50752,97.04,19223,197,4120.61,9,Priority,1,80.9,Wire Transfer,0,12,3,0
INST_01022,Payment Processor,Latin America,Enterprise,2,11726,97.79,28733,4,15981.27,8,Priority,8,77.1,ACH,0,10,9,0
INST_01023,Payment Processor,North America,Professional,13,3104,50.0,35631,308,5502.38,19,Premium,7,82.3,ACH,12,34,7,0
INST_01024,Payment Processor,North America,Professional,39,360,232.64,20118,429,13457.08,7,Premium,8,86.0,ACH,1,18,8,0
INST_01025,Credit Union,North America,Professional,16,1408,254.41,49675,5,6607.51,10,Priority,2,46.2,Credit Card,6,20,5,0
INST_01026,Payment Processor,Latin America,Basic,29,8660,1038.01,1691,17,33337.37,2,Standard,19,79.3,Wire Transfer,5,0,2,1
INST_01027,Insurance Company,North America,Professional,32,514,411.7,29952,6099,45653.31,11,Standard,6,60.6,Wire Transfer,6,29,7,1
INST_01028,Bank,Asia Pacific,Enterprise,7,73973,223.99,2790,106,1570.75,14,Standard,0,54.2,ACH,4,27,5,0
INST_01029,Insurance Company,North America,Basic,50,3046,351.01,5198,859,18498.93,6,Standard,25,93.2,Wire Transfer,1,18,5,0
INST_01030,Bank,Europe,Basic,14,3207,115.96,66127,1128,10532.06,13,Priority,5,84.9,ACH,4,27,4,1
INST_01031,Investment Firm,North America,Basic,5,1096,1380.9,16339,301,210449.76,7,Standard,8,57.5,Wire Transfer,3,5,2,0
INST_01032,Bank,Asia Pacific,Professional,48,6279,157.1,62719,926,1485.11,7,Priority,3,94.2,Invoice,1,16,7,0
INST_01033,Bank,North America,Professional,12,524,102.73,15816,3,4125.31,8,Priority,4,69.0,Credit Card,2,8,2,0
INST_01034,Bank,Europe,Professional,33,76675,1076.49,115798,98,1044.81,7,Standard,9,55.0,Wire Transfer,5,21,6,0
INST_01035,Investment Firm,North America,Enterprise,19,21504,803.52,15388,1,1142.07,10,Standard,14,53.6,ACH,9,22,3,0
INST_01036,Bank,Asia Pacific,Professional,11,13048,50.99,1173,6,8763.46,12,Standard,22,72.8,Wire Transfer,4,35,4,1
INST_01037,Insurance Company,Latin America,Basic,39,370,1125.52,30886,55,6689.64,12,Priority,32,79.9,Wire Transfer,2,0,6,1
INST_01038,Bank,North America,Enterprise,21,4056,165.69,851,44,11072.02,9,Standard,6,73.9,ACH,0,12,6,0
INST_01039,Bank,Latin America,Professional,11,18281,257.51,2492,159,10717.47,8,Premium,0,49.9,Credit Card,0,34,5,0
INST_01040,Credit Union,Europe,Professional,2,7256,504.93,5858,142,3451.42,7,Standard,6,78.6,Invoice,0,34,5,0
INST_01041,Insurance Company,North America,Professional,54,663,815.62,4858,188,3415.88,9,Standard,1,68.6,Wire Transfer,0,20,8,1
INST_01042,Bank,Europe,Enterprise,1,1124,688.54,9724,203,1145.74,10,Standard,7,57.2,ACH,0,20,7,0
INST_01043,Investment Firm,North America,Professional,47,1513,380.02,4614,270,1716.89,13,Standard,2,50.6,Wire Transfer,11,15,8,0
INST_01044,Payment Processor,Asia Pacific,Professional,10,1205,242.36,2673,26,4513.36,6,Standard,5,61.4,ACH,0,7,3,0
INST_01045,Investment Firm,Asia Pacific,Professional,24,29530,661.6,222515,40,6604.75,9,Standard,7,73.6,ACH,1,2,7,1
INST_01046,Bank,North America,Basic,61,167,350.0,7964,138,14273.81,5,Priority,16,71.8,Wire Transfer,4,13,8,0
INST_01047,Bank,Europe,Professional,3,7973,3520.74,775,142,12250.12,7,Standard,11,74.0,Credit Card,3,12,4,1
INST_01048,Payment Processor,Asia Pacific,Professional,20,429,815.41,12818,21,50798.15,7,Priority,0,93.0,Wire Transfer,9,19,6,0
INST_01049,Bank,Latin America,Basic,34,704,133.21,4076,1039,1142.49,5,Standard,1,57.6,ACH,1,12,8,0
INST_01050,Payment Processor,Europe,Basic,34,146,227.44,5840,547,3467.27,4,Standard,14,72.6,ACH,3,15,2,0
INST_01051,Credit Union,Middle East,Basic,17,1308,427.45,63928,31,1302.5,9,Standard,9,68.9,ACH,0,21,5,0
INST_01052,Payment Processor,Europe,Professional,23,28741,1918.54,11245,101,33387.29,12,Standard,1,76.9,ACH,4,25,5,0
INST_01053,Insurance Company,North America,Enterprise,34,4434,2193.66,3909,5525,2312.97,10,Premium,6,47.4,Wire Transfer,4,0,7,0
INST_01054,Payment Processor,Asia Pacific,Enterprise,44,493,250.8,43018,198,27793.05,9,Standard,6,71.5,Wire Transfer,9,7,6,0
INST_01055,Credit Union,Europe,Professional,34,13707,131.58,123613,302,43441.88,5,Priority,10,65.4,Credit Card,2,6,5,0
INST_01056,Insurance Company,Europe,Professional,10,18900,112.87,49281,49,9137.62,4,Standard,11,89.1,Wire Transfer,1,15,8,0
INST_01057,Credit Union,Europe,Enterprise,120,3484,546.16,555,84,7628.06,6,Standard,7,58.1,Wire Transfer,15,2,7,0
INST_01058,Credit Union,Asia Pacific,Basic,13,63077,6403.12,4136,2253,5208.09,7,Premium,8,62.0,Credit Card,2,32,6,0
INST_01059,Investment Firm,Asia Pacific,Professional,1,10222,770.4,23651,181,3054.41,9,Standard,7,91.7,Credit Card,1,15,4,1
INST_01060,Payment Processor,Europe,Professional,10,8299,59.58,15268,130,2550.19,10,Priority,1,85.1,Wire Transfer,4,29,4,0
INST_01061,Payment Processor,North America,Basic,3,893,168.81,13481,150,3939.76,8,Standard,8,87.4,Wire Transfer,0,33,2,1
INST_01062,Insurance Company,Europe,Enterprise,3,7639,190.81,5043,10000,75854.14,4,Standard,4,68.4,ACH,2,7,7,1
INST_01063,Credit Union,Europe,Enterprise,7,4126,150.44,2674,159,1029.9,7,Priority,26,87.8,Credit Card,3,17,4,1
INST_01064,Credit Union,North America,Basic,1,6501,253.29,447607,33,6680.27,10,Priority,8,84.1,ACH,10,34,6,0
INST_01065,Insurance Company,Asia Pacific,Basic,27,1067,628.46,22940,45,14284.91,9,Priority,3,95.8,Credit Card,6,29,0,0
INST_01066,Bank,Europe,Basic,1,3612,914.5,57709,605,3208.11,7,Priority,16,94.5,ACH,2,1,5,0
INST_01067,Bank,North America,Professional,5,875,1495.35,22233,11,9173.95,8,Priority,1,64.0,Wire Transfer,3,34,8,1
INST_01068,Credit Union,North America,Professional,2,119,756.76,23612,333,514.45,5,Priority,4,20.7,ACH,14,0,6,1
INST_01069,Bank,North America,Professional,1,13325,50.0,20067,40,35866.71,4,Priority,0,73.5,Wire Transfer,9,1,4,1
INST_01070,Bank,Latin America,Basic,7,313,113.44,4102,5,26815.17,14,Standard,6,77.2,Wire Transfer,0,23,10,0
INST_01071,Bank,North America,Enterprise,20,3500,333.71,2271,25,4240.18,8,Priority,5,69.0,Credit Card,2,22,8,0
INST_01072,Bank,North America,Professional,80,4912,481.42,39314,155,1313.23,10,Priority,4,72.0,Wire Transfer,3,29,7,0
INST_01073,Bank,Europe,Basic,50,4865,1134.22,29195,1828,16144.7,8,Standard,1,28.2,ACH,1,10,2,0
INST_01074,Payment Processor,North America,Professional,50,1949,424.89,89987,768,878.15,6,Priority,4,80.3,ACH,0,17,5,1
INST_01075,Credit Union,North America,Professional,4,4477,428.74,66372,87,1089.05,11,Premium,4,68.1,Wire Transfer,1,30,2,1
INST_01076,Credit Union,North America,Professional,7,6041,536.66,6550,854,4535.02,5,Standard,0,75.9,ACH,5,27,3,0
INST_01077,Investment Firm,Europe,Basic,1,8977,297.07,120437,78,47909.18,10,Standard,1,84.4,Credit Card,15,15,1,0
INST_01078,Bank,Europe,Basic,36,40141,447.76,69392,10,12847.09,9,Priority,16,90.8,ACH,18,30,2,0
INST_01079,Payment Processor,North America,Enterprise,1,4235,1557.75,62085,154,1862.19,8,Standard,10,24.4,ACH,10,17,5,0
INST_01080,Insurance Company,Europe,Enterprise,19,3281,364.78,643057,9,500.0,11,Priority,0,90.6,Wire Transfer,6,19,8,0
INST_01081,Bank,Middle East,Professional,6,765,389.06,472568,616,5230.6,7,Priority,25,72.7,Wire Transfer,0,21,2,1
INST_01082,Credit Union,North America,Professional,6,5732,387.49,61998,633,7166.21,10,Priority,4,93.4,Wire Transfer,0,13,11,0
INST_01083,Payment Processor,North America,Professional,112,8111,1914.72,51420,30,4406.47,11,Standard,9,68.5,ACH,0,10,8,0
INST_01084,Payment Processor,North America,Professional,33,2233,106.73,111578,192,73834.95,9,Premium,5,66.9,Credit Card,0,24,8,1
INST_01085,Credit Union,Europe,Professional,43,6747,3398.25,9173,189,4032.37,10,Standard,10,68.5,Invoice,3,5,6,0
INST_01086,Investment Firm,Asia Pacific,Enterprise,20,1922,98.33,9369,713,500.0,15,Standard,7,83.3,Credit Card,0,18,3,0
INST_01087,Bank,North America,Professional,49,8155,184.0,60483,15,2668.55,8,Priority,0,74.1,Wire Transfer,2,11,4,0
INST_01088,Payment Processor,Asia Pacific,Professional,24,11718,986.03,6095,436,9720.25,5,Standard,17,89.1,Credit Card,15,13,5,0
INST_01089,Bank,North America,Professional,70,11475,1389.06,53591,13,8781.0,12,Standard,10,78.7,Wire Transfer,4,16,4,0
INST_01090,Payment Processor,Europe,Enterprise,7,3557,74.87,27868,601,3770.57,6,Priority,1,95.3,ACH,4,7,2,0
INST_01091,Investment Firm,Asia Pacific,Professional,21,626,108.72,6097,1005,2941.49,7,Standard,1,74.8,Wire Transfer,3,17,6,0
INST_01092,Investment Firm,North America,Basic,28,1190,563.07,22897,44,500.0,11,Standard,8,59.2,Credit Card,19,26,5,1
INST_01093,Credit Union,Europe,Professional,11,7278,6723.09,156001,1331,5589.56,8,Priority,8,90.4,Wire Transfer,0,8,3,0
INST_01094,Bank,North America,Professional,50,117385,1799.95,24923,8,2957.4,9,Standard,0,58.6,Wire Transfer,18,30,4,1
INST_01095,Bank,Asia Pacific,Professional,93,1788,299.55,25079,1074,7142.9,9,Standard,16,88.8,Wire Transfer,3,15,6,0
INST_01096,Bank,North America,Professional,16,5906,50.0,36079,1976,10269.5,10,Standard,9,34.5,ACH,12,26,7,0
INST_01097,Bank,Latin America,Enterprise,11,1294,444.95,43861,276,31621.82,9,Priority,28,91.5,ACH,5,24,5,0
INST_01098,Insurance Company,North America,Professional,15,691,623.13,13409,104,1172.22,10,Standard,3,73.9,ACH,1,14,4,1
INST_01099,Credit Union,Latin America,Enterprise,45,1080,254.87,37249,260,705.58,9,Standard,0,71.3,Wire Transfer,7,29,5,0
INST_01100,Bank,North America,Basic,24,131,145.35,4566,50,2077.77,9,Standard,16,91.2,Credit Card,0,1,6,0
INST_01101,Payment Processor,Asia Pacific,Enterprise,1,22700,488.33,6643,10000,1630.45,7,Priority,11,37.0,Wire Transfer,8,9,5,0
INST_01102,Payment Processor,North America,Professional,18,105,130.23,8048,51,1424.94,7,Standard,0,74.6,ACH,0,0,8,1
INST_01103,Payment Processor,Latin America,Professional,1,2006,3815.93,44562,1589,42931.44,4,Standard,5,65.9,Wire Transfer,0,28,6,1
INST_01104,Payment Processor,North America,Professional,36,509,2490.14,28010,39,6140.27,3,Premium,0,52.9,Wire Transfer,2,4,3,0
INST_01105,Bank,North America,Basic,9,791,888.46,18006,2628,94711.45,9,Standard,3,69.1,Credit Card,0,14,3,1
INST_01106,Credit Union,Europe,Professional,15,23500,449.28,62078,5553,4892.19,10,Standard,14,50.0,Credit Card,8,21,4,0
INST_01107,Insurance Company,North America,Professional,38,4030,182.69,38882,297,847.41,4,Standard,7,95.6,ACH,3,34,4,0
INST_01108,Investment Firm,North America,Basic,1,700,393.49,14257,248,1462.26,4,Standard,13,72.0,Wire Transfer,4,35,6,1
INST_01109,Bank,Latin America,Professional,4,1231,2884.64,4661,26,22849.47,11,Standard,5,38.7,Credit Card,0,31,12,1
INST_01110,Insurance Company,Middle East,Professional,12,945,1144.11,6440,21,897.15,7,Standard,10,51.9,Invoice,0,19,4,1
INST_01111,Bank,North America,Basic,6,2792,515.14,2440,253,11348.21,9,Standard,4,51.5,ACH,19,4,5,1
INST_01112,Bank,Latin America,Basic,9,3863,1222.64,27196,2048,2878.06,6,Standard,4,73.8,Credit Card,0,12,2,0
INST_01113,Credit Union,Europe,Professional,120,51193,776.45,6043,55,1218.36,9,Standard,6,46.7,Credit Card,8,31,2,1
INST_01114,Investment Firm,North America,Professional,41,168,649.07,10477,7897,39331.44,12,Priority,1,86.5,ACH,5,34,5,0
INST_01115,Investment Firm,Asia Pacific,Enterprise,51,2829,1308.55,18189,49,2032.76,8,Standard,7,68.1,Wire Transfer,8,23,12,0
INST_01116,Bank,Asia Pacific,Enterprise,66,1856,750.27,105450,224,1420.33,8,Priority,13,74.5,Wire Transfer,4,29,2,0
INST_01117,Payment Processor,Middle East,Professional,10,12330,1130.33,88715,225,4366.25,6,Standard,1,41.8,Wire Transfer,2,28,4,1
INST_01118,Bank,North America,Professional,8,5075,489.64,20291,123,2293.06,5,Premium,3,78.0,Wire Transfer,3,34,3,0
INST_01119,Bank,Asia Pacific,Professional,6,7226,297.39,147009,3,136281.63,8,Priority,17,79.7,Wire Transfer,3,29,3,0
INST_01120,Payment Processor,North America,Professional,42,5002,208.97,1076,48,24113.71,12,Premium,2,76.3,ACH,0,13,4,0
INST_01121,Payment Processor,North America,Basic,27,736,181.13,367997,212,2026.29,7,Priority,14,90.7,Wire Transfer,5,17,7,0
INST_01122,Payment Processor,North America,Professional,6,18341,58.78,62239,124,2409.07,9,Priority,7,60.5,Wire Transfer,0,8,2,0
INST_01123,Insurance Company,Middle East,Professional,11,9874,135.05,25698,466,500.0,5,Priority,12,64.4,ACH,3,5,5,0
INST_01124,Investment Firm,Asia Pacific,Basic,16,11769,130.45,5784,579,6039.67,7,Priority,1,62.0,ACH,5,12,4,0
INST_01125,Investment Firm,Asia Pacific,Professional,18,19852,219.46,11417,96,1602.65,8,Priority,10,79.1,Wire Transfer,8,24,9,0
INST_01126,Bank,Europe,Enterprise,52,5577,2629.88,54941,26,5608.38,8,Standard,0,55.0,Wire Transfer,3,21,4,0
INST_01127,Credit Union,North America,Professional,11,27487,333.93,56847,2409,500.0,11,Standard,3,90.5,Wire Transfer,4,27,5,0
INST_01128,Credit Union,North America,Professional,57,5252,539.22,60029,12,4721.42,13,Priority,2,97.4,ACH,6,32,3,0
INST_01129,Bank,North America,Enterprise,13,2146,560.03,7385,50,62818.63,2,Standard,7,55.5,Wire Transfer,2,1,4,0
INST_01130,Insurance Company,North America,Professional,32,2951,2711.07,5460,32,5330.56,5,Priority,10,84.6,Wire Transfer,0,8,4,0
INST_01131,Credit Union,Asia Pacific,Basic,63,2876,202.21,29519,568,1537.6,5,Premium,2,84.1,ACH,1,28,5,1
INST_01132,Bank,Europe,Professional,57,1367,308.89,69897,1588,4766.18,10,Standard,12,83.9,ACH,0,33,6,0
INST_01133,Bank,North America,Professional,1,34469,355.16,22131,108,4463.23,9,Priority,5,87.2,Credit Card,7,33,4,0
INST_01134,Investment Firm,North America,Professional,5,4649,1577.89,203256,224,131629.93,7,Premium,9,81.6,ACH,8,6,4,1
INST_01135,Bank,North America,Basic,15,3436,2024.19,23148,321,2983.16,7,Standard,9,51.9,Credit Card,17,3,4,0
INST_01136,Payment Processor,Europe,Professional,13,5336,713.01,22003,3816,808.4,9,Priority,1,91.8,Invoice,4,33,6,1
INST_01137,Credit Union,Latin America,Enterprise,24,260349,1771.34,60224,6,5075.54,10,Standard,9,41.7,Wire Transfer,3,2,1,1
INST_01138,Credit Union,Europe,Professional,69,545,499.29,137152,566,6589.94,10,Standard,12,95.8,Wire Transfer,14,23,4,0
INST_01139,Investment Firm,Asia Pacific,Enterprise,2,839,327.95,2910,292,11423.68,5,Priority,0,79.7,Credit Card,12,14,9,0
INST_01140,Insurance Company,Europe,Professional,14,375,1659.83,4117,76,15269.96,11,Premium,1,46.6,ACH,5,10,1,1
INST_01141,Bank,North America,Enterprise,5,2102,724.25,13768,266,92345.21,8,Premium,5,77.4,Credit Card,7,9,3,0
INST_01142,Investment Firm,North America,Basic,53,4308,166.89,2516583,563,2011.24,5,Priority,0,96.4,Wire Transfer,1,12,2,0
INST_01143,Investment Firm,Latin America,Professional,80,1483,1335.29,14880,423,1754.91,8,Priority,3,72.8,ACH,3,13,5,0
INST_01144,Bank,Asia Pacific,Basic,15,1326,314.13,18348,7224,500.0,8,Priority,12,32.8,Credit Card,2,29,4,1
INST_01145,Payment Processor,North America,Professional,2,3690,271.24,55688,186,13259.65,6,Standard,0,89.8,Invoice,8,19,6,1
INST_01146,Insurance Company,Europe,Professional,36,1403,1178.04,95357,155,1298.58,10,Standard,1,84.5,Wire Transfer,11,33,6,0
INST_01147,Investment Firm,Europe,Professional,28,4746,362.64,28415,107,18725.59,8,Priority,0,82.5,ACH,2,23,10,0
INST_01148,Payment Processor,Europe,Enterprise,10,15856,643.39,126313,401,2350.89,10,Standard,5,89.3,Invoice,3,14,8,0
INST_01149,Payment Processor,Latin America,Enterprise,52,8230,892.77,3674,140,65443.14,9,Premium,2,95.0,Credit Card,1,19,7,0
INST_01150,Insurance Company,Europe,Basic,89,11175,157.66,6980,151,572.34,4,Standard,11,88.0,Wire Transfer,10,33,3,1
INST_01151,Insurance Company,Europe,Professional,19,15197,640.23,125961,153,22797.09,5,Standard,6,36.6,ACH,0,30,8,0
INST_01152,Investment Firm,North America,Professional,20,4556,2037.27,22391,116,19067.94,7,Premium,7,69.3,ACH,12,33,3,0
INST_01153,Investment Firm,North America,Professional,8,2349,128.03,3315,49,10827.72,6,Standard,2,87.2,ACH,4,25,7,0
INST_01154,Investment Firm,North America,Enterprise,21,936,692.21,3029,315,919.75,14,Standard,4,77.5,ACH,1,22,7,1
INST_01155,Insurance Company,North America,Professional,13,1657,149.1,6526,88,10902.27,7,Standard,3,61.9,Invoice,2,8,3,1
INST_01156,Bank,Asia Pacific,Enterprise,8,1358,1374.27,22096,447,5945.04,4,Standard,4,47.9,Credit Card,0,12,4,0
INST_01157,Payment Processor,Asia Pacific,Basic,1,8933,1358.7,44403,181,500.0,7,Premium,8,75.7,ACH,4,2,6,1
INST_01158,Payment Processor,North America,Professional,6,5014,263.7,13445,74,50889.38,10,Priority,4,71.8,ACH,8,20,3,0
INST_01159,Bank,Asia Pacific,Professional,5,8477,5719.03,39241,2481,2926.56,13,Priority,0,78.0,Wire Transfer,5,23,3,1
INST_01160,Insurance Company,North America,Basic,18,522,1522.26,11434,123,45334.63,8,Priority,3,51.9,ACH,0,27,7,0
INST_01161,Bank,North America,Professional,22,25530,942.29,138120,455,4440.44,8,Standard,15,59.0,ACH,4,30,7,0
INST_01162,Bank,North America,Enterprise,22,1571,880.71,1012324,42,21450.2,6,Priority,12,78.3,Credit Card,8,10,5,0
INST_01163,Insurance Company,North America,Professional,11,572,1313.84,12223,3,1353.86,9,Standard,12,80.5,Credit Card,9,6,6,1
INST_01164,Bank,North America,Professional,13,1542,122.15,45247,53,6779.46,5,Standard,1,34.0,Credit Card,6,4,12,0
INST_01165,Insurance Company,Europe,Professional,43,123704,509.55,40039,3,6099.2,12,Standard,0,88.3,Wire Transfer,2,19,4,0
INST_01166,Insurance Company,Europe,Basic,15,1666,638.95,27120,96,3024.79,9,Premium,11,64.9,ACH,19,9,4,0
INST_01167,Credit Union,Middle East,Basic,105,1830,249.59,58681,2087,1334.3,8,Standard,7,51.7,Invoice,8,7,9,0
INST_01168,Bank,North America,Professional,13,2234,704.69,45171,29,500.0,6,Standard,4,71.3,Wire Transfer,9,20,6,0
INST_01169,Bank,North America,Basic,25,2385,1768.76,10866,3,1382.1,8,Premium,8,65.0,ACH,9,21,3,0
INST_01170,Investment Firm,North America,Enterprise,1,923,243.2,158707,2209,14055.42,4,Standard,18,58.3,Invoice,6,5,4,0
INST_01171,Payment Processor,Europe,Professional,25,3695,377.92,29807,63,606.17,8,Standard,0,56.7,ACH,3,18,7,0
INST_01172,Investment Firm,North America,Enterprise,45,14963,150.7,12367,144,827.0,5,Standard,1,62.5,Wire Transfer,2,3,7,0
INST_01173,Bank,Asia Pacific,Professional,68,4776,50.0,860099,613,571.18,6,Priority,6,73.5,Credit Card,7,28,5,0
INST_01174,Investment Firm,Europe,Enterprise,120,562,1027.33,18502,380,6723.29,12,Standard,8,80.3,Wire Transfer,3,21,2,0
INST_01175,Credit Union,Europe,Professional,7,1778,391.16,32286,573,1286.77,4,Standard,7,57.3,Wire Transfer,11,21,5,0
INST_01176,Insurance Company,Europe,Professional,20,1303,427.13,28657,750,30653.88,5,Standard,2,75.2,ACH,1,25,4,0
INST_01177,Bank,North America,Enterprise,14,3227,123.45,18127,6,14793.3,16,Standard,6,73.3,Credit Card,7,7,4,0
INST_01178,Insurance Company,North America,Professional,19,21931,322.92,43174,11,6635.48,10,Standard,5,89.8,Wire Transfer,1,6,7,0
INST_01179,Credit Union,North America,Basic,4,2384,1504.04,6201,1221,7753.69,9,Standard,0,90.4,Wire Transfer,3,11,4,1
INST_01180,Payment Processor,Europe,Professional,46,2611,403.83,53896,36,1564.9,10,Premium,6,83.0,Credit Card,0,20,6,0
INST_01181,Bank,North America,Enterprise,57,42893,417.81,1575,44,1565.5,7,Priority,4,58.3,ACH,3,29,5,1
INST_01182,Investment Firm,North America,Professional,14,11095,517.51,3142,15,14278.92,15,Premium,13,62.9,ACH,3,35,1,0
INST_01183,Payment Processor,Middle East,Professional,7,7052,91.5,340641,71,19343.04,9,Standard,7,78.0,ACH,0,29,3,0
INST_01184,Bank,North America,Professional,3,56229,853.98,3346,79,14092.44,8,Priority,5,76.7,Wire Transfer,1,17,4,1
INST_01185,Payment Processor,Asia Pacific,Enterprise,27,6214,89.46,1164,27,2426.31,8,Standard,15,48.3,ACH,1,20,4,0
INST_01186,Investment Firm,Asia Pacific,Basic,8,151,130.64,3473,22,2732.62,10,Premium,7,73.0,Invoice,2,10,1,1
INST_01187,Bank,North America,Professional,57,10394,114.54,299564,263,1214.84,5,Priority,2,47.8,Credit Card,5,8,1,0
INST_01188,Bank,North America,Basic,26,273,326.92,1498,34,15558.79,9,Standard,4,75.3,Wire Transfer,0,5,4,0
INST_01189,Insurance Company,North America,Professional,24,5872,264.29,5251,49,500.0,14,Premium,7,70.9,ACH,2,18,6,0
INST_01190,Bank,Asia Pacific,Professional,19,228,402.84,2471,2,500.0,8,Standard,12,80.8,ACH,3,6,6,0
INST_01191,Investment Firm,Europe,Basic,1,1479,136.14,14600,4859,500.0,8,Priority,2,85.1,ACH,7,1,3,1
INST_01192,Bank,Asia Pacific,Basic,64,1727,1348.29,11452,808,500.0,8,Standard,9,57.1,Invoice,4,6,3,1
INST_01193,Investment Firm,Latin America,Professional,23,939,1097.55,10709,60,37635.81,10,Priority,8,83.9,ACH,8,13,5,0
INST_01194,Bank,Asia Pacific,Basic,120,1766,327.48,356539,29,15997.82,9,Standard,1,87.0,Credit Card,0,8,9,0
INST_01195,Payment Processor,North America,Basic,18,14028,227.23,3646,151,814.12,6,Standard,1,45.3,Credit Card,1,7,1,1
INST_01196,Payment Processor,North America,Enterprise,29,1021,201.29,18896,144,4192.7,8,Standard,4,67.8,Invoice,12,8,8,0
INST_01197,Payment Processor,Asia Pacific,Professional,1,6752,278.06,36603,14,44297.59,4,Premium,3,67.0,Credit Card,5,31,4,1
INST_01198,Insurance Company,North America,Professional,23,700,75.17,5062,1,10407.67,10,Premium,1,75.4,Wire Transfer,2,2,7,0
INST_01199,Bank,North America,Enterprise,34,2243,127.55,45701,57,117191.47,8,Priority,0,48.2,Wire Transfer,2,11,6,0
INST_01200,Insurance Company,Asia Pacific,Basic,36,4845,1132.46,12091,8,4140.62,6,Priority,15,96.2,Wire Transfer,6,14,7,0
INST_01201,Bank,Europe,Professional,35,668,579.51,38617,202,1839.52,15,Standard,1,72.5,ACH,10,10,1,0
INST_01202,Bank,Latin America,Professional,6,416,2867.31,18732,204,971.01,6,Standard,3,74.2,ACH,3,13,3,1
INST_01203,Bank,Asia Pacific,Professional,88,6234,281.73,1016,25,5092.21,8,Priority,4,74.8,Invoice,0,22,7,0
INST_01204,Credit Union,North America,Enterprise,120,16068,261.43,156239,56,20012.18,3,Priority,0,66.5,Invoice,10,5,3,0
INST_01205,Insurance Company,Latin America,Enterprise,1,2647,247.28,491731,3545,5702.66,4,Standard,1,73.4,Wire Transfer,2,12,5,0
INST_01206,Investment Firm,North America,Professional,66,1501,275.06,16896,598,2871.84,12,Premium,5,96.7,Invoice,11,4,5,0
INST_01207,Credit Union,North America,Basic,8,3765,182.74,5727,65,32363.31,11,Standard,8,70.5,Wire Transfer,7,26,7,0
INST_01208,Bank,Europe,Basic,28,3239,558.46,210874,9186,10865.39,10,Priority,13,76.0,ACH,1,31,5,0
INST_01209,Payment Processor,North America,Professional,9,4291,417.77,375335,17,4145.78,14,Standard,13,76.6,ACH,0,19,2,0
INST_01210,Credit Union,Europe,Basic,82,67,218.79,17099,34,1556.37,6,Standard,5,96.8,Credit Card,3,2,6,1
INST_01211,Credit Union,North America,Professional,2,599,1810.54,15866,121,3355.43,5,Priority,2,83.5,ACH,0,16,3,1
INST_01212,Bank,Europe,Professional,16,838,3928.05,19538,9,9987.81,9,Standard,6,44.4,Invoice,8,15,5,0
INST_01213,Insurance Company,North America,Basic,13,3737,1635.81,1786,3724,1524.58,8,Premium,6,52.9,Wire Transfer,0,28,6,0
INST_01214,Investment Firm,Asia Pacific,Enterprise,9,3939,788.2,14232,206,772.41,8,Priority,2,74.9,Wire Transfer,14,2,7,0
INST_01215,Bank,Asia Pacific,Basic,24,7740,1006.39,288489,35,2391.73,10,Priority,7,73.7,ACH,3,35,6,0
INST_01216,Bank,North America,Professional,3,4386,3743.21,17102,332,4565.05,6,Priority,1,93.3,Invoice,3,7,5,0
INST_01217,Investment Firm,North America,Professional,30,423,1004.64,4628,193,37984.57,5,Standard,2,72.0,Wire Transfer,9,29,6,0
INST_01218,Investment Firm,North America,Professional,94,26121,199.89,46398,85,862.59,4,Priority,18,70.9,Credit Card,3,28,4,0
INST_01219,Bank,North America,Professional,39,20087,645.95,8096,16,6905.84,12,Standard,4,85.8,Credit Card,2,27,2,0
INST_01220,Payment Processor,Asia Pacific,Basic,47,451,855.33,19936,11,3241.02,7,Standard,1,91.6,Invoice,1,4,7,0
INST_01221,Bank,Asia Pacific,Professional,10,4910,122.28,3283,7602,3491.51,12,Premium,7,55.3,Wire Transfer,6,2,4,1
INST_01222,Credit Union,North America,Professional,9,1220,286.6,4652,13,49466.43,5,Standard,1,62.9,ACH,3,16,7,1
INST_01223,Payment Processor,North America,Enterprise,17,3671,1510.91,66601,3153,5551.47,7,Standard,0,92.2,Wire Transfer,3,26,3,0
INST_01224,Credit Union,North America,Professional,1,14471,50.0,26207,32,1248.46,10,Premium,14,46.7,Credit Card,1,24,4,1
INST_01225,Investment Firm,Europe,Professional,69,72777,89.97,6876,615,18641.03,11,Premium,3,69.7,Wire Transfer,0,27,4,0
INST_01226,Credit Union,North America,Professional,3,9199,326.46,26352,343,16694.94,7,Standard,10,63.7,Wire Transfer,1,4,9,0
INST_01227,Bank,Middle East,Enterprise,55,4639,616.72,8859,491,1094.71,6,Priority,13,24.4,Credit Card,8,15,6,0
INST_01228,Payment Processor,Asia Pacific,Basic,2,1790,79.11,6797,554,821.06,10,Priority,5,85.8,Invoice,4,16,8,1
INST_01229,Credit Union,North America,Professional,41,3917,346.49,126254,8,9097.72,2,Standard,0,71.5,Invoice,2,8,3,0
INST_01230,Payment Processor,Europe,Professional,3,22917,1610.86,71276,43,4677.63,7,Priority,2,60.2,Wire Transfer,1,20,8,1
INST_01231,Bank,Latin America,Professional,1,2787,438.07,21334,12,2426.31,8,Priority,2,92.3,Invoice,0,1,4,0
INST_01232,Bank,Europe,Basic,30,789,1245.02,27350,208,23967.35,6,Standard,6,82.1,Invoice,0,27,4,0
INST_01233,Bank,North America,Professional,7,262,198.24,21750,13,2021.47,11,Priority,3,65.3,Invoice,3,7,3,0
INST_01234,Investment Firm,North America,Basic,30,6435,152.64,45730,4,9249.68,6,Standard,3,66.7,ACH,1,26,6,0
INST_01235,Credit Union,Asia Pacific,Professional,19,4319,1117.28,6639,96,28623.02,6,Priority,7,79.6,Wire Transfer,13,2,1,1
INST_01236,Payment Processor,Europe,Professional,2,1131,628.36,80318,2,2955.15,5,Priority,0,88.4,Wire Transfer,4,17,3,0
INST_01237,Credit Union,Asia Pacific,Enterprise,64,13891,97.25,37434,236,500.0,10,Premium,0,78.7,Credit Card,11,7,8,0
INST_01238,Payment Processor,Latin America,Professional,14,1583,154.31,14844,15,2684.9,15,Premium,15,39.6,Credit Card,1,14,9,0
INST_01239,Bank,Latin America,Basic,31,2435,2637.26,10597,32,6528.46,9,Premium,12,77.7,ACH,0,31,5,0
INST_01240,Payment Processor,Latin America,Basic,16,2907,133.02,77784,2,22126.01,6,Priority,19,88.0,Credit Card,8,16,5,0
INST_01241,Insurance Company,North America,Enterprise,22,1760,1237.93,17575,2893,2249.04,10,Priority,1,72.5,Credit Card,4,9,5,0
INST_01242,Insurance Company,Europe,Basic,8,4246,227.28,7720,10,65162.55,13,Standard,2,84.2,ACH,6,10,5,1
INST_01243,Insurance Company,Asia Pacific,Professional,5,16768,401.89,12371,77,700.48,8,Standard,0,90.2,Wire Transfer,4,22,7,0
INST_01244,Insurance Company,Asia Pacific,Basic,18,537,574.51,69829,5,6286.85,6,Standard,7,76.8,Wire Transfer,2,26,7,0
INST_01245,Investment Firm,Europe,Professional,13,6202,50.0,1966,32,3433.23,12,Priority,10,78.9,Wire Transfer,1,1,8,0
INST_01246,Bank,North America,Professional,11,3859,69.74,12924,3474,37072.71,6,Priority,6,55.2,ACH,0,17,7,1
INST_01247,Bank,Asia Pacific,Professional,26,3754,447.47,109740,253,538.9,6,Standard,6,55.0,ACH,0,15,5,0
INST_01248,Payment Processor,Asia Pacific,Professional,28,11023,169.16,17114,40,9306.35,10,Standard,11,77.4,Wire Transfer,2,13,4,0
INST_01249,Investment Firm,North America,Enterprise,1,3209,1333.95,33164,139,3407.22,3,Standard,0,72.7,ACH,1,14,5,0
INST_01250,Insurance Company,Europe,Professional,9,6126,58.71,112437,54,48713.5,5,Premium,9,74.0,Credit Card,4,25,3,0
INST_01251,Credit Union,North America,Professional,12,8723,794.97,83993,125,1418.23,9,Standard,15,84.3,Credit Card,6,35,4,0
INST_01252,Bank,North America,Enterprise,2,1398,77.37,11383,566,9163.44,10,Standard,7,74.0,Wire Transfer,5,35,5,0
INST_01253,Bank,North America,Enterprise,6,4669,264.4,18113,81,1397.88,8,Standard,8,36.2,ACH,10,25,3,1
INST_01254,Investment Firm,Europe,Professional,1,2046,112.48,85574,220,6516.5,6,Standard,7,88.4,ACH,6,8,8,0
INST_01255,Credit Union,Europe,Enterprise,120,2442,3955.71,90147,227,2824.12,6,Premium,12,94.1,Wire Transfer,2,0,2,0
INST_01256,Bank,Europe,Basic,32,1838,80.85,19301,82,2757.71,7,Standard,3,55.0,ACH,2,27,6,0
INST_01257,Credit Union,Asia Pacific,Professional,2,6042,348.46,20326,39,500.0,9,Standard,13,62.5,Wire Transfer,0,17,6,1
INST_01258,Bank,Asia Pacific,Enterprise,1,3369,50.79,32909,57,9153.36,7,Standard,2,87.7,Wire Transfer,4,10,8,0
INST_01259,Investment Firm,North America,Basic,30,5387,2750.35,171159,522,969.37,7,Priority,0,36.3,Wire Transfer,5,15,7,0
INST_01260,Bank,North America,Basic,13,2903,652.98,109245,606,920.56,12,Standard,0,55.4,Credit Card,1,26,4,0
INST_01261,Insurance Company,Latin America,Professional,37,268,475.5,62322,19,500.0,6,Standard,0,88.5,Wire Transfer,9,1,7,1
INST_01262,Bank,North America,Professional,61,3124,2366.52,4367,92,1008.2,9,Premium,4,90.6,Wire Transfer,2,18,6,0
INST_01263,Credit Union,Middle East,Professional,21,3279,481.5,14585,38,10412.06,3,Standard,6,77.1,Credit Card,2,13,7,0
INST_01264,Bank,Asia Pacific,Professional,4,4289,525.05,15781,626,9669.77,8,Premium,7,45.4,Wire Transfer,1,7,4,0
INST_01265,Bank,Europe,Enterprise,36,1223,472.52,184929,63,13300.63,7,Standard,5,87.7,ACH,0,32,2,0
INST_01266,Credit Union,Middle East,Professional,74,496,793.43,15393,7798,1053.14,8,Standard,1,24.4,ACH,25,25,3,1
INST_01267,Credit Union,North America,Basic,20,7607,223.42,144374,219,6782.98,9,Priority,14,39.1,ACH,3,27,5,0
INST_01268,Investment Firm,North America,Enterprise,27,1977,311.95,9357,1245,1952.61,6,Standard,1,44.7,Wire Transfer,14,24,0,0
INST_01269,Bank,Europe,Basic,9,3853,1066.78,10547,23,20580.4,8,Standard,12,49.1,Wire Transfer,4,11,3,0
INST_01270,Investment Firm,North America,Basic,11,1954,562.76,45350,151,9311.64,5,Priority,8,88.4,Wire Transfer,10,1,4,1
INST_01271,Payment Processor,Latin America,Basic,31,2953,351.75,231473,449,1835.78,8,Standard,3,79.4,Wire Transfer,4,21,5,0
INST_01272,Insurance Company,North America,Professional,63,1519,75.14,16031,23,23408.71,3,Premium,3,57.7,Wire Transfer,5,11,5,0
INST_01273,Bank,Europe,Basic,23,697,2434.9,471,153,10519.82,8,Standard,11,73.9,Wire Transfer,15,9,7,1
INST_01274,Credit Union,Europe,Basic,37,6066,182.41,2108,985,613.69,10,Priority,29,54.2,Credit Card,7,24,0,0
INST_01275,Bank,Asia Pacific,Professional,4,1206,1319.07,34438,82,500.0,12,Standard,1,81.6,Wire Transfer,0,12,8,0
INST_01276,Bank,North America,Basic,5,3812,498.15,2411,32,650.98,6,Standard,8,81.2,ACH,5,35,4,1
INST_01277,Payment Processor,North America,Professional,18,5517,85.44,6012,3809,58324.21,8,Premium,0,53.8,Wire Transfer,2,32,4,0
INST_01278,Bank,Asia Pacific,Enterprise,4,1236,1812.99,22438,18,1071.49,5,Priority,0,60.7,ACH,2,1,5,1
INST_01279,Credit Union,North America,Professional,24,489,547.55,558,196,81978.34,5,Priority,4,91.2,Credit Card,10,3,7,0
INST_01280,Investment Firm,Asia Pacific,Basic,8,113451,2003.03,12461,41,991.3,7,Standard,0,77.8,ACH,9,19,3,0
INST_01281,Insurance Company,Europe,Basic,37,1350,324.12,3838,27,844.89,6,Standard,16,80.3,ACH,2,0,8,1
INST_01282,Investment Firm,Asia Pacific,Enterprise,39,7594,939.04,2324,563,18396.74,10,Standard,3,92.9,Wire Transfer,11,16,7,0
INST_01283,Bank,Asia Pacific,Basic,14,54676,50.0,6612,102,19698.25,10,Priority,3,60.1,Credit Card,3,14,6,1
INST_01284,Bank,North America,Enterprise,4,9748,221.35,4430,308,11313.34,10,Standard,2,90.2,Credit Card,1,23,7,0
INST_01285,Credit Union,Europe,Basic,24,1899,87.57,44543,2,13550.32,10,Standard,2,89.8,ACH,0,15,5,1
INST_01286,Bank,Latin America,Enterprise,118,2695,257.3,132559,367,1476.7,13,Standard,0,49.0,Invoice,1,5,5,0
INST_01287,Credit Union,Europe,Professional,23,854,710.65,12750,40,17145.74,7,Priority,6,64.6,Wire Transfer,7,6,4,0
INST_01288,Bank,Middle East,Professional,1,11187,195.29,9007,5,7044.45,7,Standard,2,73.4,ACH,3,13,4,0
INST_01289,Bank,Europe,Professional,1,6970,1137.53,11833,4413,2841.5,7,Standard,2,55.6,Credit Card,1,8,3,1
INST_01290,Credit Union,North America,Professional,9,1377,144.32,4178,437,5664.25,11,Standard,2,70.2,ACH,3,30,5,0
INST_01291,Bank,North America,Professional,5,624,1167.11,3187,223,24124.15,10,Standard,2,98.4,Wire Transfer,11,35,3,1
INST_01292,Investment Firm,Middle East,Professional,40,410,1942.46,1866,1406,8846.49,10,Standard,14,70.4,Credit Card,1,28,6,0
INST_01293,Investment Firm,North America,Professional,44,13092,1361.35,2998,231,500.0,14,Priority,4,74.7,Wire Transfer,5,11,5,0
INST_01294,Insurance Company,Latin America,Basic,7,3570,266.93,254736,35,18710.53,6,Standard,4,66.5,Wire Transfer,0,16,3,1
INST_01295,Bank,Latin America,Basic,9,4115,50.0,7819,108,16679.87,6,Standard,10,67.4,ACH,10,16,7,0
INST_01296,Bank,North America,Professional,6,867,811.27,267,43,2783.33,3,Priority,2,90.5,Wire Transfer,3,33,5,1
INST_01297,Bank,North America,Basic,57,331,347.14,9130,60,5855.42,8,Standard,10,89.2,Wire Transfer,1,21,1,0
INST_01298,Investment Firm,Asia Pacific,Professional,16,12631,124.7,2027,15,5820.31,7,Standard,1,88.4,ACH,9,25,7,0
INST_01299,Insurance Company,North America,Basic,25,3174,206.95,24082,25,500.0,3,Standard,8,77.7,ACH,0,11,6,0
INST_01300,Bank,Asia Pacific,Professional,12,11624,2255.91,20485,742,2690.53,6,Standard,1,53.9,Wire Transfer,2,1,4,1
INST_01301,Payment Processor,Europe,Basic,23,1670,103.05,23952,269,2851.31,6,Standard,8,96.9,ACH,0,7,4,0
INST_01302,Bank,Europe,Professional,11,2089,707.67,20721,60,3873.48,5,Standard,4,47.1,Wire Transfer,10,5,6,0
INST_01303,Credit Union,Asia Pacific,Basic,9,8690,524.03,12593,23,2233.28,8,Priority,0,71.2,ACH,2,16,6,0
INST_01304,Insurance Company,North America,Basic,24,8942,262.73,2480,71,13283.3,5,Standard,6,55.4,Credit Card,1,20,9,0
INST_01305,Payment Processor,Europe,Basic,21,9861,874.31,19693,7,1460.17,3,Standard,8,46.9,ACH,9,6,5,0
INST_01306,Insurance Company,North America,Enterprise,8,1914,2860.34,101558,186,19247.1,4,Standard,1,78.4,Invoice,11,14,3,0
INST_01307,Insurance Company,North America,Basic,3,7493,282.83,334539,813,12377.22,4,Standard,19,79.0,Credit Card,0,18,3,1
INST_01308,Bank,Europe,Professional,11,15735,301.32,15413,10000,37821.29,6,Priority,1,76.9,Invoice,4,10,4,0
INST_01309,Insurance Company,Asia Pacific,Basic,12,2547,851.06,18134,20,66217.4,10,Standard,2,42.1,ACH,4,14,2,0
INST_01310,Bank,North America,Basic,23,1379,1214.26,46659,755,66881.5,6,Standard,9,67.2,Wire Transfer,8,0,4,1
INST_01311,Payment Processor,Europe,Professional,59,22339,346.11,206873,41,830.12,11,Standard,1,69.4,Wire Transfer,3,14,6,1
INST_01312,Credit Union,Asia Pacific,Professional,1,1116,279.65,10620,19,8236.07,7,Standard,17,73.2,Credit Card,0,22,7,0
INST_01313,Insurance Company,North America,Enterprise,6,7663,50.0,62253,19,1674.58,10,Priority,7,52.8,Wire Transfer,17,17,5,0
INST_01314,Credit Union,North America,Enterprise,5,2730,158.6,6411,191,500000.0,10,Priority,9,62.2,Invoice,3,20,7,1
INST_01315,Investment Firm,Latin America,Professional,16,188,102.8,36126,27,12346.24,9,Priority,0,86.5,Invoice,5,27,3,0
INST_01316,Credit Union,Asia Pacific,Professional,13,16202,917.41,94457,49,41128.97,6,Standard,12,71.8,Credit Card,0,35,5,0
INST_01317,Insurance Company,Europe,Professional,31,47,301.06,3177,67,9443.24,9,Priority,5,39.6,Credit Card,8,15,3,0
INST_01318,Bank,Europe,Professional,6,151,287.26,10019,39,500.0,7,Standard,10,64.8,Credit Card,11,6,5,0
INST_01319,Bank,North America,Enterprise,21,6574,399.07,92242,34,1517.25,7,Standard,0,82.9,ACH,1,35,2,0
INST_01320,Bank,Europe,Professional,51,6572,141.99,55505,1,1757.46,8,Priority,6,88.7,Invoice,1,10,3,0
INST_01321,Bank,Europe,Professional,57,1145,2601.64,104184,173,2737.49,8,Standard,8,91.3,Credit Card,1,9,6,0
INST_01322,Payment Processor,Europe,Basic,76,3720,1915.69,78641,167,8428.32,10,Standard,4,37.5,Wire Transfer,3,31,8,0
INST_01323,Bank,North America,Basic,35,66,2812.22,13204,35,10425.39,7,Priority,12,75.5,Invoice,0,32,5,0
INST_01324,Payment Processor,North America,Enterprise,56,8608,916.08,596470,283,500.0,5,Standard,19,81.8,Wire Transfer,0,12,7,0
INST_01325,Bank,North America,Professional,6,4335,389.41,27047,1834,3444.8,11,Standard,1,82.0,Wire Transfer,4,23,8,0
INST_01326,Bank,Middle East,Professional,5,2783,2800.84,225,154,2371.28,5,Priority,0,81.0,Credit Card,3,24,7,1
INST_01327,Insurance Company,Europe,Basic,1,3075,178.19,14421,1626,39009.38,4,Standard,10,64.9,Wire Transfer,6,18,6,0
INST_01328,Investment Firm,Europe,Enterprise,29,6247,141.82,10897,8338,11948.57,5,Standard,4,62.5,Wire Transfer,6,21,3,0
INST_01329,Credit Union,North America,Basic,66,2854,196.01,72611,10000,3734.55,13,Priority,0,61.8,Wire Transfer,2,12,3,0
INST_01330,Investment Firm,North America,Enterprise,4,179,755.55,11194,17,6874.14,9,Priority,0,93.3,ACH,5,25,7,0
INST_01331,Insurance Company,Asia Pacific,Basic,24,80378,161.66,114514,17,500.0,6,Standard,1,85.5,Invoice,9,32,6,1
INST_01332,Bank,Europe,Enterprise,32,18055,334.81,50876,66,13253.65,10,Standard,0,16.1,Wire Transfer,4,31,7,0
INST_01333,Payment Processor,Europe,Professional,63,433,59.01,4914,187,2715.39,9,Priority,4,93.1,Credit Card,17,29,12,0
INST_01334,Payment Processor,North America,Basic,24,1776,718.61,17844,2581,1464.01,12,Standard,3,89.3,ACH,25,5,3,1
INST_01335,Investment Firm,Asia Pacific,Professional,84,2092,65.33,6882,458,35289.75,8,Priority,0,69.5,ACH,3,27,7,0
INST_01336,Bank,North America,Professional,10,15037,131.82,29060,17,7408.41,9,Standard,1,53.9,Credit Card,1,5,3,0
INST_01337,Investment Firm,North America,Basic,10,116,1738.19,6821,49,1811.4,9,Standard,9,63.9,ACH,7,28,3,1
INST_01338,Bank,Europe,Enterprise,18,1410,1663.01,24628,137,1985.07,10,Standard,11,86.5,ACH,0,11,8,0
INST_01339,Bank,North America,Professional,11,212,632.18,14640,10,8508.83,5,Standard,0,81.2,Wire Transfer,7,4,5,1
INST_01340,Bank,North America,Professional,1,1943,561.6,17529,152,7572.34,11,Standard,0,45.7,Credit Card,2,26,9,1
INST_01341,Credit Union,Europe,Basic,31,1467,213.33,477543,17,5136.55,9,Standard,44,63.6,Credit Card,7,16,8,0
INST_01342,Payment Processor,Asia Pacific,Professional,33,3359,159.58,12826,7,808.33,7,Standard,7,74.6,ACH,1,19,5,0
INST_01343,Insurance Company,Asia Pacific,Enterprise,32,1203,261.21,1209,26,1009.09,11,Standard,8,90.9,Credit Card,3,30,2,0
INST_01344,Insurance Company,Europe,Professional,10,966,65.6,101087,311,1599.63,5,Priority,3,50.2,Invoice,9,13,5,1
INST_01345,Credit Union,North America,Enterprise,17,7551,546.17,99900,307,3662.06,5,Standard,4,74.1,Credit Card,2,10,2,0
INST_01346,Bank,North America,Enterprise,10,5895,427.77,1131,176,4619.46,9,Standard,4,74.7,ACH,2,14,4,0
INST_01347,Credit Union,Middle East,Basic,1,6816,131.62,7697,884,3866.26,9,Standard,2,62.3,ACH,4,22,5,1
INST_01348,Payment Processor,Europe,Basic,19,2286,2650.27,42349,730,4140.75,3,Standard,8,71.6,ACH,5,8,3,0
INST_01349,Bank,Asia Pacific,Enterprise,3,1264,835.72,48354,214,82608.54,5,Standard,5,83.4,ACH,1,28,5,0
INST_01350,Payment Processor,North America,Professional,2,2494,925.39,21870,167,17568.72,9,Premium,20,68.1,ACH,4,31,3,0
INST_01351,Investment Firm,Europe,Basic,33,6321,224.8,22623,187,29211.72,13,Priority,0,75.2,Credit Card,3,32,2,0
INST_01352,Credit Union,North America,Basic,1,113,402.79,5389,113,9861.52,5,Standard,15,96.1,Credit Card,7,22,7,1
INST_01353,Insurance Company,Europe,Professional,76,5383,856.49,601,2,5478.6,7,Priority,20,67.8,Wire Transfer,5,33,3,0
INST_01354,Credit Union,Latin America,Professional,17,4739,484.61,476518,1145,9090.07,11,Standard,1,72.8,ACH,3,4,3,0
INST_01355,Payment Processor,Middle East,Basic,97,3272,2758.05,5151,303,6896.23,5,Premium,1,76.2,ACH,9,20,7,0
INST_01356,Payment Processor,Europe,Basic,1,2382,315.91,28703,16,16514.06,6,Standard,0,65.4,Wire Transfer,4,16,6,1
INST_01357,Credit Union,Europe,Enterprise,21,63,220.2,17356,1939,1138.3,8,Premium,1,86.9,ACH,3,35,5,0
INST_01358,Bank,Latin America,Professional,10,1541,863.59,84609,51,14575.84,7,Priority,7,74.9,ACH,1,3,3,0
INST_01359,Investment Firm,Asia Pacific,Professional,44,43658,88.45,26169,122,6314.4,6,Priority,1,90.8,Credit Card,1,14,4,0
INST_01360,Payment Processor,North America,Professional,10,3039,1223.12,27726,936,500.0,9,Standard,13,56.6,ACH,0,5,5,1
INST_01361,Bank,Europe,Professional,7,1880,84.7,423,220,5589.15,5,Premium,17,52.0,Wire Transfer,8,12,4,0
INST_01362,Investment Firm,North America,Professional,46,3057,868.1,6310,1642,692.75,3,Standard,0,77.7,Credit Card,0,31,7,0
INST_01363,Investment Firm,Europe,Professional,11,5075,185.32,67302,78,2202.84,10,Premium,4,79.6,ACH,17,8,6,1
INST_01364,Insurance Company,Europe,Basic,1,8008,714.73,58806,3115,3870.79,9,Standard,0,75.4,Invoice,4,17,6,1
INST_01365,Bank,Europe,Professional,11,2114,1198.48,5284,36,512.52,9,Priority,6,38.3,ACH,0,7,5,0
INST_01366,Insurance Company,North America,Professional,25,5638,484.98,2065,1590,4534.13,9,Priority,2,88.1,Credit Card,8,35,3,0
INST_01367,Payment Processor,North America,Enterprise,7,36863,95.63,26632,2,5446.36,14,Standard,13,63.5,ACH,10,2,3,0
INST_01368,Bank,Europe,Professional,13,13485,137.53,281,20,15254.21,7,Standard,17,91.8,Credit Card,2,30,12,0
INST_01369,Bank,Asia Pacific,Enterprise,1,99752,168.28,3932,253,2488.29,4,Standard,4,85.6,ACH,2,33,6,0
INST_01370,Payment Processor,Asia Pacific,Enterprise,21,1113,50.0,308735,72,7418.35,5,Standard,21,58.6,Credit Card,9,27,6,0
INST_01371,Bank,North America,Basic,33,36837,1560.83,192451,129,4259.39,10,Priority,14,61.8,ACH,3,13,3,0
INST_01372,Payment Processor,Latin America,Professional,12,910,460.42,45746,159,2624.36,7,Premium,0,48.0,Credit Card,3,14,5,1
INST_01373,Credit Union,Latin America,Professional,13,5066,103.27,34926,17,500.0,10,Priority,3,88.5,ACH,11,1,3,0
INST_01374,Bank,North America,Enterprise,2,8943,2314.18,1181,19,4157.21,6,Priority,2,83.5,ACH,0,7,6,0
INST_01375,Payment Processor,North America,Professional,5,1385,173.89,7251,225,15014.46,12,Priority,2,58.3,Wire Transfer,10,33,7,0
INST_01376,Credit Union,Asia Pacific,Professional,4,3401,544.95,14146,44,1211.27,6,Priority,11,59.8,Invoice,13,26,3,1
INST_01377,Credit Union,Asia Pacific,Professional,15,11680,149.86,7486,1658,3545.11,13,Priority,2,71.1,Credit Card,0,19,8,0
INST_01378,Credit Union,Middle East,Basic,18,1027,50.0,13025,105,4421.65,7,Standard,3,61.4,ACH,5,35,4,0
INST_01379,Investment Firm,Latin America,Basic,71,36463,78.47,154637,541,25684.96,8,Standard,0,53.8,Credit Card,1,27,4,0
INST_01380,Bank,Europe,Professional,1,373,235.52,9771,329,5141.82,8,Standard,5,73.1,ACH,4,22,6,1
INST_01381,Credit Union,Europe,Professional,21,54695,1185.54,13208,50,7571.38,13,Priority,0,86.5,Credit Card,5,18,6,0
INST_01382,Payment Processor,North America,Professional,17,13386,611.45,66789,4,4851.37,9,Standard,14,80.1,Credit Card,4,16,7,0
INST_01383,Bank,North America,Professional,17,2605,477.35,2619,1252,2348.52,7,Priority,11,65.9,ACH,5,30,4,1
INST_01384,Investment Firm,Europe,Basic,49,1629,50.0,6245,25,896.31,5,Standard,2,27.4,Wire Transfer,4,17,2,0
INST_01385,Bank,Europe,Professional,5,1393,1852.15,7283,71,3204.76,9,Priority,0,39.9,Wire Transfer,6,15,6,1
INST_01386,Insurance Company,Europe,Basic,1,2431,527.64,23941,113,8866.53,8,Standard,0,87.8,ACH,3,8,7,1
INST_01387,Bank,Asia Pacific,Enterprise,26,2771,349.57,13128,135,5911.26,8,Standard,1,78.4,ACH,1,22,2,0
INST_01388,Payment Processor,North America,Enterprise,10,19591,1570.12,13766,838,45219.12,8,Standard,4,61.1,Wire Transfer,1,1,4,0
INST_01389,Credit Union,Europe,Professional,1,57124,1802.62,8125,149,20308.16,7,Standard,9,85.2,Wire Transfer,5,9,8,0
INST_01390,Bank,North America,Basic,6,4020,1612.45,4419,118,31597.61,3,Priority,0,75.5,Wire Transfer,3,18,7,0
INST_01391,Bank,Europe,Basic,8,838,299.91,54924,928,500.0,6,Standard,8,77.1,ACH,2,11,3,0
INST_01392,Bank,Asia Pacific,Professional,23,1314,121.0,13270,437,52522.73,9,Priority,5,45.9,ACH,4,18,6,0
INST_01393,Credit Union,Asia Pacific,Professional,4,2265,1321.74,55744,39,7333.57,6,Standard,6,80.7,Invoice,21,8,4,0
INST_01394,Bank,Middle East,Professional,12,635,78.41,4157,18,9075.99,6,Priority,18,86.3,Credit Card,4,30,7,0
INST_01395,Insurance Company,North America,Basic,15,508,4174.33,8120,33,18845.72,5,Standard,21,49.5,Credit Card,5,4,4,1
INST_01396,Credit Union,Europe,Professional,14,69264,417.21,15807,135,5074.46,12,Standard,9,84.9,ACH,5,7,0,0
INST_01397,Bank,North America,Professional,87,4693,112.95,18182,15,986.76,7,Standard,8,73.2,Wire Transfer,5,16,8,0
INST_01398,Investment Firm,Europe,Professional,1,854,92.0,68292,174,43092.81,7,Standard,10,35.6,Wire Transfer,1,15,8,0
INST_01399,Insurance Company,Latin America,Professional,72,10146,87.08,11547,117,1552.57,10,Standard,7,61.2,Invoice,0,24,9,0
INST_01400,Bank,Asia Pacific,Basic,20,509,477.44,67515,1,1120.38,10,Premium,0,79.7,Credit Card,7,25,5,1
INST_01401,Bank,Latin America,Professional,38,575,400.35,38654,11,3458.36,10,Standard,39,94.8,ACH,1,23,5,0
INST_01402,Bank,North America,Enterprise,13,893,91.55,18764,1,2754.51,11,Standard,7,53.4,ACH,0,22,5,0
INST_01403,Insurance Company,Latin America,Professional,14,35659,263.03,5287,79,4942.91,12,Standard,4,83.5,Credit Card,1,16,2,0
INST_01404,Investment Firm,North America,Enterprise,50,2039,78.14,68549,1025,4241.56,9,Premium,4,69.1,ACH,3,16,6,0
INST_01405,Credit Union,Latin America,Professional,54,76,818.25,5488,4,37074.87,8,Standard,1,73.3,ACH,1,3,4,0
INST_01406,Insurance Company,North America,Basic,6,18308,377.85,21334,13,9788.7,13,Standard,4,32.6,Credit Card,0,0,5,1
INST_01407,Insurance Company,North America,Professional,5,1882,256.19,20314,110,1357.37,9,Premium,9,82.2,Credit Card,1,30,7,1
INST_01408,Investment Firm,Europe,Professional,16,186,85.99,16144,21,1667.77,7,Standard,2,67.7,Credit Card,0,0,5,1
INST_01409,Payment Processor,Latin America,Professional,55,1853,281.41,12283,21,2745.5,8,Premium,13,80.4,ACH,3,32,7,0
INST_01410,Bank,North America,Basic,9,6512,245.26,6418,393,2761.97,10,Priority,1,72.8,Wire Transfer,5,7,3,0
INST_01411,Bank,North America,Professional,25,5464,590.68,1948,60,2270.79,5,Standard,13,61.8,Wire Transfer,6,20,3,0
INST_01412,Bank,Latin America,Basic,29,44250,492.96,180901,10,941.42,13,Standard,6,54.0,Credit Card,7,33,4,0
INST_01413,Bank,North America,Basic,36,829,1043.64,10534,3,7597.72,14,Priority,12,81.1,Credit Card,0,13,2,0
INST_01414,Credit Union,North America,Professional,19,3197,225.54,18175,7904,2481.44,7,Standard,3,82.5,ACH,6,28,6,0
INST_01415,Payment Processor,Europe,Professional,12,1043,50.0,18009,1131,1178.85,11,Priority,2,50.9,Wire Transfer,6,20,4,0
INST_01416,Bank,North America,Enterprise,81,294,1325.19,113937,65,10180.33,6,Standard,8,95.4,ACH,3,15,4,0
INST_01417,Bank,Latin America,Professional,22,11251,131.2,400228,173,17531.12,4,Priority,3,49.1,ACH,4,5,3,0
INST_01418,Credit Union,Asia Pacific,Professional,31,5972,106.88,27994,61,3400.05,6,Standard,21,73.9,ACH,5,6,5,0
INST_01419,Payment Processor,Europe,Professional,10,4562,383.09,17404,371,71127.52,4,Standard,9,78.6,ACH,3,11,7,1
INST_01420,Bank,Middle East,Professional,26,5654,579.82,4083,31,136391.0,13,Standard,3,92.9,ACH,23,32,7,0
INST_01421,Credit Union,Europe,Basic,7,1066,213.36,2526,55,10356.14,3,Premium,1,84.6,Wire Transfer,0,6,4,0
INST_01422,Bank,North America,Enterprise,6,659,211.36,1539,336,2432.77,11,Standard,5,87.1,Wire Transfer,0,28,3,0
INST_01423,Bank,North America,Professional,30,3154,252.34,6675,2032,7357.17,8,Priority,6,79.6,ACH,1,3,5,0
INST_01424,Payment Processor,Europe,Enterprise,17,17014,2208.01,956,563,783.16,7,Standard,24,68.5,Credit Card,4,29,2,1
INST_01425,Payment Processor,North America,Professional,27,33260,402.13,111106,1367,1329.03,2,Standard,9,63.6,Credit Card,12,2,5,0
INST_01426,Bank,Latin America,Basic,7,9829,126.27,41549,84,500.0,4,Standard,2,69.0,Wire Transfer,16,8,1,1
INST_01427,Payment Processor,Asia Pacific,Professional,21,3114,127.82,15101,48,1914.67,11,Priority,2,92.3,ACH,16,8,4,0
INST_01428,Investment Firm,North America,Basic,14,4467,298.55,116317,4,773.73,6,Standard,6,81.0,Wire Transfer,15,29,9,0
INST_01429,Payment Processor,Europe,Professional,21,3033,536.69,4417,169,12532.56,12,Premium,0,68.8,ACH,9,21,6,0
INST_01430,Credit Union,Asia Pacific,Basic,8,639,721.1,6438,293,1597.61,9,Standard,8,81.1,ACH,3,22,5,1
INST_01431,Credit Union,Latin America,Professional,30,3093,468.24,1211,86,7442.28,11,Priority,0,66.5,Invoice,5,29,4,0
INST_01432,Credit Union,Latin America,Enterprise,39,402,146.9,70370,36,15091.09,9,Standard,5,72.9,Credit Card,0,27,3,0
INST_01433,Investment Firm,Europe,Professional,7,2474,242.57,6532,1391,28481.6,8,Premium,28,56.2,Wire Transfer,0,0,4,1
INST_01434,Bank,Asia Pacific,Enterprise,8,34688,973.3,22551,462,2892.46,10,Priority,14,68.9,Credit Card,10,11,10,0
INST_01435,Bank,Europe,Professional,25,10242,101.97,99098,1576,7831.87,4,Priority,13,90.1,Wire Transfer,2,10,3,0
INST_01436,Bank,Europe,Professional,28,746,230.69,172176,26,8215.29,6,Priority,9,78.2,Credit Card,2,28,4,0
INST_01437,Insurance Company,North America,Enterprise,29,2674,826.3,21084,41,33128.1,12,Premium,18,78.3,ACH,1,0,6,1
INST_01438,Bank,North America,Enterprise,27,852,1153.25,39197,1294,15920.09,6,Standard,18,57.9,Credit Card,1,0,4,1
INST_01439,Investment Firm,Europe,Professional,11,2714,320.06,5677,136,34718.14,6,Standard,1,68.3,ACH,6,7,7,0
INST_01440,Payment Processor,North America,Basic,12,14209,246.3,275146,53,500.0,12,Standard,1,75.8,Credit Card,9,8,3,0
INST_01441,Bank,North America,Professional,7,7938,82.55,17167,60,1814.55,6,Premium,18,87.4,Wire Transfer,2,5,7,1
INST_01442,Investment Firm,Asia Pacific,Basic,4,123774,758.06,24845,145,23103.17,11,Standard,2,49.0,Invoice,5,3,5,0
INST_01443,Credit Union,North America,Professional,28,17831,1963.6,11964,902,11743.47,8,Premium,3,71.8,Credit Card,6,23,3,0
INST_01444,Payment Processor,Europe,Professional,2,4048,8762.05,133102,111,4074.21,10,Standard,0,82.4,ACH,3,5,4,1
INST_01445,Bank,Europe,Enterprise,66,8231,641.45,29714,615,2413.72,3,Standard,16,89.1,Wire Transfer,2,22,3,0
INST_01446,Investment Firm,Middle East,Enterprise,42,2200,379.53,68968,344,16042.98,11,Priority,0,56.3,Credit Card,4,16,2,0
INST_01447,Insurance Company,Europe,Professional,46,549,133.78,37456,30,500.0,10,Premium,5,49.2,Invoice,4,30,4,1
INST_01448,Payment Processor,North America,Basic,56,21134,50.0,15825,30,16127.59,7,Priority,1,57.2,Wire Transfer,1,9,10,0
INST_01449,Investment Firm,Europe,Enterprise,12,13541,498.87,88805,65,5630.94,11,Standard,0,69.9,Wire Transfer,2,35,5,0
INST_01450,Credit Union,Asia Pacific,Basic,45,2076,6771.02,36974,13,2360.76,8,Priority,2,76.9,ACH,1,19,4,0
INST_01451,Investment Firm,Middle East,Professional,4,4495,1853.77,5211,58,10442.73,5,Priority,7,78.8,Wire Transfer,4,34,7,0
INST_01452,Payment Processor,Europe,Basic,1,19175,1540.52,4994,2262,2754.32,4,Standard,0,69.9,ACH,13,23,6,0
INST_01453,Investment Firm,North America,Professional,36,10609,541.71,27535,140,5133.42,6,Priority,13,37.5,ACH,2,8,5,0
INST_01454,Bank,Latin America,Enterprise,1,332,621.06,85921,37,4585.39,13,Premium,8,84.6,Wire Transfer,5,10,4,1
INST_01455,Payment Processor,North America,Basic,107,4295,50.0,257591,4667,15014.85,9,Standard,0,94.5,ACH,8,5,5,0
INST_01456,Investment Firm,Europe,Professional,26,2318,1007.28,1531,27,6240.23,14,Premium,3,87.7,Credit Card,16,15,5,0
INST_01457,Investment Firm,Europe,Professional,33,15827,201.3,22890,26,500.0,10,Standard,11,50.0,Wire Transfer,8,11,7,0
INST_01458,Bank,North America,Enterprise,6,13996,173.8,45911,1357,609.02,6,Priority,18,90.4,Wire Transfer,0,9,2,0
INST_01459,Investment Firm,North America,Enterprise,26,21545,273.72,34320,488,966.57,8,Standard,6,82.9,Wire Transfer,0,7,7,0
INST_01460,Credit Union,North America,Basic,1,557,262.85,100106,117,9748.0,7,Priority,8,66.5,ACH,6,30,7,1
INST_01461,Investment Firm,Asia Pacific,Basic,43,919,170.52,58882,663,11330.78,8,Priority,14,81.6,Credit Card,6,30,9,1
INST_01462,Bank,Latin America,Professional,4,15853,410.2,5022,254,60206.51,8,Standard,4,91.1,Credit Card,10,19,5,0
INST_01463,Investment Firm,North America,Professional,28,1227,206.45,4806,17,1073.15,10,Priority,8,86.6,ACH,7,21,2,0
INST_01464,Payment Processor,Asia Pacific,Professional,6,304,455.04,35195,1,35027.17,9,Standard,6,60.4,ACH,4,15,4,0
INST_01465,Bank,North America,Basic,1,6626,67.72,97319,53,500.0,5,Standard,8,50.5,Invoice,6,22,5,1
INST_01466,Payment Processor,Europe,Basic,15,1311,312.04,27313,1046,5047.44,8,Priority,14,36.9,ACH,4,28,4,0
INST_01467,Credit Union,North America,Professional,4,43681,108.25,2065,68,7099.68,6,Priority,10,65.9,ACH,11,17,4,0
INST_01468,Payment Processor,Latin America,Basic,31,4648,186.84,4579,339,7061.31,13,Standard,0,86.4,Wire Transfer,2,28,6,0
INST_01469,Insurance Company,Asia Pacific,Enterprise,6,3791,479.18,62147,206,3089.01,4,Premium,18,41.4,Credit Card,0,32,2,1
INST_01470,Investment Firm,Asia Pacific,Basic,10,1713,58.86,13056,7,5865.5,9,Standard,0,77.7,ACH,1,35,4,0
INST_01471,Insurance Company,Asia Pacific,Basic,20,32410,150.37,26289,71,770.6,10,Standard,9,67.2,Wire Transfer,0,34,4,0
INST_01472,Payment Processor,Europe,Enterprise,8,5104,798.52,108893,283,17993.07,4,Standard,2,57.6,Wire Transfer,8,8,4,0
INST_01473,Credit Union,Middle East,Professional,11,1615,74.01,3628,35,7148.7,6,Standard,10,71.2,ACH,4,21,5,0
INST_01474,Bank,Asia Pacific,Professional,40,905,3406.5,11832,77,8462.08,8,Standard,0,67.7,Credit Card,3,12,9,1
INST_01475,Investment Firm,Latin America,Basic,4,2669,1711.78,10053,300,3234.0,4,Priority,1,79.4,ACH,6,25,8,0
INST_01476,Insurance Company,Europe,Professional,2,687,222.87,37537,169,3004.99,11,Standard,0,71.5,ACH,1,7,7,1
INST_01477,Insurance Company,North America,Professional,9,13951,156.86,70216,976,10797.79,16,Standard,9,75.3,ACH,6,9,4,0
INST_01478,Insurance Company,Europe,Professional,13,197,514.05,2391,296,53367.69,8,Priority,1,77.2,Wire Transfer,9,34,8,1
INST_01479,Credit Union,North America,Enterprise,18,2418,71.03,21844,26,607.62,9,Priority,18,55.5,Wire Transfer,4,21,9,0
INST_01480,Insurance Company,Europe,Professional,11,7444,50.0,81145,62,563.35,3,Priority,3,78.8,Wire Transfer,17,7,12,1
INST_01481,Bank,Europe,Professional,37,4979,232.48,1363,153,7326.9,6,Standard,8,94.2,ACH,6,14,1,0
INST_01482,Credit Union,Europe,Professional,1,1016,343.48,19998,1651,2986.03,7,Priority,12,94.6,Invoice,2,12,3,1
INST_01483,Bank,North America,Professional,13,8025,451.83,3555,63,5920.4,5,Premium,21,76.0,Wire Transfer,4,8,8,0
INST_01484,Bank,North America,Basic,11,789,192.93,8413,6,4742.48,9,Standard,4,50.2,ACH,0,2,5,1
INST_01485,Credit Union,Europe,Professional,25,2882,1860.75,514,328,12494.13,9,Priority,7,75.7,Credit Card,12,35,7,0
INST_01486,Credit Union,Middle East,Professional,81,7924,67.08,177922,38,3199.52,9,Premium,3,68.4,Credit Card,5,13,2,0
INST_01487,Investment Firm,North America,Professional,17,5969,102.93,12916,14,802.46,7,Premium,2,72.4,Credit Card,2,19,7,0
INST_01488,Credit Union,Europe,Professional,104,1082,723.4,6563,153,1503.0,5,Standard,8,88.4,Wire Transfer,9,14,4,0
INST_01489,Credit Union,Asia Pacific,Professional,8,17966,100.09,36040,855,3863.48,9,Premium,3,69.2,Wire Transfer,0,25,6,0
INST_01490,Bank,Europe,Enterprise,1,3394,95.55,4612,52,748.11,7,Priority,5,57.6,ACH,3,26,6,1
INST_01491,Credit Union,North America,Basic,4,9086,467.79,4000,362,4650.45,9,Priority,1,61.6,ACH,6,32,4,1
INST_01492,Bank,Europe,Professional,12,29544,113.95,212244,506,5383.7,6,Standard,8,68.6,ACH,6,11,3,0
INST_01493,Bank,North America,Professional,9,15935,343.88,332034,617,2873.52,4,Priority,24,36.7,Credit Card,0,35,3,1
INST_01494,Investment Firm,Middle East,Professional,2,15997,174.19,9062,39,6726.65,9,Standard,5,91.3,Wire Transfer,1,28,5,1
INST_01495,Investment Firm,North America,Professional,13,3979,143.45,109210,19,500.0,8,Priority,5,70.8,ACH,9,6,6,0
INST_01496,Investment Firm,North America,Basic,9,9807,50.0,37573,25,1176.41,7,Priority,13,65.5,Credit Card,1,18,4,1
INST_01497,Credit Union,North America,Professional,3,4106,476.98,2641,616,885.32,9,Standard,1,77.2,ACH,3,12,9,1
INST_01498,Credit Union,North America,Basic,8,485,90.32,5474,493,18394.1,9,Standard,3,73.3,Invoice,22,18,3,1
INST_01499,Payment Processor,Asia Pacific,Enterprise,52,4694,329.68,225629,26,156255.22,7,Standard,1,54.2,ACH,4,11,1,0
INST_01500,Credit Union,North America,Professional,8,4378,218.21,2591,6896,1311.3,7,Priority,5,84.3,Credit Card,4,8,6,0
INST_01501,Credit Union,North America,Enterprise,30,7155,314.88,674346,21,3453.48,9,Priority,6,85.4,ACH,4,26,6,0
INST_01502,Bank,Europe,Professional,22,2460,337.1,9348,896,1736.9,4,Priority,17,66.1,Wire Transfer,0,18,2,0
INST_01503,Bank,North America,Professional,13,951,508.95,235913,2287,6848.86,6,Priority,12,44.5,Wire Transfer,5,19,6,1
INST_01504,Credit Union,North America,Professional,6,7980,168.46,13927,180,1973.15,8,Priority,7,63.6,Wire Transfer,0,15,0,0
INST_01505,Credit Union,Asia Pacific,Enterprise,11,415,1792.27,73119,37,7511.34,17,Priority,10,70.7,Wire Transfer,1,32,5,0
INST_01506,Investment Firm,Asia Pacific,Enterprise,21,26588,50.0,178536,38,13326.9,10,Standard,6,76.3,ACH,1,1,5,0
INST_01507,Credit Union,Latin America,Basic,10,2106,307.38,177181,92,783.89,6,Priority,5,63.9,ACH,0,28,4,1
INST_01508,Investment Firm,Latin America,Professional,5,4308,1100.45,9167,1038,7385.48,11,Premium,0,85.8,ACH,2,29,5,0
INST_01509,Insurance Company,Asia Pacific,Professional,2,6890,714.89,6087,17,500.0,8,Priority,0,68.0,Credit Card,4,14,7,1
INST_01510,Insurance Company,North America,Basic,50,7230,125.24,19500,5,3344.92,7,Standard,13,67.1,Invoice,2,2,1,1
INST_01511,Insurance Company,Asia Pacific,Professional,13,360,152.95,3131,284,3024.43,14,Priority,2,75.8,ACH,0,28,6,1
INST_01512,Payment Processor,Asia Pacific,Enterprise,23,10261,120.52,31536,422,3485.25,5,Priority,3,93.5,Credit Card,4,16,6,0
INST_01513,Bank,Asia Pacific,Professional,16,4697,828.05,6430,5127,3077.61,8,Priority,4,85.1,ACH,1,22,5,0
INST_01514,Bank,Europe,Professional,49,1149,166.02,111755,12,2339.31,10,Standard,0,69.8,Credit Card,32,28,2,1
INST_01515,Bank,North America,Professional,19,968,547.93,9365,116,3298.84,8,Premium,22,67.1,ACH,11,5,4,1
INST_01516,Investment Firm,Asia Pacific,Professional,15,1806,554.0,1614,1201,7024.83,10,Standard,0,65.8,Invoice,3,13,9,0
INST_01517,Payment Processor,Asia Pacific,Basic,62,424,6919.32,180118,184,7327.47,14,Premium,24,63.8,ACH,2,24,9,1
INST_01518,Bank,Middle East,Professional,30,39474,587.51,29000,104,5841.83,5,Priority,8,73.1,Wire Transfer,0,12,5,0
INST_01519,Payment Processor,North America,Enterprise,2,27701,152.42,23010,615,2078.92,6,Standard,20,82.6,Invoice,0,13,8,1
INST_01520,Bank,North America,Professional,4,5869,69.95,113731,50,24847.31,10,Standard,0,66.5,ACH,8,26,5,1
INST_01521,Payment Processor,North America,Basic,37,2132,289.74,81419,687,48437.65,8,Standard,4,72.0,Credit Card,3,26,5,0
INST_01522,Credit Union,Asia Pacific,Basic,43,2217,349.71,7024,15,711.5,7,Standard,21,81.8,Credit Card,1,21,2,0
INST_01523,Bank,North America,Basic,18,9293,50.0,11218,9,6288.03,10,Premium,7,78.1,Invoice,4,14,5,0
INST_01524,Credit Union,North America,Professional,19,41636,171.29,4148,90,2435.21,10,Priority,5,78.1,Credit Card,1,13,7,0
INST_01525,Bank,Middle East,Professional,23,1266,576.41,2448,1,19700.46,9,Priority,7,56.7,ACH,2,10,2,0
INST_01526,Bank,North America,Basic,13,557,212.97,52464,172,4822.79,6,Standard,1,92.7,Invoice,0,2,8,1
INST_01527,Bank,Asia Pacific,Enterprise,27,30377,1289.94,39667,6,5322.86,2,Standard,9,77.0,Credit Card,2,1,3,0
INST_01528,Insurance Company,North America,Professional,2,204,62.18,68957,246,10326.32,6,Standard,2,68.8,Invoice,0,33,7,0
INST_01529,Credit Union,Asia Pacific,Professional,78,656,908.92,150603,207,3145.38,10,Premium,2,66.9,Wire Transfer,2,4,7,0
INST_01530,Bank,Europe,Enterprise,33,2058,1207.94,70383,131,60853.32,6,Standard,6,55.2,Credit Card,7,22,1,0
INST_01531,Investment Firm,Latin America,Basic,23,286,1271.3,80433,325,10557.69,8,Priority,0,94.1,Credit Card,1,9,3,0
INST_01532,Insurance Company,Latin America,Enterprise,9,15807,61.62,975,214,19878.84,6,Standard,0,45.4,ACH,1,22,4,0
INST_01533,Bank,North America,Basic,4,10779,588.43,13898,87,3530.4,7,Standard,0,62.2,ACH,6,25,10,0
INST_01534,Credit Union,North America,Professional,12,1258,180.82,93607,4007,4087.61,9,Priority,10,76.2,ACH,3,28,5,0
INST_01535,Bank,North America,Enterprise,26,20321,74.64,3818,301,16604.64,9,Standard,0,38.1,ACH,2,3,9,0
INST_01536,Bank,Asia Pacific,Enterprise,24,26211,245.52,25273,595,14282.26,11,Standard,0,87.5,ACH,0,3,6,0
INST_01537,Investment Firm,Latin America,Professional,11,2515,136.19,48011,1024,755.21,10,Standard,6,59.4,Wire Transfer,3,29,0,1
INST_01538,Bank,Europe,Professional,22,1516,1217.92,42799,494,5951.8,6,Priority,4,64.2,Credit Card,2,33,3,0
INST_01539,Credit Union,Europe,Professional,40,88380,746.71,38299,6082,10004.17,8,Priority,3,83.8,ACH,0,9,4,0
INST_01540,Insurance Company,North America,Enterprise,1,8793,101.2,54088,200,4042.22,7,Priority,3,61.1,ACH,13,11,4,0
INST_01541,Bank,Asia Pacific,Basic,14,4378,169.18,28886,146,8676.65,5,Standard,13,85.0,Credit Card,2,33,7,0
INST_01542,Investment Firm,Middle East,Enterprise,34,23047,255.48,2454,46,4307.05,8,Standard,0,71.6,Invoice,0,28,6,0
INST_01543,Bank,North America,Professional,18,4688,369.86,47119,93,500.0,8,Standard,18,69.7,Invoice,17,8,3,0
INST_01544,Payment Processor,Europe,Professional,25,1396,1349.72,33762,39,687.91,10,Standard,1,60.6,Wire Transfer,3,20,3,0
INST_01545,Credit Union,North America,Professional,17,3361,924.21,2503,502,21215.27,11,Priority,4,84.9,Wire Transfer,4,11,3,0
INST_01546,Insurance Company,Europe,Professional,115,14157,429.09,174486,28,3406.46,8,Priority,22,57.7,ACH,2,15,5,0
INST_01547,Investment Firm,Europe,Enterprise,1,150,295.07,49057,169,6532.44,5,Standard,7,86.3,ACH,7,25,4,0
INST_01548,Bank,North America,Professional,16,1935,50.0,2777,406,4887.88,12,Standard,2,58.3,Credit Card,1,8,2,0
INST_01549,Investment Firm,Europe,Enterprise,2,23732,1901.5,6465,194,1425.18,8,Standard,28,56.7,Credit Card,3,2,6,1
INST_01550,Payment Processor,North America,Basic,4,1383,235.92,9451,29,2439.09,5,Premium,11,74.1,ACH,2,35,7,1
INST_01551,Investment Firm,Europe,Professional,11,30307,2606.62,9441,522,8049.97,7,Standard,2,83.2,Credit Card,2,15,6,0
INST_01552,Insurance Company,Europe,Enterprise,4,24887,510.47,34186,127,9381.49,12,Priority,6,37.4,ACH,4,26,6,1
INST_01553,Payment Processor,North America,Professional,79,2701,4584.06,5092,1,130955.68,7,Standard,5,91.4,ACH,7,35,4,0
INST_01554,Bank,Asia Pacific,Professional,70,1270,835.13,119635,25,2400.39,8,Priority,6,88.7,Credit Card,2,1,9,0
INST_01555,Bank,Asia Pacific,Professional,9,1937,72.35,105736,1848,60231.98,10,Standard,0,60.7,Wire Transfer,4,15,7,0
INST_01556,Investment Firm,North America,Enterprise,24,162254,193.0,55769,2146,1352.05,12,Priority,7,76.6,Wire Transfer,0,0,4,0
INST_01557,Credit Union,North America,Enterprise,18,49594,329.32,23537,382,10228.16,6,Standard,1,70.4,ACH,0,23,6,0
INST_01558,Insurance Company,Asia Pacific,Basic,40,3597,141.38,89874,608,6417.66,9,Priority,2,84.3,Wire Transfer,0,5,4,0
INST_01559,Payment Processor,Middle East,Enterprise,23,1197,256.6,14560,36,4069.2,12,Priority,5,70.6,Credit Card,1,33,9,0
INST_01560,Credit Union,North America,Professional,1,3553,78.23,7429,92,4873.23,4,Priority,1,93.8,Credit Card,0,31,2,0
INST_01561,Bank,North America,Basic,34,4297,406.21,131290,1371,1931.55,9,Premium,15,86.4,ACH,3,23,6,0
INST_01562,Insurance Company,North America,Enterprise,32,461,536.41,35465,319,19069.72,9,Priority,3,87.6,ACH,1,5,7,0
INST_01563,Bank,Europe,Professional,17,3361,120.91,7894,166,1388.64,5,Standard,1,88.9,Credit Card,5,12,2,0
INST_01564,Insurance Company,North America,Enterprise,55,21668,4139.4,11770,106,7913.21,11,Priority,0,75.8,Credit Card,7,35,3,0
INST_01565,Credit Union,North America,Basic,57,200,435.38,7298,1229,15272.17,4,Priority,10,54.6,ACH,2,11,6,1
INST_01566,Investment Firm,Asia Pacific,Basic,17,10299,151.4,457376,1118,39195.01,6,Standard,12,65.7,Wire Transfer,10,35,2,0
INST_01567,Bank,Europe,Professional,22,23439,57.09,22162,477,21113.21,8,Standard,0,77.8,Wire Transfer,4,29,2,0
INST_01568,Investment Firm,North America,Basic,120,1285,433.52,27907,167,11598.65,12,Priority,5,62.1,Invoice,10,19,3,0
INST_01569,Credit Union,Europe,Professional,8,37845,295.13,64979,78,1888.24,4,Priority,7,82.6,ACH,3,30,8,0
INST_01570,Investment Firm,Europe,Basic,9,1058,1032.41,3558,516,1512.22,6,Standard,16,76.4,Wire Transfer,2,35,5,0
INST_01571,Bank,North America,Professional,4,5776,339.66,114098,20,890.81,2,Priority,0,74.9,ACH,3,10,2,1
INST_01572,Insurance Company,North America,Basic,54,1881,96.31,8850,29,771.7,10,Priority,2,68.3,Wire Transfer,2,4,3,0
INST_01573,Payment Processor,Latin America,Basic,32,1880,2995.49,342841,10,4904.43,11,Standard,0,79.5,Wire Transfer,1,2,5,0
INST_01574,Bank,North America,Professional,2,1180,680.45,13780,1371,1650.57,7,Standard,3,68.3,Credit Card,0,21,4,1
INST_01575,Bank,Asia Pacific,Basic,96,8500,297.4,104449,40,29698.1,7,Premium,3,78.4,ACH,3,11,8,1
INST_01576,Bank,Latin America,Professional,31,10648,491.55,520,307,2062.26,8,Priority,6,86.4,ACH,5,13,8,0
INST_01577,Investment Firm,North America,Enterprise,45,2706,712.55,3779,118,5661.16,8,Standard,7,72.7,ACH,7,5,2,0
INST_01578,Investment Firm,North America,Professional,1,387,72.63,14180,10000,3304.48,9,Standard,23,51.7,Invoice,10,3,9,1
INST_01579,Credit Union,Europe,Enterprise,16,5457,487.47,1047,328,598.37,10,Standard,1,92.2,Credit Card,0,11,6,0
INST_01580,Bank,Latin America,Basic,28,5614,235.06,54248,5,25188.96,7,Standard,11,50.6,Invoice,2,6,2,0
INST_01581,Credit Union,Latin America,Basic,18,2153,741.56,35222,1231,13949.84,6,Standard,13,34.1,ACH,4,2,2,1
INST_01582,Investment Firm,Asia Pacific,Enterprise,26,49062,165.97,4982,73,16577.19,13,Premium,5,89.5,Credit Card,5,1,1,1
INST_01583,Credit Union,North America,Professional,40,285,195.27,21505,103,11997.1,10,Standard,10,78.4,Credit Card,10,2,2,0
INST_01584,Payment Processor,Asia Pacific,Professional,11,107,2967.41,73844,44,1573.05,8,Standard,3,81.2,Credit Card,3,25,3,1
INST_01585,Bank,Europe,Professional,45,996,1767.1,939,211,1619.59,9,Standard,0,82.3,Credit Card,3,21,6,0
INST_01586,Investment Firm,Europe,Professional,4,8652,50.0,3260,206,9681.59,9,Standard,1,57.4,ACH,2,24,3,1
INST_01587,Credit Union,North America,Basic,7,611,1616.65,13324,46,49730.78,7,Standard,1,72.6,Wire Transfer,15,29,8,0
INST_01588,Credit Union,North America,Professional,1,684,369.3,22824,59,8768.91,9,Priority,14,29.0,ACH,1,22,5,1
INST_01589,Insurance Company,Asia Pacific,Professional,10,12413,172.46,20172,178,21326.38,10,Standard,22,79.2,Wire Transfer,6,17,5,0
INST_01590,Investment Firm,Europe,Professional,11,5965,120.47,83611,2,2233.2,11,Standard,3,90.5,ACH,3,29,5,0
INST_01591,Payment Processor,North America,Enterprise,39,5247,129.16,45063,11,25508.74,7,Standard,7,70.9,Wire Transfer,1,22,4,0
INST_01592,Bank,North America,Professional,25,9625,178.41,62627,2998,2619.65,4,Priority,2,70.6,ACH,1,25,3,0
INST_01593,Bank,Latin America,Basic,13,1575,104.32,2738,267,7046.17,6,Standard,4,53.9,ACH,4,15,6,0
INST_01594,Insurance Company,Asia Pacific,Enterprise,25,1688,79.4,27370,57,2837.73,9,Standard,6,40.5,Wire Transfer,0,16,4,0
INST_01595,Investment Firm,North America,Professional,1,10043,115.76,13895,7,18652.48,7,Standard,13,80.4,Wire Transfer,15,16,4,1
INST_01596,Bank,North America,Professional,4,396,594.71,197423,134,19037.06,10,Premium,3,74.0,Wire Transfer,2,10,4,1
INST_01597,Bank,North America,Basic,23,119,428.42,28612,874,536.37,12,Priority,8,89.6,ACH,32,22,6,1
INST_01598,Bank,Latin America,Basic,24,1556,786.06,8074,10000,35880.41,8,Premium,2,72.7,Wire Transfer,4,15,5,0
INST_01599,Payment Processor,Europe,Professional,35,12043,372.54,79122,4472,173618.18,9,Premium,2,74.4,ACH,1,1,7,0
INST_01600,Bank,Europe,Professional,12,4373,84.1,51274,30,2884.19,8,Priority,1,81.3,Invoice,1,25,8,0
INST_01601,Bank,Europe,Enterprise,30,10785,730.21,6422,60,4063.49,12,Priority,14,62.6,Wire Transfer,7,18,2,0
INST_01602,Bank,North America,Enterprise,27,144,120.83,13059,10,31544.19,16,Premium,0,74.9,Wire Transfer,0,6,4,0
INST_01603,Credit Union,Asia Pacific,Enterprise,79,4785,876.5,13397,32,5432.48,3,Premium,10,44.9,Wire Transfer,7,2,7,0
INST_01604,Bank,Europe,Professional,5,7948,99.57,138855,101,4885.56,17,Priority,6,74.7,Credit Card,5,6,2,1
INST_01605,Credit Union,North America,Professional,19,392,176.8,29877,76,84580.0,3,Priority,7,90.6,Invoice,2,18,5,0
INST_01606,Bank,North America,Professional,22,10862,261.47,65524,5992,644.55,3,Priority,14,95.7,ACH,4,2,4,1
INST_01607,Insurance Company,Europe,Basic,120,2521,906.22,10510,13,1505.01,12,Standard,5,85.0,ACH,10,22,9,0
INST_01608,Bank,Latin America,Basic,5,298643,498.3,36395,136,9197.94,7,Standard,0,87.8,Credit Card,14,9,3,0
INST_01609,Credit Union,North America,Professional,17,113,413.23,155599,3,500.0,9,Priority,18,77.7,ACH,13,34,2,0
INST_01610,Payment Processor,Latin America,Enterprise,10,23240,3876.94,12815,269,2808.73,6,Premium,2,75.5,Credit Card,3,28,7,0
INST_01611,Investment Firm,Asia Pacific,Basic,17,1650,50.0,26179,13,2770.41,7,Premium,0,51.6,Credit Card,4,4,8,0
INST_01612,Credit Union,North America,Basic,6,263,116.04,2849,1080,20799.01,8,Standard,5,71.1,Credit Card,1,25,8,0
INST_01613,Bank,North America,Enterprise,1,1352,110.23,6985,87,13894.93,12,Priority,3,59.0,Credit Card,12,29,6,0
INST_01614,Bank,North America,Basic,20,4519,50.0,13337,11,500.0,9,Priority,16,75.9,ACH,0,31,4,1
INST_01615,Investment Firm,Asia Pacific,Professional,9,14132,170.13,4486,3,1737.7,9,Standard,5,64.9,Credit Card,3,19,3,1
INST_01616,Payment Processor,North America,Professional,4,39456,920.87,160005,25,1745.71,9,Priority,0,45.2,ACH,1,31,8,0
INST_01617,Investment Firm,North America,Basic,9,25155,198.35,6266,228,3551.54,6,Standard,1,70.0,ACH,2,27,9,0
INST_01618,Investment Firm,Europe,Enterprise,1,700,270.53,71696,316,947.36,5,Premium,1,17.9,Wire Transfer,5,20,3,1
INST_01619,Insurance Company,Asia Pacific,Basic,72,16240,51.06,29151,60,9676.66,8,Standard,10,63.2,ACH,2,15,6,1
INST_01620,Credit Union,North America,Professional,20,5361,155.12,23069,785,1734.92,7,Standard,0,74.8,Wire Transfer,12,0,9,1
INST_01621,Bank,Europe,Basic,40,1116,231.82,204688,19,11883.82,10,Priority,2,58.0,ACH,5,22,6,0
INST_01622,Investment Firm,Europe,Basic,13,2169,872.08,741,1,4893.77,8,Standard,7,88.7,Invoice,4,8,7,0
INST_01623,Payment Processor,Europe,Basic,56,1027,54.06,16410,246,1141.83,6,Standard,6,66.1,Wire Transfer,2,8,2,1
INST_01624,Bank,Asia Pacific,Basic,15,3151,233.69,4356,1513,39435.27,6,Priority,7,50.0,ACH,2,5,6,0
INST_01625,Investment Firm,North America,Basic,20,997,1486.5,1161,1538,41216.34,8,Standard,5,76.8,Invoice,11,24,5,1
INST_01626,Bank,Asia Pacific,Professional,16,637,236.49,3669,14,7597.07,10,Premium,1,81.8,Credit Card,2,24,6,0
INST_01627,Credit Union,Asia Pacific,Professional,31,6116,50.0,22603,55,3433.0,10,Standard,7,56.2,Wire Transfer,4,15,5,0
INST_01628,Bank,Europe,Professional,20,7654,1872.46,7420,546,1007.84,8,Priority,21,42.5,Credit Card,3,16,3,0
INST_01629,Credit Union,Asia Pacific,Professional,7,2249,974.45,84534,48,24505.92,7,Standard,0,63.8,ACH,4,27,6,0
INST_01630,Insurance Company,Europe,Enterprise,3,23190,1145.13,15982,179,16881.26,16,Priority,3,92.9,Credit Card,1,5,2,1
INST_01631,Bank,North America,Enterprise,22,2016,50.0,13533,40,1449.55,8,Standard,2,97.1,Wire Transfer,20,8,4,0
INST_01632,Investment Firm,Asia Pacific,Professional,16,1892,2477.36,13623,20,1754.22,9,Priority,1,71.6,Wire Transfer,2,33,2,0
INST_01633,Insurance Company,Europe,Enterprise,2,8028,159.5,19001,29,9753.49,12,Standard,2,60.6,Credit Card,1,35,4,1
INST_01634,Payment Processor,Europe,Professional,12,2443,218.91,11757,829,842.89,9,Priority,0,78.9,Wire Transfer,0,18,3,0
INST_01635,Bank,North America,Professional,17,3385,173.59,6143,152,1922.67,7,Priority,7,40.1,Credit Card,9,16,2,0
INST_01636,Credit Union,Latin America,Professional,42,67,1256.8,97127,1464,1031.89,6,Standard,6,90.0,Wire Transfer,5,2,4,1
INST_01637,Bank,Europe,Professional,1,3056,325.14,8637,378,1083.01,5,Standard,4,84.3,Invoice,1,24,4,1
INST_01638,Payment Processor,North America,Professional,10,192,719.16,12390,2674,1668.87,3,Standard,2,42.9,Invoice,2,16,1,1
INST_01639,Payment Processor,Europe,Professional,41,477,441.9,41944,647,19129.87,8,Priority,26,77.3,Credit Card,3,19,8,0
INST_01640,Credit Union,Asia Pacific,Enterprise,25,402,359.94,35529,582,500.0,9,Priority,6,53.5,ACH,2,33,5,0
INST_01641,Insurance Company,Asia Pacific,Enterprise,8,623,129.52,5766,119,9416.57,6,Standard,15,35.9,ACH,2,33,2,0
INST_01642,Credit Union,Europe,Professional,44,1308,3549.52,68355,10000,7236.7,7,Standard,2,46.1,Wire Transfer,4,33,4,0
INST_01643,Investment Firm,Latin America,Professional,16,1436,69.68,49340,181,21005.0,5,Priority,9,57.2,ACH,9,3,10,0
INST_01644,Bank,North America,Basic,16,8074,661.63,28766,4,7226.96,5,Priority,0,77.6,Wire Transfer,2,13,4,0
INST_01645,Insurance Company,Europe,Basic,90,4161,633.96,11533,240,2784.27,6,Standard,7,60.9,ACH,0,23,10,0
INST_01646,Bank,Latin America,Professional,70,172,1611.99,11966,25,1446.69,7,Standard,9,81.1,Wire Transfer,0,4,1,1
INST_01647,Insurance Company,Latin America,Professional,10,3377,2133.9,16273,925,21711.94,8,Standard,2,56.5,Wire Transfer,2,33,4,0
INST_01648,Insurance Company,Asia Pacific,Basic,3,4804,342.11,3471,548,10357.04,8,Premium,43,96.3,Credit Card,1,20,3,1
INST_01649,Insurance Company,Latin America,Enterprise,9,1821,762.4,20766,105,2345.6,9,Priority,4,75.6,Wire Transfer,1,21,4,0
INST_01650,Bank,North America,Professional,1,2720,3353.8,83964,30,19213.48,4,Standard,3,97.6,ACH,0,4,7,1
INST_01651,Bank,Latin America,Professional,1,3965,373.08,82006,193,2517.91,3,Priority,1,82.9,Invoice,0,0,3,1
INST_01652,Bank,North America,Basic,12,9385,112.2,12440,46,4907.83,4,Priority,1,80.6,ACH,2,23,3,0
INST_01653,Credit Union,North America,Basic,67,280,254.33,108675,612,1984.8,5,Priority,1,77.7,Wire Transfer,5,7,4,1
INST_01654,Bank,North America,Enterprise,49,2066,84.3,384176,403,10946.37,9,Priority,5,85.8,ACH,2,29,10,0
INST_01655,Payment Processor,Europe,Professional,17,28638,630.29,13707,10000,1106.23,13,Priority,5,74.5,Credit Card,6,1,2,0
INST_01656,Investment Firm,North America,Enterprise,19,24959,1447.14,62147,66,3140.44,10,Standard,5,65.7,ACH,7,6,4,0
INST_01657,Bank,North America,Enterprise,1,10682,348.89,739,85,1841.19,16,Standard,13,64.9,Wire Transfer,5,28,3,1
INST_01658,Credit Union,North America,Professional,5,6669,57.68,3336,112,7299.55,11,Premium,0,75.9,ACH,0,0,2,1
INST_01659,Credit Union,North America,Basic,1,35665,1374.69,25252,121,8801.98,6,Standard,2,51.0,ACH,4,8,10,1
INST_01660,Investment Firm,Europe,Enterprise,33,52932,50.0,4865,942,938.01,5,Priority,15,66.2,Credit Card,1,26,7,0
INST_01661,Credit Union,Europe,Enterprise,3,2456,63.11,469208,90,9042.1,8,Standard,0,91.5,Wire Transfer,10,25,3,0
INST_01662,Payment Processor,North America,Professional,48,696,325.71,54004,5168,536.42,6,Premium,1,84.9,ACH,11,7,4,0
INST_01663,Credit Union,Asia Pacific,Professional,24,1987,545.74,93783,423,131657.58,4,Standard,2,79.1,ACH,2,28,3,1
INST_01664,Payment Processor,Latin America,Professional,6,310221,669.61,21088,61,2281.96,8,Standard,11,73.8,ACH,6,15,4,0
INST_01665,Payment Processor,Asia Pacific,Professional,4,283,372.65,4891,39,23715.66,16,Priority,6,84.8,ACH,2,25,4,1
INST_01666,Bank,North America,Professional,23,1471,3334.41,10115,966,6645.86,12,Priority,5,49.4,Credit Card,3,16,11,0
INST_01667,Payment Processor,Asia Pacific,Enterprise,55,358,436.24,32259,156,7063.48,6,Standard,18,91.0,ACH,20,0,5,0
INST_01668,Bank,North America,Professional,30,3594,1396.33,8460,150,854.82,6,Priority,4,88.9,Invoice,0,0,4,1
INST_01669,Insurance Company,North America,Basic,10,490,1037.27,60281,50,17416.29,7,Premium,20,51.9,ACH,4,35,6,1
INST_01670,Credit Union,North America,Professional,21,2532,85.5,64030,132,5286.81,4,Standard,1,60.2,Wire Transfer,5,7,2,0
INST_01671,Payment Processor,Asia Pacific,Basic,8,159,329.09,22191,46,9948.82,6,Standard,3,61.0,ACH,9,30,5,1
INST_01672,Payment Processor,North America,Basic,120,7528,5156.35,1424,1721,4289.51,10,Standard,12,34.7,Wire Transfer,0,8,7,1
INST_01673,Insurance Company,North America,Enterprise,33,18648,220.25,288421,539,5973.36,17,Standard,1,69.3,Credit Card,11,16,3,0
INST_01674,Insurance Company,North America,Basic,22,1675,179.55,16010,108,1298.86,4,Standard,1,86.1,Credit Card,5,35,6,0
INST_01675,Bank,Latin America,Basic,13,2434,495.07,1281978,105,3907.54,13,Standard,3,78.7,Wire Transfer,25,4,3,0
INST_01676,Bank,Europe,Professional,23,2332,229.93,58618,175,2618.0,8,Priority,18,77.3,ACH,3,19,3,0
INST_01677,Credit Union,North America,Professional,10,3910,155.64,16075,146,1705.55,8,Standard,1,67.0,ACH,4,13,5,1
INST_01678,Bank,Europe,Professional,1,2815,225.89,43119,26,6013.66,9,Standard,21,28.1,Wire Transfer,1,20,4,1
INST_01679,Investment Firm,Europe,Basic,12,9434,2249.38,1065,4,8476.73,7,Priority,7,85.0,Wire Transfer,2,18,4,0
INST_01680,Bank,Asia Pacific,Basic,63,18949,342.43,102663,35,7159.23,9,Premium,4,79.3,ACH,7,4,5,0
INST_01681,Payment Processor,North America,Basic,23,879,81.97,1035517,117,4215.86,8,Priority,0,73.2,Invoice,1,20,8,0
INST_01682,Investment Firm,Latin America,Professional,2,1874,65.75,959,39,9105.77,10,Standard,5,95.7,Wire Transfer,14,13,5,1
INST_01683,Insurance Company,North America,Basic,51,11526,5699.68,14312,648,7067.39,8,Premium,3,61.0,ACH,6,9,5,0
INST_01684,Bank,Asia Pacific,Enterprise,7,353,308.59,18807,98,5689.01,9,Priority,10,83.5,ACH,1,5,3,0
INST_01685,Payment Processor,North America,Professional,6,155,679.59,81866,4326,6305.81,5,Standard,5,55.1,Wire Transfer,12,24,5,1
INST_01686,Payment Processor,North America,Basic,8,4185,159.87,518639,54,28984.15,10,Priority,25,55.7,Wire Transfer,1,25,1,1
INST_01687,Credit Union,North America,Professional,20,6276,592.99,39117,191,806.25,10,Premium,0,70.7,ACH,3,29,3,0
INST_01688,Investment Firm,Europe,Professional,18,1008,2324.35,547264,88,3047.59,7,Standard,17,60.7,Invoice,4,29,4,0
INST_01689,Insurance Company,North America,Professional,16,1251,184.43,28442,327,8162.14,12,Priority,3,85.1,ACH,2,35,3,0
INST_01690,Bank,Asia Pacific,Basic,30,953,699.46,43353,1010,500.0,6,Standard,4,72.4,ACH,1,8,7,1
INST_01691,Credit Union,North America,Professional,9,812,74.67,36038,443,39099.96,10,Standard,13,53.9,Wire Transfer,0,20,7,1
INST_01692,Credit Union,Asia Pacific,Professional,36,8435,4570.78,137372,3,7202.81,9,Priority,8,64.7,ACH,9,20,4,0
INST_01693,Bank,Asia Pacific,Enterprise,4,507,556.82,11690,364,20647.56,5,Standard,20,50.4,Invoice,0,19,10,0
INST_01694,Credit Union,Europe,Basic,36,2001,245.83,75164,24,26361.05,8,Standard,29,86.1,Wire Transfer,1,12,6,0
INST_01695,Bank,Asia Pacific,Professional,26,766,282.18,3476,84,9124.14,11,Standard,7,78.1,Wire Transfer,8,6,6,0
INST_01696,Bank,Asia Pacific,Professional,27,335,218.76,14374,513,500.0,5,Standard,5,59.0,Invoice,2,20,6,0
INST_01697,Bank,North America,Enterprise,15,10995,232.6,8475,19,6133.63,12,Standard,2,61.3,Wire Transfer,5,5,7,0
INST_01698,Payment Processor,Asia Pacific,Enterprise,26,1366,50.0,25133,1188,6753.6,5,Standard,2,86.7,Credit Card,4,0,6,0
INST_01699,Credit Union,North America,Basic,1,3954,358.68,13709,78,962.66,8,Standard,2,49.1,ACH,7,23,2,0
INST_01700,Payment Processor,Europe,Basic,45,310,341.09,120354,7388,500.0,12,Standard,10,50.9,Credit Card,5,15,6,0
INST_01701,Credit Union,Asia Pacific,Professional,1,979,725.16,5895,167,9823.22,2,Premium,6,43.5,Wire Transfer,2,34,4,1
INST_01702,Bank,North America,Basic,3,9266,215.34,1640,3195,754.62,7,Standard,9,70.5,ACH,9,12,5,1
INST_01703,Credit Union,North America,Professional,20,144481,159.93,2875,1281,108242.12,2,Priority,11,81.3,ACH,5,35,6,0
INST_01704,Credit Union,Europe,Basic,32,153,399.68,97855,49,7293.26,6,Standard,15,95.3,Credit Card,2,0,4,1
INST_01705,Bank,Asia Pacific,Professional,1,2204,58.27,5144,14,37319.36,7,Standard,1,52.2,ACH,2,2,7,1
INST_01706,Investment Firm,Latin America,Enterprise,60,5532,479.2,40005,182,5149.96,9,Priority,14,81.8,ACH,4,23,6,1
INST_01707,Bank,Europe,Enterprise,87,1183,50.0,14154,51,15173.54,11,Priority,7,75.4,ACH,0,22,7,0
INST_01708,Investment Firm,Asia Pacific,Professional,22,10660,1548.41,75838,2549,5323.55,8,Standard,17,91.8,Wire Transfer,6,19,7,0
INST_01709,Investment Firm,Latin America,Professional,15,812,917.02,15581,95,22211.37,7,Standard,18,87.8,ACH,6,6,6,0
INST_01710,Bank,North America,Enterprise,32,3754,132.76,1392376,86,500.0,8,Priority,3,87.8,Invoice,3,3,3,0
INST_01711,Bank,North America,Basic,9,1362,891.91,379714,12,18624.29,8,Priority,8,57.5,Invoice,2,2,7,0
INST_01712,Insurance Company,Asia Pacific,Professional,16,18567,461.19,13727,315,13401.83,10,Premium,12,90.7,ACH,8,27,7,0
INST_01713,Credit Union,Asia Pacific,Professional,59,1080,120.2,11179,17,3900.16,7,Premium,2,62.4,Credit Card,0,31,7,0
INST_01714,Bank,Latin America,Basic,74,1758,50.0,2418091,329,2660.46,10,Priority,4,72.5,Credit Card,6,29,10,0
INST_01715,Payment Processor,Europe,Professional,62,12314,589.76,4366,421,3138.02,6,Standard,2,78.9,Wire Transfer,0,5,4,0
INST_01716,Bank,North America,Basic,7,637,155.53,20281,38,7511.2,6,Standard,0,72.9,Credit Card,11,28,4,0
INST_01717,Investment Firm,Europe,Professional,6,3304,1501.12,22780,830,30365.4,6,Priority,8,40.9,Credit Card,15,35,3,0
INST_01718,Payment Processor,North America,Basic,8,193,410.28,21949,90,2205.51,9,Standard,5,44.5,Credit Card,6,22,5,0
INST_01719,Bank,North America,Professional,13,582,174.25,1622,10,500.0,7,Priority,3,74.0,Credit Card,6,13,5,0
INST_01720,Bank,Asia Pacific,Basic,9,5288,3489.13,46392,2395,204203.33,6,Premium,1,53.2,Wire Transfer,2,3,4,1
INST_01721,Bank,North America,Enterprise,11,674,805.72,5138,28,13458.44,8,Priority,1,64.2,Wire Transfer,10,10,5,0
INST_01722,Bank,Asia Pacific,Professional,23,1317,50.0,189848,369,2733.07,10,Priority,2,77.7,Invoice,1,21,4,0
INST_01723,Bank,Europe,Professional,34,6245,225.05,2480,319,29239.33,8,Priority,28,52.8,Wire Transfer,4,15,1,0
INST_01724,Investment Firm,Europe,Professional,31,1250,76.64,24081,299,19941.15,2,Premium,22,79.2,ACH,6,18,7,0
INST_01725,Bank,North America,Professional,40,10242,154.51,792,289,10284.81,12,Standard,13,87.2,Invoice,4,24,4,0
INST_01726,Credit Union,North America,Basic,1,4119,339.11,869,25,2402.88,13,Standard,0,88.8,ACH,3,15,6,0
INST_01727,Payment Processor,North America,Professional,1,5730,616.99,6253,3116,13372.88,12,Priority,12,97.4,ACH,1,6,9,0
INST_01728,Insurance Company,Middle East,Basic,37,19176,552.05,7728,829,25193.42,6,Priority,9,92.3,Invoice,5,2,6,1
INST_01729,Investment Firm,Asia Pacific,Basic,18,4816,1470.63,198508,349,500.0,10,Priority,19,65.3,ACH,7,15,4,1
INST_01730,Bank,Europe,Professional,20,29979,866.03,20725,13,6882.54,7,Standard,4,87.5,ACH,4,31,7,0
INST_01731,Investment Firm,North America,Basic,1,11694,804.08,153063,25,7686.83,3,Standard,5,96.1,Invoice,8,24,8,0
INST_01732,Credit Union,Latin America,Professional,7,1359,513.78,12460,484,7325.49,10,Standard,5,60.0,Wire Transfer,4,8,4,0
INST_01733,Credit Union,North America,Professional,24,20737,1889.67,54673,4,5267.31,6,Priority,5,81.1,Credit Card,6,18,3,0
INST_01734,Bank,North America,Professional,47,4428,276.02,7418,273,29117.94,10,Standard,2,52.5,ACH,13,7,6,1
INST_01735,Payment Processor,Europe,Professional,59,1649,284.76,6699,13,3579.67,7,Priority,1,58.0,ACH,1,4,5,0
INST_01736,Credit Union,Latin America,Professional,16,4525,50.0,1434,31,4894.28,9,Standard,8,83.9,ACH,2,28,3,0
INST_01737,Bank,North America,Professional,18,15811,1432.82,36447,11,7891.16,5,Priority,17,95.2,ACH,11,15,6,0
INST_01738,Credit Union,North America,Professional,42,5899,367.86,32634,231,3762.71,9,Priority,7,53.1,Invoice,3,2,3,0
INST_01739,Credit Union,Latin America,Basic,18,45871,13634.07,70683,1107,614.62,4,Priority,12,74.6,Wire Transfer,0,29,5,1
INST_01740,Insurance Company,North America,Professional,17,15211,247.98,30405,277,6776.36,10,Standard,5,85.6,Wire Transfer,0,33,4,0
INST_01741,Insurance Company,North America,Professional,56,6533,448.67,460143,338,6892.47,3,Premium,4,84.7,Invoice,0,12,9,0
INST_01742,Insurance Company,Europe,Professional,37,639,777.28,28682,200,2841.97,6,Premium,29,41.8,Wire Transfer,2,17,3,0
INST_01743,Bank,Latin America,Enterprise,57,2276,107.52,97512,507,4030.02,6,Standard,36,68.2,ACH,2,27,1,1
INST_01744,Credit Union,Europe,Enterprise,5,3319,620.33,13545,344,500.0,9,Standard,6,34.9,ACH,4,1,3,1
INST_01745,Credit Union,Middle East,Basic,17,8475,420.56,5638,1,30109.89,7,Priority,3,50.8,Wire Transfer,1,33,7,0
INST_01746,Bank,Asia Pacific,Basic,44,7754,280.22,64637,758,18987.67,9,Priority,3,91.3,Invoice,2,35,7,0
INST_01747,Bank,North America,Basic,2,3844,1647.68,19269,627,660.67,9,Priority,7,47.0,ACH,5,18,5,1
INST_01748,Insurance Company,Middle East,Basic,37,3570,136.39,76731,77,1784.33,11,Premium,1,79.8,ACH,22,19,6,0
INST_01749,Bank,Europe,Basic,4,8783,561.09,37399,4,43164.86,3,Premium,27,72.6,Wire Transfer,3,18,5,0
INST_01750,Credit Union,North America,Professional,39,822,2311.37,6704,229,869.33,13,Priority,8,30.8,Credit Card,0,29,4,1
INST_01751,Bank,Europe,Enterprise,22,37921,172.79,110360,267,10073.75,11,Priority,1,83.6,Wire Transfer,4,18,4,0
INST_01752,Bank,North America,Professional,5,138,282.52,5962,67,2349.54,12,Standard,3,78.9,Credit Card,3,23,6,0
INST_01753,Bank,North America,Basic,15,26452,6730.24,56274,207,9092.57,2,Standard,1,87.5,ACH,2,23,7,0
INST_01754,Payment Processor,North America,Professional,27,2785,712.85,150605,1021,5298.65,12,Standard,0,94.5,ACH,2,19,5,0
INST_01755,Insurance Company,Europe,Professional,24,13411,219.77,12370,10000,3213.62,14,Standard,7,49.7,Credit Card,6,33,4,1
INST_01756,Payment Processor,Asia Pacific,Enterprise,13,5144,1056.96,124740,193,8802.43,9,Priority,0,88.8,Credit Card,1,30,9,0
INST_01757,Credit Union,Europe,Enterprise,55,5009,204.03,39991,270,2345.91,8,Standard,3,76.7,Credit Card,18,2,6,0
INST_01758,Bank,Middle East,Enterprise,17,6845,61.69,79056,33,500.0,10,Priority,7,84.1,Wire Transfer,0,14,10,0
INST_01759,Credit Union,North America,Professional,16,10032,2094.01,6278,60,1222.21,8,Standard,1,85.2,Wire Transfer,0,21,6,0
INST_01760,Credit Union,North America,Professional,1,1820,107.38,30377,116,1020.67,5,Standard,15,89.3,Credit Card,12,28,10,1
INST_01761,Insurance Company,North America,Basic,61,14075,7646.9,2664,1236,500.0,6,Standard,1,68.0,Credit Card,2,12,7,0
INST_01762,Bank,North America,Professional,4,585,224.26,286917,648,8553.54,8,Standard,6,32.6,Wire Transfer,3,22,2,1
INST_01763,Credit Union,North America,Basic,18,2957,5218.25,1073,4783,3792.76,12,Standard,18,56.2,ACH,0,15,6,0
INST_01764,Bank,Asia Pacific,Professional,39,10445,78.07,12937,10,8357.47,7,Priority,0,80.5,ACH,2,4,2,0
INST_01765,Bank,Latin America,Professional,5,13260,1381.04,5444,13,10733.52,2,Standard,0,81.6,ACH,4,35,2,0
INST_01766,Insurance Company,Middle East,Basic,17,5950,734.85,60600,1078,15286.16,8,Premium,0,74.0,Wire Transfer,0,24,7,0
INST_01767,Credit Union,North America,Basic,6,1652,1102.46,394714,2014,9048.76,7,Standard,3,71.6,Invoice,6,10,5,0
INST_01768,Credit Union,Latin America,Basic,34,11442,1289.01,58827,157,1130.69,7,Premium,7,75.1,ACH,5,23,6,0
INST_01769,Credit Union,North America,Basic,19,1092,222.01,1870891,1,11722.77,5,Priority,5,72.6,Wire Transfer,4,9,8,0
INST_01770,Credit Union,North America,Basic,46,41237,83.88,2788,38,6854.82,8,Priority,2,76.2,Wire Transfer,2,25,5,0
INST_01771,Insurance Company,Latin America,Basic,53,2625,379.52,3128,271,131289.12,15,Priority,6,87.8,Wire Transfer,2,8,4,1
INST_01772,Payment Processor,Europe,Basic,25,296,527.23,5769,29,4973.49,8,Priority,4,55.3,Wire Transfer,10,34,3,1
INST_01773,Payment Processor,North America,Basic,31,496,229.01,26419,207,8728.51,7,Standard,3,50.4,ACH,0,19,4,1
INST_01774,Insurance Company,Europe,Enterprise,19,3182,562.88,4720,4525,4263.14,5,Premium,3,80.1,Wire Transfer,7,28,7,0
INST_01775,Bank,North America,Professional,11,3676,599.17,7133,1933,5288.78,9,Premium,3,70.3,ACH,1,25,8,0
INST_01776,Investment Firm,Asia Pacific,Basic,25,57210,135.36,55866,636,4779.45,3,Priority,5,42.3,Credit Card,7,31,9,0
INST_01777,Credit Union,Europe,Professional,57,627,648.05,3433,132,2560.77,5,Standard,3,78.1,Wire Transfer,3,30,3,0
INST_01778,Bank,Middle East,Enterprise,12,3162,292.76,4024,60,6412.67,9,Priority,2,68.2,Invoice,2,2,9,0
INST_01779,Insurance Company,North America,Professional,9,608,174.17,12114,580,12489.46,8,Priority,2,69.5,Credit Card,1,10,8,1
INST_01780,Bank,North America,Basic,11,1423,1037.79,13951,155,2619.5,10,Standard,1,85.3,Wire Transfer,3,20,6,0
INST_01781,Payment Processor,Europe,Professional,13,37270,158.79,100210,165,17211.96,5,Premium,1,73.8,Wire Transfer,6,29,7,0
INST_01782,Credit Union,Europe,Professional,1,542,233.22,5704,9,14349.43,8,Standard,2,78.9,Wire Transfer,4,31,4,1
INST_01783,Investment Firm,North America,Professional,16,7190,439.86,7476,41,1312.39,5,Standard,25,81.0,Wire Transfer,5,14,4,0
INST_01784,Investment Firm,Asia Pacific,Professional,16,5374,2098.91,52707,574,1158.02,13,Priority,1,72.3,Invoice,13,27,5,0
INST_01785,Payment Processor,Latin America,Enterprise,21,2874,508.44,73283,20,9626.07,6,Standard,4,74.4,ACH,4,23,8,0
INST_01786,Investment Firm,Latin America,Enterprise,10,6497,760.48,187791,239,2035.91,10,Standard,16,72.0,Wire Transfer,4,33,6,0
INST_01787,Investment Firm,Asia Pacific,Professional,22,523,282.26,44519,311,1023.96,7,Standard,0,65.2,Wire Transfer,2,31,6,1
INST_01788,Bank,Latin America,Professional,50,35756,367.17,26783,346,64559.73,7,Priority,6,75.4,ACH,1,8,5,0
INST_01789,Credit Union,Europe,Professional,74,53490,380.45,52185,406,1153.45,9,Standard,14,55.4,ACH,3,12,7,0
INST_01790,Bank,Asia Pacific,Enterprise,21,3199,573.62,14748,459,500.0,5,Priority,1,93.7,ACH,0,9,5,0
INST_01791,Insurance Company,North America,Basic,1,112945,282.83,14586,48,1516.95,8,Priority,11,66.3,Credit Card,4,18,7,1
INST_01792,Credit Union,North America,Enterprise,83,1638,2014.25,1538,10,6956.78,7,Standard,7,47.0,Credit Card,2,2,0,0
INST_01793,Investment Firm,North America,Basic,29,5435,257.8,84130,30,5488.05,10,Priority,12,59.8,Wire Transfer,7,12,9,0
INST_01794,Bank,Europe,Professional,9,25535,52.0,30248,552,83351.36,6,Standard,0,85.9,ACH,0,33,4,0
INST_01795,Bank,North America,Enterprise,3,1497,10843.88,70654,17,1552.17,9,Standard,0,74.0,Credit Card,6,27,3,1
INST_01796,Insurance Company,Middle East,Basic,3,375,272.37,322,22,7003.99,6,Standard,1,87.9,ACH,2,11,2,1
INST_01797,Bank,North America,Professional,4,265,1950.43,20523,22,26708.4,8,Priority,27,81.4,ACH,2,15,3,1
INST_01798,Bank,North America,Basic,1,65594,2177.1,6100,5,1828.91,5,Priority,14,86.7,Credit Card,0,25,4,0
INST_01799,Bank,Europe,Professional,55,1348,1254.2,209408,18,14123.37,11,Priority,5,63.5,Wire Transfer,2,33,2,0
INST_01800,Payment Processor,North America,Basic,18,2256,318.1,55344,898,500.0,15,Priority,5,54.8,Credit Card,13,27,4,1
INST_01801,Insurance Company,North America,Professional,28,561,569.08,31299,40,68743.11,6,Premium,2,84.8,Credit Card,0,35,5,0
INST_01802,Credit Union,North America,Professional,42,12363,87.41,11523,6,21853.94,7,Standard,1,79.1,Wire Transfer,0,35,3,0
INST_01803,Bank,Europe,Enterprise,37,923,4394.8,39967,59,1770.45,11,Premium,1,42.1,Wire Transfer,7,6,3,0
INST_01804,Bank,Europe,Enterprise,51,1426,145.16,5473,372,17064.01,6,Standard,9,95.6,ACH,2,0,8,0
INST_01805,Insurance Company,Asia Pacific,Basic,82,4671,297.47,18966,5,35234.27,10,Priority,7,55.8,Wire Transfer,0,30,1,0
INST_01806,Investment Firm,Asia Pacific,Professional,13,604,454.31,9250,825,711.23,9,Standard,4,44.8,ACH,0,32,6,0
INST_01807,Bank,Europe,Basic,72,2280,354.63,659828,11,1998.56,9,Priority,12,72.2,Wire Transfer,0,16,2,0
INST_01808,Bank,North America,Basic,30,24423,183.42,199769,72,37016.73,10,Standard,0,82.7,ACH,0,2,4,0
INST_01809,Bank,North America,Basic,1,5666,2149.97,108507,71,5438.23,7,Standard,0,53.4,ACH,23,6,6,1
INST_01810,Investment Firm,Asia Pacific,Enterprise,27,3625,1261.85,2355,54,9454.53,7,Standard,12,72.3,Credit Card,3,4,5,0
INST_01811,Insurance Company,North America,Enterprise,27,4114,593.75,80517,132,5460.5,13,Priority,3,65.1,Wire Transfer,1,6,8,0
INST_01812,Bank,North America,Basic,56,1662,249.77,29187,602,18717.86,5,Priority,7,92.7,ACH,3,2,5,0
INST_01813,Bank,Asia Pacific,Basic,11,59529,1446.83,138025,137,10608.36,8,Priority,3,86.8,Credit Card,2,4,3,0
INST_01814,Bank,Europe,Basic,21,881,231.05,35724,49,5763.65,10,Standard,4,79.8,Credit Card,8,25,5,0
INST_01815,Payment Processor,North America,Professional,1,4090,2655.72,21805,338,500.0,8,Premium,0,66.4,Invoice,4,1,3,1
INST_01816,Bank,North America,Professional,9,3542,461.03,31278,215,12836.09,7,Standard,5,46.2,Wire Transfer,8,31,2,0
INST_01817,Insurance Company,Latin America,Basic,1,13536,1764.7,1467,44,14674.43,7,Standard,0,86.3,ACH,1,30,4,1
INST_01818,Investment Firm,Latin America,Professional,17,15595,351.92,6966,160,765.62,10,Standard,3,66.9,Credit Card,3,22,8,1
INST_01819,Credit Union,Asia Pacific,Professional,40,2841,439.59,38561,38,847.76,7,Standard,1,24.8,Wire Transfer,1,33,7,0
INST_01820,Bank,Europe,Enterprise,5,4610,1755.49,121671,31,10682.88,13,Priority,1,72.7,ACH,1,3,5,0
INST_01821,Bank,Europe,Professional,17,4879,5612.27,9645,632,6578.01,9,Standard,16,91.9,Credit Card,0,9,6,0
INST_01822,Investment Firm,Middle East,Professional,5,98,2623.96,20718,331,500.0,9,Priority,24,80.9,ACH,2,17,7,0
INST_01823,Insurance Company,Middle East,Professional,3,274,1155.82,1995,593,1432.2,6,Priority,0,70.2,Credit Card,5,4,11,1
INST_01824,Investment Firm,North America,Enterprise,17,1202,818.23,196607,465,7869.62,12,Priority,17,59.5,Credit Card,3,22,6,0
INST_01825,Credit Union,Asia Pacific,Basic,1,1283,219.57,117079,30,13561.84,7,Priority,13,77.8,Wire Transfer,17,29,3,1
INST_01826,Bank,North America,Professional,21,493,574.95,58580,899,2045.75,7,Standard,5,95.1,Wire Transfer,1,30,9,0
INST_01827,Payment Processor,North America,Enterprise,1,9176,134.87,40546,86,3939.52,5,Priority,4,79.5,Wire Transfer,5,10,7,0
INST_01828,Insurance Company,Asia Pacific,Basic,2,2990,633.3,226120,790,1314.18,11,Priority,3,85.8,ACH,2,5,2,1
INST_01829,Bank,Europe,Basic,19,2160,684.07,6584,118,35806.53,10,Standard,7,68.4,Credit Card,2,28,4,0
INST_01830,Payment Processor,Latin America,Professional,21,452,50.0,5598,260,6386.12,6,Priority,1,94.0,ACH,2,12,3,0
INST_01831,Investment Firm,North America,Enterprise,1,2788,422.63,108258,275,1805.27,8,Premium,0,72.2,ACH,1,23,6,1
INST_01832,Investment Firm,Europe,Professional,20,57,663.71,97877,641,867.44,13,Priority,27,82.2,Credit Card,13,2,2,1
INST_01833,Insurance Company,Latin America,Enterprise,43,2334,364.87,3676,7,734.85,12,Standard,12,55.2,Credit Card,2,17,11,0
INST_01834,Insurance Company,Latin America,Professional,30,3277,619.96,9926,8,74408.99,5,Priority,3,77.4,Wire Transfer,1,10,9,0
INST_01835,Investment Firm,North America,Basic,3,4284,80.64,277517,497,3788.53,5,Standard,0,61.9,ACH,4,24,11,1
INST_01836,Bank,North America,Professional,21,285,159.01,40843,281,2699.22,8,Priority,22,76.8,Wire Transfer,0,22,5,0
INST_01837,Bank,Europe,Professional,26,4176,1396.78,71735,36,3569.33,7,Priority,0,91.9,Credit Card,6,16,9,0
INST_01838,Payment Processor,North America,Basic,1,625,403.71,3871,285,1909.67,5,Priority,0,86.2,Invoice,2,33,5,0
INST_01839,Bank,Middle East,Basic,46,881,606.59,58980,11,4185.93,9,Standard,2,76.8,Invoice,3,19,4,1
INST_01840,Credit Union,Latin America,Basic,56,8750,209.38,2619,10000,5179.13,7,Standard,9,57.4,Wire Transfer,8,0,10,1
INST_01841,Credit Union,North America,Professional,45,61155,412.98,1130,1573,5026.63,2,Priority,13,57.6,ACH,0,18,6,0
INST_01842,Credit Union,North America,Enterprise,41,3219,50.0,65528,454,739.6,16,Priority,6,55.8,Credit Card,4,2,4,0
INST_01843,Investment Firm,North America,Professional,32,875,1113.45,189409,170,18744.33,6,Priority,4,79.0,Invoice,0,34,7,0
INST_01844,Payment Processor,Latin America,Enterprise,24,3956,3531.65,15052,48,2144.28,6,Standard,0,69.6,Wire Transfer,2,26,4,0
INST_01845,Bank,North America,Basic,27,12192,112.39,9702,14,1829.88,9,Priority,2,93.9,ACH,9,0,9,0
INST_01846,Bank,Europe,Enterprise,39,7566,130.53,286723,120,1710.02,7,Standard,0,73.7,ACH,6,17,6,0
INST_01847,Bank,Europe,Enterprise,26,182529,684.75,16445,31,1013.63,4,Standard,1,57.3,Wire Transfer,7,33,5,0
INST_01848,Payment Processor,Europe,Professional,9,1019,2365.29,19957,35,7344.42,5,Premium,0,45.4,Credit Card,2,28,8,0
INST_01849,Investment Firm,North America,Enterprise,11,4351,402.41,279549,11,18816.19,11,Priority,15,98.1,ACH,3,9,1,0
INST_01850,Bank,North America,Basic,54,30435,92.28,12959,232,1661.57,8,Premium,8,77.2,Credit Card,9,24,2,1
INST_01851,Insurance Company,Latin America,Enterprise,1,27701,314.08,8258,75,500.0,7,Standard,4,78.4,Invoice,3,27,5,1
INST_01852,Payment Processor,Latin America,Enterprise,28,159,117.22,74851,388,1052.93,6,Priority,18,54.6,Wire Transfer,4,23,4,1
INST_01853,Insurance Company,Asia Pacific,Professional,74,2965,180.8,7572,337,2508.83,10,Priority,1,27.3,Wire Transfer,9,32,5,1
INST_01854,Payment Processor,North America,Professional,29,27633,280.1,17731,224,774.99,12,Standard,21,51.1,Credit Card,8,8,6,1
INST_01855,Bank,North America,Basic,120,227741,132.27,3045,10000,2002.0,7,Premium,0,83.9,Credit Card,1,26,6,0
INST_01856,Insurance Company,Europe,Professional,27,8567,158.62,29088,653,2148.9,5,Standard,11,85.1,ACH,4,21,2,0
INST_01857,Credit Union,North America,Professional,1,1716,441.17,24395,15,4801.89,5,Standard,2,66.2,Invoice,1,34,10,0
INST_01858,Insurance Company,Latin America,Professional,42,656,522.2,94092,338,554.22,7,Priority,0,78.8,Wire Transfer,0,24,4,1
INST_01859,Insurance Company,Europe,Professional,8,83126,73.06,79688,134,11733.11,8,Standard,7,89.9,ACH,0,15,5,1
INST_01860,Insurance Company,North America,Enterprise,14,8893,649.15,50376,13,59361.92,13,Premium,7,87.2,Wire Transfer,3,4,3,0
INST_01861,Investment Firm,Latin America,Basic,8,835,255.11,39790,11,41926.6,5,Priority,19,38.1,Wire Transfer,10,22,7,1
INST_01862,Bank,Middle East,Enterprise,7,2197,957.49,19734,335,2046.6,7,Standard,2,59.9,Wire Transfer,3,34,7,0
INST_01863,Credit Union,North America,Enterprise,13,4747,1029.26,54958,520,13399.63,13,Premium,10,90.9,ACH,0,11,2,0
INST_01864,Payment Processor,Europe,Professional,11,6739,209.88,4152,22,11219.19,4,Standard,17,82.7,ACH,0,23,3,0
INST_01865,Payment Processor,North America,Basic,24,773,843.01,649,850,4604.14,6,Priority,4,78.5,ACH,4,28,5,1
INST_01866,Bank,North America,Basic,40,1186,147.77,125853,247,6409.32,11,Standard,3,46.5,Credit Card,9,31,3,0
INST_01867,Bank,North America,Basic,8,249,1975.38,60550,1277,13691.98,11,Standard,3,75.5,Wire Transfer,1,27,5,1
INST_01868,Bank,Europe,Professional,5,14180,154.63,18206,1055,18491.45,8,Standard,28,75.5,Credit Card,3,14,8,1
INST_01869,Insurance Company,Middle East,Professional,26,1785,616.03,110396,111,1454.61,10,Standard,6,89.4,Credit Card,11,0,3,0
INST_01870,Insurance Company,Europe,Enterprise,26,5999,322.1,7352,2818,15086.22,7,Standard,17,67.5,ACH,0,21,4,0
INST_01871,Bank,North America,Professional,55,25169,119.07,7644,19,59855.81,14,Priority,4,54.9,ACH,0,19,4,0
INST_01872,Credit Union,Europe,Professional,1,4145,1189.27,6209,10000,18458.36,5,Priority,14,76.0,ACH,2,15,5,1
INST_01873,Insurance Company,North America,Professional,46,2516,193.07,51608,30,49251.46,4,Standard,4,96.3,Wire Transfer,3,22,2,0
INST_01874,Insurance Company,Latin America,Enterprise,17,3987,52.45,2049,136,500.0,11,Standard,1,62.4,Invoice,1,1,1,1
INST_01875,Credit Union,Europe,Enterprise,23,3277,50.0,6971,53,12010.82,8,Standard,6,85.3,Credit Card,3,32,7,0
INST_01876,Investment Firm,North America,Enterprise,2,19326,141.17,34015,75,7305.46,8,Standard,14,29.7,ACH,11,10,4,1
INST_01877,Credit Union,North America,Professional,13,4751,2102.94,3618,10000,22939.76,5,Standard,0,62.3,Wire Transfer,10,4,5,1
INST_01878,Bank,Asia Pacific,Professional,6,1317,1824.91,8180,64,908.29,7,Standard,2,51.4,Wire Transfer,0,7,3,0
INST_01879,Investment Firm,North America,Enterprise,7,14353,170.32,798,686,2300.29,8,Standard,20,59.2,ACH,4,21,5,0
INST_01880,Investment Firm,Asia Pacific,Professional,16,18877,257.41,54650,97,18973.62,10,Standard,2,59.1,Credit Card,1,28,2,0
INST_01881,Payment Processor,North America,Basic,40,400,230.93,7849,800,1002.75,6,Standard,3,73.2,Wire Transfer,5,5,3,1
INST_01882,Investment Firm,North America,Basic,32,29708,81.44,4234,55,7068.98,11,Standard,2,82.6,Wire Transfer,4,24,3,0
INST_01883,Insurance Company,Europe,Basic,21,5151,129.21,3157,235,4791.47,7,Standard,2,72.6,Wire Transfer,1,5,15,0
INST_01884,Bank,Latin America,Professional,18,4559,1309.47,11762,460,3663.24,5,Premium,3,94.0,Invoice,14,25,2,0
INST_01885,Credit Union,Latin America,Basic,13,13493,738.53,2058,40,11603.34,13,Priority,13,58.7,Wire Transfer,3,24,6,0
INST_01886,Bank,North America,Basic,86,1273,559.87,405781,10000,922.19,8,Premium,2,58.1,Wire Transfer,2,30,4,0
INST_01887,Bank,North America,Basic,19,12472,81.27,615,505,1525.11,7,Standard,8,87.9,ACH,7,24,2,0
INST_01888,Insurance Company,North America,Professional,7,1693,455.25,11204,98,3988.33,12,Standard,1,62.8,ACH,1,2,4,1
INST_01889,Payment Processor,Europe,Professional,6,326,50.0,25857,42,810.97,14,Priority,1,77.8,Wire Transfer,4,30,4,1
INST_01890,Bank,Europe,Professional,22,667,1109.17,6883,175,31144.18,6,Standard,11,86.1,Wire Transfer,1,23,6,0
INST_01891,Credit Union,Latin America,Basic,17,6978,550.2,30278,16,1483.04,10,Standard,0,50.4,Credit Card,0,7,2,0
INST_01892,Insurance Company,Latin America,Basic,1,721,80.3,6638,3670,15986.41,4,Priority,10,67.6,Invoice,3,33,5,1
INST_01893,Bank,North America,Professional,42,33360,2806.55,218631,322,1321.79,8,Standard,7,67.0,Credit Card,0,31,5,0
INST_01894,Investment Firm,Europe,Professional,29,17746,50.0,4112,126,14133.4,5,Priority,5,83.1,Wire Transfer,2,15,3,0
INST_01895,Insurance Company,Latin America,Basic,26,22029,762.32,647,975,500.0,6,Premium,4,90.7,Wire Transfer,3,21,8,0
INST_01896,Investment Firm,Asia Pacific,Basic,1,3594,785.41,3140,40,40656.87,9,Standard,5,63.9,ACH,0,24,5,1
INST_01897,Bank,North America,Enterprise,10,4388,91.14,39329,18,26975.91,4,Standard,0,71.5,Credit Card,2,30,6,0
INST_01898,Credit Union,North America,Professional,65,497,385.51,18455,117,2145.49,3,Priority,1,77.0,Wire Transfer,2,12,10,0
INST_01899,Insurance Company,Europe,Basic,47,13275,56.59,68063,186,1424.45,6,Priority,0,67.2,ACH,3,24,3,0
INST_01900,Investment Firm,North America,Basic,8,5269,50.0,46752,385,9766.41,4,Standard,8,70.2,Invoice,9,25,4,1
INST_01901,Bank,North America,Enterprise,4,6981,112.01,8480,10,500.0,8,Priority,11,79.5,Invoice,1,13,5,1
INST_01902,Insurance Company,North America,Professional,14,37513,192.49,10576,65,5177.76,10,Standard,8,70.4,Credit Card,12,15,5,0
INST_01903,Bank,Europe,Professional,10,1201,874.02,12357,1,1463.55,8,Priority,8,86.3,Credit Card,2,15,4,0
INST_01904,Insurance Company,North America,Professional,27,2467,437.42,371951,17,3356.1,12,Standard,13,51.5,Wire Transfer,4,14,4,0
INST_01905,Bank,North America,Professional,81,4865,451.36,62083,537,1871.0,12,Standard,8,47.3,Credit Card,0,19,7,0
INST_01906,Payment Processor,North America,Professional,10,732,119.43,376069,837,1483.93,7,Standard,3,39.5,Wire Transfer,2,1,6,1
INST_01907,Credit Union,Asia Pacific,Professional,1,2249,213.57,77743,18,63398.23,9,Standard,1,81.4,Invoice,7,35,7,1
INST_01908,Bank,Latin America,Professional,54,6244,132.17,20022,82,15848.26,11,Standard,3,84.6,ACH,1,11,4,0
INST_01909,Bank,Europe,Basic,1,1829,92.76,4774,155,533.9,14,Priority,4,73.1,Credit Card,0,19,4,0
INST_01910,Bank,Europe,Enterprise,73,21236,197.86,29800,1033,1321.18,6,Premium,2,66.3,Credit Card,13,10,5,0
INST_01911,Payment Processor,Middle East,Professional,26,309,441.16,20104,2327,17786.12,5,Standard,2,65.8,Wire Transfer,0,33,7,0
INST_01912,Payment Processor,North America,Basic,68,16061,202.92,19139,195,21015.81,5,Standard,8,85.6,Credit Card,1,35,3,0
INST_01913,Credit Union,North America,Enterprise,5,8036,273.64,16096,92,615.46,15,Priority,1,73.7,Wire Transfer,11,35,9,0
INST_01914,Credit Union,North America,Enterprise,1,1269,928.8,1013,11,14015.33,7,Standard,10,75.9,ACH,0,15,5,1
INST_01915,Insurance Company,North America,Enterprise,16,745,221.21,145985,180,7313.99,5,Priority,2,85.5,Wire Transfer,9,21,10,0
INST_01916,Payment Processor,North America,Enterprise,14,131,81.39,20421,6215,500.0,5,Priority,3,68.4,Wire Transfer,15,29,0,0
INST_01917,Investment Firm,Latin America,Enterprise,9,904,793.25,2640,1513,2684.38,7,Standard,2,79.7,Credit Card,4,5,2,0
INST_01918,Credit Union,Europe,Basic,75,14339,555.03,45371,203,4006.83,8,Premium,12,67.1,Invoice,2,13,8,0
INST_01919,Credit Union,Europe,Enterprise,41,2740,598.48,6101,256,5285.58,6,Standard,3,54.4,ACH,1,11,8,0
INST_01920,Investment Firm,Latin America,Enterprise,26,17059,854.92,51185,42,677.99,5,Premium,26,60.5,Wire Transfer,0,17,8,0
INST_01921,Bank,North America,Basic,4,1176,697.83,82659,78,1564.74,7,Standard,6,57.2,ACH,11,28,3,1
INST_01922,Investment Firm,North America,Basic,31,8609,417.58,101666,193,1930.6,11,Standard,0,84.4,Wire Transfer,7,22,2,0
INST_01923,Credit Union,Europe,Enterprise,31,1016,7113.45,17302,194,2200.6,6,Standard,11,75.8,Credit Card,1,4,5,0
INST_01924,Insurance Company,Europe,Basic,13,700,86.32,11841,915,2256.35,9,Priority,8,48.8,Credit Card,5,7,2,1
INST_01925,Bank,North America,Enterprise,62,2538,199.6,8618,838,4028.1,10,Standard,2,54.8,Wire Transfer,4,4,3,0
INST_01926,Investment Firm,Europe,Basic,4,1099,1287.94,7451,378,7820.12,4,Premium,2,88.2,Wire Transfer,0,7,6,0
INST_01927,Credit Union,Europe,Basic,7,294,478.71,21464,24,70357.07,9,Standard,4,89.1,Wire Transfer,1,1,5,0
INST_01928,Investment Firm,Asia Pacific,Professional,1,2267,1001.75,16090,26,18148.32,7,Priority,7,72.2,ACH,0,31,3,0
INST_01929,Bank,Europe,Basic,38,3496,494.58,6387,30,35429.32,7,Standard,16,76.4,Credit Card,3,30,2,0
INST_01930,Investment Firm,North America,Professional,23,19981,2098.27,3961,226,2389.56,10,Premium,1,51.0,Invoice,1,19,3,1
INST_01931,Investment Firm,North America,Professional,9,12151,120.42,18710,3,1090.2,13,Priority,1,59.5,ACH,20,27,4,1
INST_01932,Investment Firm,Europe,Basic,4,18581,2020.2,11483,146,16352.53,6,Priority,8,74.8,ACH,1,35,2,0
INST_01933,Investment Firm,North America,Basic,1,8782,1644.51,3975,1873,4796.7,11,Standard,2,66.0,ACH,6,20,12,0
INST_01934,Investment Firm,Latin America,Professional,4,4909,94.41,76562,492,14698.15,8,Standard,1,68.7,Wire Transfer,1,22,4,0
INST_01935,Insurance Company,Europe,Basic,14,471,859.88,314311,78,1308.39,12,Priority,8,83.3,Wire Transfer,2,31,7,1
INST_01936,Bank,North America,Professional,6,3732,383.12,93328,42,13002.09,6,Standard,0,81.8,Wire Transfer,1,19,4,0
INST_01937,Insurance Company,Asia Pacific,Professional,7,7296,194.82,7477,632,3778.66,10,Standard,5,71.7,Credit Card,0,1,8,1
INST_01938,Credit Union,Europe,Basic,50,26533,50.0,20427,257,2461.8,11,Premium,7,44.2,Invoice,13,12,2,0
INST_01939,Bank,North America,Professional,17,8345,119.94,222046,95,2835.2,9,Priority,3,31.7,Wire Transfer,7,25,3,1
INST_01940,Bank,Asia Pacific,Basic,31,19159,943.63,3787,51,10256.33,5,Priority,0,88.5,Credit Card,1,25,5,0
INST_01941,Bank,Latin America,Basic,1,633,1071.28,71245,170,15696.8,12,Priority,2,43.6,Wire Transfer,1,35,7,1
INST_01942,Insurance Company,Asia Pacific,Basic,10,1826,313.3,2509,86,2836.65,11,Standard,3,77.4,Credit Card,2,26,4,1
INST_01943,Insurance Company,North America,Enterprise,15,5676,1075.33,275421,609,8237.6,8,Premium,1,69.9,ACH,7,2,7,0
INST_01944,Insurance Company,Europe,Enterprise,4,17007,1254.27,11551,1385,8194.55,13,Priority,4,69.8,Credit Card,10,34,6,1
INST_01945,Credit Union,Asia Pacific,Enterprise,3,2397,485.69,623787,12,14876.01,7,Standard,2,84.3,Credit Card,7,1,4,1
INST_01946,Credit Union,North America,Professional,49,2634,169.56,294223,16,21598.36,10,Standard,16,88.1,ACH,14,23,6,0
INST_01947,Bank,North America,Basic,67,8355,684.89,18776,1679,74371.8,9,Standard,0,89.6,Credit Card,7,9,4,0
INST_01948,Bank,Latin America,Professional,1,550,723.7,7486,200,2446.09,6,Standard,7,84.1,ACH,1,8,3,1
INST_01949,Credit Union,North America,Professional,10,33226,905.72,29500,19,43915.16,7,Standard,8,92.2,ACH,2,20,6,0
INST_01950,Bank,Asia Pacific,Enterprise,76,797,1139.66,16810,871,5858.28,6,Standard,6,53.2,Invoice,6,1,4,0
INST_01951,Bank,Europe,Basic,2,167,78.68,12060,274,951.27,8,Standard,5,63.6,Wire Transfer,0,10,7,1
INST_01952,Investment Firm,Europe,Basic,24,3026,218.78,1831,7830,1852.47,14,Premium,0,88.4,Wire Transfer,1,8,4,1
INST_01953,Insurance Company,North America,Professional,86,38089,50.0,10179,97,9886.65,13,Priority,6,84.4,Credit Card,20,14,4,0
INST_01954,Payment Processor,Asia Pacific,Enterprise,91,7184,988.7,4164,1091,14554.29,13,Priority,5,87.8,Credit Card,5,1,2,0
INST_01955,Payment Processor,North America,Enterprise,15,9197,312.69,50386,10,1070.2,8,Standard,17,72.2,Wire Transfer,0,11,6,0
INST_01956,Investment Firm,Europe,Professional,4,3171,676.53,97402,1831,1562.71,5,Standard,14,74.9,ACH,0,6,6,1
INST_01957,Credit Union,Asia Pacific,Enterprise,5,2371,68.66,66904,811,2209.07,8,Standard,0,51.8,ACH,16,7,5,1
INST_01958,Investment Firm,Asia Pacific,Professional,52,293,2167.17,36811,2664,1346.07,8,Standard,29,82.7,ACH,3,29,6,0
INST_01959,Insurance Company,Middle East,Enterprise,58,100,96.23,6128,1095,500.0,15,Premium,5,59.6,Wire Transfer,2,35,5,0
INST_01960,Bank,Europe,Enterprise,22,4001,1021.96,29974,124,500.0,4,Standard,17,76.3,ACH,7,15,2,0
INST_01961,Credit Union,North America,Enterprise,34,21350,464.77,72341,18,2771.9,8,Priority,1,75.8,Credit Card,5,3,3,0
INST_01962,Insurance Company,Middle East,Professional,32,4995,321.39,9142,50,7173.28,9,Standard,8,78.9,ACH,4,27,2,0
INST_01963,Credit Union,Europe,Basic,26,7596,291.72,26330,6,13139.5,6,Priority,4,69.4,ACH,1,30,5,0
INST_01964,Investment Firm,North America,Professional,42,32066,187.6,17708,28,636.83,10,Priority,1,63.7,ACH,4,10,3,0
INST_01965,Investment Firm,North America,Professional,27,4881,1908.81,266612,319,653.27,9,Standard,0,82.8,ACH,3,16,5,0
INST_01966,Bank,Asia Pacific,Enterprise,18,2480,409.58,79009,136,2226.32,9,Priority,1,86.4,Credit Card,0,12,5,0
INST_01967,Credit Union,North America,Basic,6,873,87.96,54925,99,4939.47,4,Standard,0,72.0,Wire Transfer,3,35,2,0
INST_01968,Bank,Asia Pacific,Basic,32,61902,254.49,1677,35,22318.53,4,Standard,6,54.8,ACH,4,30,0,1
INST_01969,Bank,Europe,Professional,15,6567,470.6,28545,6,14423.05,11,Priority,2,98.1,Wire Transfer,6,9,2,0
INST_01970,Bank,North America,Basic,8,723,1184.84,17456,205,2830.64,9,Standard,21,90.5,ACH,4,24,8,1
INST_01971,Insurance Company,Europe,Professional,38,514,195.28,17231,293,8435.74,7,Standard,7,65.6,Invoice,4,22,9,0
INST_01972,Bank,North America,Professional,28,19527,211.59,2110,24,1386.71,7,Priority,10,54.3,Credit Card,4,17,3,1
INST_01973,Credit Union,Europe,Professional,66,628,414.93,4308,56,5494.59,10,Premium,3,38.1,Credit Card,1,25,2,1
INST_01974,Bank,Europe,Basic,4,48086,1150.68,19890,2382,4475.46,16,Priority,2,75.9,Wire Transfer,10,29,3,1
INST_01975,Payment Processor,Europe,Enterprise,25,47,78.06,117187,1196,40394.68,9,Standard,10,87.5,ACH,4,34,6,0
INST_01976,Bank,Asia Pacific,Professional,6,25182,739.83,9083,10,10304.47,10,Priority,4,85.1,ACH,5,16,4,0
INST_01977,Credit Union,Asia Pacific,Enterprise,56,6187,231.16,12089,127,1546.61,10,Standard,54,72.5,Credit Card,3,23,3,0
INST_01978,Payment Processor,Asia Pacific,Professional,2,3561,273.33,318582,2036,1570.53,16,Standard,6,55.3,ACH,0,26,5,1
INST_01979,Insurance Company,North America,Basic,25,2291,4455.48,14111,100,2982.04,8,Standard,13,89.9,Credit Card,0,18,3,0
INST_01980,Bank,North America,Basic,37,50822,318.7,18157,91,500.0,3,Standard,2,94.9,Credit Card,3,29,5,0
INST_01981,Insurance Company,Europe,Basic,10,8609,997.88,18529,1060,3480.63,3,Priority,3,65.0,ACH,10,0,1,1
INST_01982,Credit Union,Latin America,Professional,73,769,955.94,2927,877,3962.03,7,Standard,1,88.7,Credit Card,0,25,6,0
INST_01983,Credit Union,Asia Pacific,Basic,45,226,97.9,51932,799,9895.05,11,Priority,10,89.0,Credit Card,3,6,3,1
INST_01984,Bank,Asia Pacific,Professional,8,3889,50.0,8272,92,12310.26,15,Standard,9,78.6,ACH,0,14,10,0
INST_01985,Bank,North America,Professional,1,2976,1080.5,21055,489,5700.87,9,Standard,6,70.5,ACH,10,29,4,0
INST_01986,Insurance Company,Europe,Basic,8,304,109.92,42897,2187,500.0,8,Standard,9,55.3,Invoice,1,28,5,1
INST_01987,Credit Union,Europe,Basic,7,2743,54.76,405889,135,787.16,7,Standard,3,58.9,Invoice,2,16,4,1
INST_01988,Credit Union,North America,Professional,52,1260,1382.15,3051,71,1982.95,7,Standard,14,69.1,Wire Transfer,0,1,2,1
INST_01989,Insurance Company,North America,Enterprise,81,3022,118.71,80617,1358,13074.74,7,Priority,17,93.6,ACH,1,13,5,0
INST_01990,Insurance Company,Latin America,Basic,1,8856,159.65,81071,5894,12428.98,11,Priority,7,38.6,ACH,2,12,2,1
INST_01991,Bank,North America,Basic,15,27970,4312.39,8456,6680,3380.72,10,Standard,3,68.5,Invoice,0,7,6,1
INST_01992,Investment Firm,North America,Enterprise,19,11653,55.05,54136,75,169328.45,5,Premium,12,70.6,Credit Card,1,4,7,0
INST_01993,Bank,North America,Basic,2,1010,89.34,259147,90,51141.49,7,Standard,27,81.1,Credit Card,5,11,5,1
INST_01994,Insurance Company,Latin America,Enterprise,11,5184,232.38,6992,23,31567.36,8,Standard,6,79.1,Wire Transfer,10,14,4,0
INST_01995,Investment Firm,Europe,Basic,9,3276,302.38,31640,183,14058.57,9,Priority,7,63.6,Credit Card,5,26,10,0
INST_01996,Payment Processor,Asia Pacific,Enterprise,18,404,138.03,40424,21,9777.24,8,Standard,13,89.3,Wire Transfer,16,20,3,1
INST_01997,Bank,Latin America,Professional,25,5417,100.45,49083,57,8763.62,6,Standard,7,60.8,ACH,1,20,7,0
INST_01998,Bank,North America,Enterprise,29,48291,2470.05,69838,524,500.0,12,Standard,1,59.2,ACH,2,30,3,0
INST_01999,Bank,Europe,Professional,3,3129,553.12,28267,299,1015.44,7,Premium,3,78.0,ACH,1,32,1,1
INST_02000,Bank,North America,Professional,40,272,814.2,47579,5,3522.04,8,Priority,6,95.2,Invoice,3,14,5,0
INST_02001,Bank,North America,Basic,27,3119,342.18,5612,2506,5953.94,8,Premium,4,59.9,ACH,6,30,9,0
INST_02002,Payment Processor,Asia Pacific,Basic,52,482,570.98,28169,20,4077.81,5,Standard,7,75.4,Wire Transfer,1,29,2,0
INST_02003,Bank,Asia Pacific,Professional,14,10887,1235.81,10780,26,7393.93,6,Standard,2,97.5,Wire Transfer,8,8,4,0
INST_02004,Bank,North America,Professional,53,6550,122.05,3481,15,500.0,11,Priority,1,79.0,Wire Transfer,2,1,5,0
INST_02005,Insurance Company,North America,Enterprise,48,2306,554.35,10262,45,10493.34,8,Standard,0,57.5,Credit Card,3,33,6,0
INST_02006,Credit Union,Europe,Professional,13,1813,930.06,32997,29,5394.88,3,Standard,0,82.2,ACH,9,35,3,0
INST_02007,Insurance Company,North America,Enterprise,11,2168,2575.39,42348,30,3710.14,7,Premium,3,50.7,Credit Card,1,21,7,0
INST_02008,Bank,North America,Professional,64,3018,4177.5,3285,1,19751.17,8,Standard,0,67.6,Wire Transfer,5,12,5,0
INST_02009,Credit Union,North America,Enterprise,30,936,438.71,5396,187,1024.23,7,Premium,2,96.1,ACH,3,23,6,0
INST_02010,Bank,North America,Enterprise,63,371,1581.88,65315,225,3444.93,5,Standard,5,76.4,Wire Transfer,1,1,2,1
INST_02011,Bank,Asia Pacific,Professional,38,16449,50.0,47203,8433,7529.83,11,Standard,9,78.1,Wire Transfer,2,27,5,0
INST_02012,Payment Processor,North America,Enterprise,22,1672,2598.63,83337,356,1367.15,10,Standard,6,54.0,ACH,7,7,5,0
INST_02013,Bank,North America,Enterprise,2,3829,168.84,171398,60,500.0,6,Priority,5,74.3,Wire Transfer,5,3,6,0
INST_02014,Credit Union,Europe,Basic,8,4572,302.08,49356,17,871.7,8,Standard,1,76.5,Wire Transfer,7,32,5,0
INST_02015,Credit Union,Latin America,Professional,83,4832,684.94,11822,124,4460.07,8,Priority,0,86.1,Wire Transfer,1,20,2,0
INST_02016,Bank,North America,Basic,9,512,335.58,26167,332,3382.84,4,Priority,0,94.6,Wire Transfer,7,17,3,1
INST_02017,Payment Processor,North America,Enterprise,2,241,510.68,265626,59,4781.94,3,Priority,28,62.4,Credit Card,2,22,1,0
INST_02018,Bank,North America,Basic,29,1232,2711.43,1392586,165,1828.2,6,Priority,18,84.0,Wire Transfer,3,35,7,0
INST_02019,Investment Firm,Asia Pacific,Basic,31,5396,254.41,44118,4515,686.5,2,Standard,2,86.6,Wire Transfer,10,6,5,1
INST_02020,Payment Processor,Europe,Professional,8,1000,109.47,49184,74,6036.09,6,Priority,2,91.0,ACH,6,7,7,0
INST_02021,Investment Firm,Asia Pacific,Professional,8,1750,3555.16,65418,4,3828.45,10,Priority,15,97.0,Credit Card,6,25,3,0
INST_02022,Payment Processor,Middle East,Enterprise,15,72471,759.09,22826,714,12794.27,9,Premium,0,76.7,Wire Transfer,3,29,5,0
INST_02023,Bank,Asia Pacific,Enterprise,1,187,4050.87,126219,261,1601.14,8,Priority,1,74.2,Invoice,4,33,7,1
INST_02024,Credit Union,Europe,Professional,37,960,1137.24,99914,6,500.0,6,Standard,0,48.8,Credit Card,7,28,7,0
INST_02025,Bank,Europe,Basic,9,51272,82.41,37480,320,500.0,8,Priority,14,70.2,ACH,0,18,4,1
INST_02026,Insurance Company,North America,Professional,46,2788,875.21,13670,24,2691.34,9,Premium,0,62.0,Credit Card,2,25,8,0
INST_02027,Payment Processor,Middle East,Professional,38,1033,123.87,2250,328,5954.27,10,Premium,0,42.1,ACH,1,19,6,0
INST_02028,Bank,North America,Professional,25,17208,407.04,66079,4596,3468.69,3,Standard,11,82.0,Credit Card,1,23,5,0
INST_02029,Investment Firm,North America,Professional,9,3238,368.39,30311,107,2105.43,10,Standard,7,56.1,ACH,8,2,6,1
INST_02030,Bank,Asia Pacific,Professional,17,1767,57.9,7283,1043,500.0,7,Standard,5,78.4,Invoice,3,23,4,0
INST_02031,Investment Firm,North America,Professional,14,3978,152.11,4044,16,500.0,5,Standard,17,50.0,Credit Card,0,11,3,1
INST_02032,Credit Union,Europe,Professional,9,1110,5688.63,59405,9,8526.31,4,Standard,4,67.8,Credit Card,18,19,12,0
INST_02033,Payment Processor,Europe,Professional,45,647,537.03,1994,5604,3493.29,9,Premium,4,82.9,ACH,0,4,8,0
INST_02034,Investment Firm,Europe,Enterprise,15,2513,326.78,34525,258,2849.0,4,Priority,3,55.5,Credit Card,2,19,6,1
INST_02035,Bank,Asia Pacific,Professional,42,654,3552.72,78067,466,500.0,8,Standard,7,94.8,Credit Card,4,23,5,0
INST_02036,Bank,North America,Basic,2,3029,250.77,50253,1180,1153.57,7,Standard,2,85.1,Credit Card,4,7,8,1
INST_02037,Bank,Europe,Enterprise,3,5072,361.51,12257,57,5258.79,8,Standard,7,49.9,Credit Card,2,3,7,0
INST_02038,Bank,Europe,Professional,90,10717,1324.73,3381,655,7532.06,6,Premium,8,68.0,ACH,1,13,5,0
INST_02039,Bank,Asia Pacific,Basic,21,16185,249.41,53131,498,3841.58,6,Priority,1,61.7,Wire Transfer,4,16,4,0
INST_02040,Payment Processor,Asia Pacific,Professional,17,1621,164.71,133356,14,38904.85,5,Standard,6,93.6,ACH,9,23,6,0
INST_02041,Investment Firm,North America,Professional,17,6305,50.0,9329,2260,2073.01,9,Priority,9,93.5,Credit Card,1,6,7,0
INST_02042,Credit Union,Europe,Enterprise,5,6240,131.13,47115,1559,33870.78,10,Priority,22,64.2,Wire Transfer,0,16,1,1
INST_02043,Bank,North America,Professional,30,4874,129.64,236161,14,6804.23,11,Standard,19,41.9,Credit Card,2,32,2,0
INST_02044,Payment Processor,Latin America,Professional,2,1452,487.98,36617,212,5780.24,6,Priority,1,85.2,Wire Transfer,6,14,8,0
INST_02045,Insurance Company,North America,Basic,20,637,193.92,12145,97,19906.15,6,Priority,6,82.1,Wire Transfer,23,6,1,0
INST_02046,Bank,Asia Pacific,Professional,20,6329,5375.59,104954,1906,1927.17,5,Standard,4,52.0,Invoice,5,30,4,0
INST_02047,Insurance Company,North America,Enterprise,58,230,113.39,7285,11,2999.48,6,Premium,3,84.5,Invoice,3,15,10,0
INST_02048,Credit Union,North America,Enterprise,17,1994,2166.3,3142,10000,784.22,11,Standard,2,82.7,ACH,0,22,5,0
INST_02049,Bank,Europe,Basic,3,64,525.16,74494,108,19986.63,7,Premium,24,94.4,Invoice,2,31,7,1
INST_02050,Credit Union,Latin America,Basic,20,401,1062.23,11977,560,8129.53,6,Premium,0,77.9,Credit Card,0,22,2,0
INST_02051,Credit Union,Europe,Professional,2,799,987.55,13700,1803,25506.54,9,Standard,13,60.4,ACH,2,30,7,1
INST_02052,Bank,Latin America,Professional,5,15445,50.0,8600,104,6682.82,12,Priority,4,82.5,Credit Card,3,23,4,0
INST_02053,Payment Processor,Europe,Professional,1,8367,397.87,10837,120,25708.15,6,Premium,5,49.3,ACH,1,29,2,1
INST_02054,Insurance Company,Europe,Professional,17,1298,294.51,180692,60,1602.09,16,Priority,9,73.2,Credit Card,0,16,3,0
INST_02055,Investment Firm,North America,Professional,2,8902,103.59,266664,30,21608.88,3,Priority,4,93.4,ACH,2,35,6,0
INST_02056,Credit Union,Asia Pacific,Enterprise,15,11287,700.33,325288,242,2706.14,6,Premium,30,66.5,Credit Card,17,19,6,0
INST_02057,Credit Union,North America,Professional,64,2342,3164.81,113004,116,4933.47,9,Priority,14,49.9,Wire Transfer,1,24,7,0
INST_02058,Investment Firm,Latin America,Basic,30,373,50.0,44329,59,14654.95,6,Standard,1,83.7,Wire Transfer,1,6,4,0
INST_02059,Credit Union,Latin America,Professional,1,2182,212.44,2569,65,161419.5,5,Standard,7,66.4,Wire Transfer,0,14,13,1
INST_02060,Bank,Latin America,Enterprise,6,2573,90.48,16625,418,16815.89,7,Standard,4,26.9,Wire Transfer,4,16,6,1
INST_02061,Credit Union,Europe,Professional,26,469,439.72,559686,35,19370.74,8,Standard,3,69.4,ACH,3,29,5,0
INST_02062,Insurance Company,Asia Pacific,Professional,54,5169,272.94,11459,95,2168.81,4,Standard,3,61.2,ACH,2,27,7,0
INST_02063,Credit Union,Asia Pacific,Professional,1,4535,195.04,213462,748,6219.82,7,Standard,1,54.2,ACH,11,19,3,1
INST_02064,Bank,North America,Enterprise,40,5811,922.8,23921,231,4256.49,6,Standard,4,94.5,Invoice,0,28,2,0
INST_02065,Insurance Company,Europe,Professional,19,4529,2873.88,396,22,40599.02,10,Standard,6,89.4,Wire Transfer,12,29,3,0
INST_02066,Bank,North America,Professional,18,8908,9833.82,57568,142,3948.53,8,Priority,11,73.2,ACH,2,23,2,0
INST_02067,Bank,Europe,Enterprise,75,2277,166.08,147175,325,36055.43,4,Standard,2,82.3,ACH,0,33,5,0
INST_02068,Bank,North America,Enterprise,33,4034,50.0,20465,880,697.52,9,Priority,10,82.1,ACH,4,30,3,0
INST_02069,Bank,North America,Professional,45,1641,789.21,140025,38,40061.3,9,Premium,5,89.5,Wire Transfer,5,7,2,0
INST_02070,Insurance Company,North America,Professional,10,1240,2786.61,1804,54,1350.05,6,Priority,2,44.4,ACH,1,12,5,1
INST_02071,Credit Union,Europe,Professional,19,22189,1071.09,2756,42,17691.26,7,Priority,10,79.6,ACH,9,4,4,0
INST_02072,Bank,Europe,Basic,22,138,2772.81,29950,46,1344.13,6,Priority,6,46.0,ACH,0,15,6,0
INST_02073,Payment Processor,North America,Enterprise,9,11104,307.79,45056,307,12425.68,6,Standard,21,87.7,ACH,2,12,7,0
INST_02074,Payment Processor,Europe,Professional,20,1175,194.13,168529,432,1159.94,7,Standard,2,85.3,Wire Transfer,10,28,4,0
INST_02075,Payment Processor,North America,Enterprise,6,967,463.37,57433,984,23265.37,6,Premium,25,44.3,Credit Card,5,28,7,1
INST_02076,Bank,Europe,Basic,3,4413,271.33,3675,125,17463.5,13,Standard,5,53.8,ACH,1,16,9,1
INST_02077,Credit Union,Europe,Professional,11,319,894.01,30320,11,1996.14,15,Premium,4,89.9,ACH,3,18,1,1
INST_02078,Payment Processor,Europe,Basic,32,876,1291.71,54235,495,11697.46,9,Standard,14,55.3,Wire Transfer,1,31,2,0
INST_02079,Insurance Company,Asia Pacific,Professional,59,834,1418.99,1324,197,20356.37,15,Standard,1,59.7,Wire Transfer,3,19,2,0
INST_02080,Bank,North America,Professional,14,2138,744.5,20630,165,1230.31,11,Priority,4,61.4,ACH,9,33,8,0
INST_02081,Bank,Asia Pacific,Professional,24,892,541.85,13314,14,1042.1,7,Premium,0,54.3,ACH,0,30,2,1
INST_02082,Credit Union,Europe,Basic,2,32914,1046.61,8249,104,985.4,5,Priority,6,71.3,Wire Transfer,1,16,6,0
INST_02083,Payment Processor,Europe,Basic,56,44157,50.0,46544,17,796.71,10,Priority,0,87.9,Wire Transfer,0,33,4,0
INST_02084,Credit Union,Europe,Basic,20,143,519.41,3926,353,978.34,8,Priority,27,90.2,Invoice,23,28,7,1
INST_02085,Credit Union,North America,Basic,36,6744,429.65,41163,68,19676.54,12,Priority,0,43.3,Invoice,0,34,8,0
INST_02086,Bank,Asia Pacific,Professional,37,10807,520.97,50982,58,11347.75,4,Standard,18,59.8,Wire Transfer,1,7,4,0
INST_02087,Investment Firm,Europe,Professional,7,6730,363.16,111931,9,500.0,9,Standard,7,66.5,Invoice,9,24,6,1
INST_02088,Insurance Company,North America,Professional,18,1110,677.38,4084,942,2286.44,11,Priority,12,68.5,ACH,3,33,4,0
INST_02089,Credit Union,North America,Professional,77,2067,202.45,2303,93,865.45,3,Priority,3,47.2,Credit Card,14,0,6,1
INST_02090,Insurance Company,North America,Basic,2,970,1564.67,33468,173,17895.33,8,Standard,1,77.5,Credit Card,4,3,0,1
INST_02091,Payment Processor,Latin America,Basic,27,1587,712.21,14336,39,2503.72,8,Standard,1,96.4,Credit Card,6,4,5,0
INST_02092,Bank,Asia Pacific,Basic,78,485,483.39,1713374,7,500.0,12,Priority,5,74.1,ACH,4,14,5,0
INST_02093,Credit Union,North America,Enterprise,8,2509,174.68,43815,57,6343.89,11,Standard,2,59.0,ACH,6,31,7,0
INST_02094,Bank,North America,Professional,47,312,1073.18,24034,76,12206.67,5,Standard,14,61.9,ACH,1,17,6,0
INST_02095,Insurance Company,Europe,Basic,65,2207,516.97,16996,251,1175.5,6,Standard,0,88.4,Wire Transfer,2,2,8,1
INST_02096,Investment Firm,Asia Pacific,Basic,32,458,162.95,3543,78,3303.13,9,Priority,0,78.2,ACH,4,7,5,1
INST_02097,Investment Firm,North America,Enterprise,6,4065,376.91,51319,40,1269.54,6,Standard,1,61.8,Credit Card,9,12,4,0
INST_02098,Insurance Company,North America,Professional,9,1075,858.25,19560,9,31763.44,13,Standard,0,83.6,Credit Card,1,31,5,0
INST_02099,Credit Union,Latin America,Professional,1,4609,782.03,19585,161,2573.35,8,Standard,12,76.8,Wire Transfer,15,7,4,0
INST_02100,Payment Processor,North America,Professional,42,15098,723.72,25378,35,1664.44,11,Priority,0,82.0,ACH,2,25,7,0
INST_02101,Credit Union,North America,Basic,45,32343,450.81,30693,1599,4550.59,5,Standard,7,78.5,ACH,0,30,3,0
INST_02102,Bank,Middle East,Enterprise,24,67,1381.58,1621,194,3599.95,8,Priority,4,89.6,ACH,10,18,4,0
INST_02103,Investment Firm,Europe,Professional,10,852,1781.76,77306,408,13804.36,3,Standard,10,55.8,ACH,13,22,8,1
INST_02104,Insurance Company,North America,Professional,1,1891,977.29,6187,94,30456.99,11,Standard,3,63.0,ACH,8,19,4,1
INST_02105,Bank,North America,Enterprise,33,5946,199.35,17907,213,30805.08,6,Standard,7,67.4,Wire Transfer,2,27,6,0
INST_02106,Payment Processor,North America,Professional,31,250,113.33,151578,29,2771.49,12,Standard,7,41.5,Wire Transfer,14,18,3,0
INST_02107,Payment Processor,North America,Basic,58,683,210.03,317798,17,7767.24,5,Standard,3,73.8,ACH,2,33,5,0
INST_02108,Bank,Latin America,Professional,31,3624,4206.51,1718,152,45832.55,8,Priority,0,72.7,ACH,0,31,7,0
INST_02109,Payment Processor,Europe,Basic,42,3385,565.68,23048,414,48557.22,5,Standard,3,76.8,Wire Transfer,2,26,4,0
INST_02110,Bank,Asia Pacific,Basic,32,5252,5175.7,33168,4,1321.0,10,Standard,14,23.8,ACH,2,11,4,0
INST_02111,Bank,Latin America,Professional,23,5799,349.24,2295,60,11948.58,9,Standard,11,70.2,Invoice,8,21,7,0
INST_02112,Bank,Europe,Basic,13,4953,295.72,73415,4088,9272.5,8,Premium,3,86.0,Credit Card,6,4,9,0
INST_02113,Payment Processor,North America,Enterprise,55,3985,369.12,26223,351,19723.8,13,Priority,14,56.5,ACH,4,14,4,0
INST_02114,Investment Firm,Europe,Enterprise,25,3240,361.19,29473,2363,31742.96,12,Priority,4,85.4,Invoice,1,19,7,0
INST_02115,Bank,Latin America,Basic,12,8079,159.43,5561,47,1031.26,12,Standard,1,38.5,Wire Transfer,8,12,9,0
INST_02116,Credit Union,Asia Pacific,Professional,2,103,101.63,40918,65,1744.08,6,Premium,13,86.4,Wire Transfer,0,3,8,0
INST_02117,Investment Firm,North America,Enterprise,8,30227,736.28,77445,845,19175.97,10,Priority,4,64.9,ACH,1,11,7,0
INST_02118,Bank,Asia Pacific,Professional,18,109,1430.65,26660,455,6136.72,8,Standard,3,42.4,Invoice,3,33,3,0
INST_02119,Payment Processor,Europe,Professional,7,590,7585.38,10189,125,500.0,9,Priority,1,88.3,ACH,3,21,4,1
INST_02120,Insurance Company,Latin America,Professional,6,2121,239.74,11451,15,500.0,5,Standard,10,56.2,ACH,5,7,4,0
INST_02121,Credit Union,North America,Professional,17,8175,264.23,30656,1190,13277.95,5,Standard,5,46.0,Invoice,7,28,1,1
INST_02122,Payment Processor,Europe,Professional,4,33,159.9,23699,10000,17303.54,4,Priority,1,87.6,ACH,10,32,3,0
INST_02123,Credit Union,Latin America,Enterprise,38,2857,1557.56,85582,8,649.22,6,Priority,2,63.9,Wire Transfer,16,20,4,0
INST_02124,Payment Processor,Europe,Professional,15,9784,1072.75,10717,1856,25559.17,7,Standard,3,68.9,Credit Card,4,15,6,0
INST_02125,Investment Firm,Europe,Enterprise,20,13250,140.85,3541,63,3656.56,6,Premium,5,58.3,ACH,4,12,7,0
INST_02126,Investment Firm,North America,Basic,3,1047,136.64,37762,81,1060.28,14,Priority,11,62.4,ACH,4,5,8,1
INST_02127,Bank,North America,Enterprise,9,1898,1265.24,10761,241,2120.82,7,Priority,1,52.2,ACH,11,1,3,1
INST_02128,Payment Processor,North America,Professional,12,1182,638.96,71362,16,785.16,7,Premium,9,53.1,ACH,7,7,4,1
INST_02129,Credit Union,Latin America,Professional,39,1654,1002.31,22276,138,1951.07,8,Priority,17,46.7,Credit Card,3,17,4,1
INST_02130,Bank,North America,Professional,35,634,139.87,58818,8,500.0,10,Premium,3,78.3,ACH,5,1,4,0
INST_02131,Bank,Europe,Basic,6,785,50.0,4810,349,4399.52,13,Priority,3,72.3,Credit Card,1,35,6,1
INST_02132,Investment Firm,Asia Pacific,Basic,22,5719,141.18,27311,8272,11857.05,6,Standard,4,80.7,Credit Card,0,25,5,0
INST_02133,Credit Union,North America,Basic,6,3631,920.87,7716,46,651.23,11,Standard,11,76.5,Wire Transfer,0,12,3,0
INST_02134,Insurance Company,Europe,Basic,106,6231,5081.03,3531,109,5041.86,7,Standard,0,59.0,Credit Card,2,15,1,0
INST_02135,Payment Processor,Asia Pacific,Professional,72,4109,240.96,6053,119,1470.01,6,Priority,3,52.5,Credit Card,2,35,6,0
INST_02136,Bank,Latin America,Professional,19,8574,6192.08,9733,876,13402.56,10,Priority,0,92.3,Invoice,7,12,3,0
INST_02137,Insurance Company,Europe,Professional,28,11129,1092.02,142492,307,500.0,6,Priority,5,87.1,Invoice,3,5,6,0
INST_02138,Bank,Asia Pacific,Basic,38,218,75.82,9354,777,14297.4,5,Priority,20,86.3,Credit Card,0,15,4,1
INST_02139,Payment Processor,North America,Enterprise,30,827,521.57,3270,59,500.0,9,Standard,1,78.8,Credit Card,0,7,8,0
INST_02140,Insurance Company,Latin America,Professional,28,2106,1137.71,26828,323,3587.06,9,Premium,2,83.6,ACH,0,21,7,0
INST_02141,Credit Union,North America,Enterprise,76,2881,50.0,23011,1,1697.01,8,Standard,8,96.8,Invoice,0,13,10,0
INST_02142,Insurance Company,Asia Pacific,Professional,21,1091,874.23,10529,493,2861.05,12,Standard,8,75.8,ACH,0,9,4,0
INST_02143,Bank,North America,Basic,24,11708,1647.91,17294,16,500.0,8,Priority,6,78.0,ACH,7,10,6,0
INST_02144,Credit Union,Latin America,Professional,45,58100,651.09,95257,82,59290.62,14,Priority,1,73.6,Wire Transfer,7,34,5,0
INST_02145,Insurance Company,Asia Pacific,Professional,26,3941,374.63,60237,567,713.48,11,Premium,0,70.5,ACH,2,13,5,0
INST_02146,Credit Union,Asia Pacific,Basic,31,3382,327.83,52909,9,803.13,10,Standard,1,95.8,ACH,0,33,4,1
INST_02147,Credit Union,North America,Basic,6,10659,305.64,3731,1054,72564.48,4,Standard,7,88.2,ACH,0,19,0,0
INST_02148,Credit Union,Europe,Basic,11,181,98.38,1672486,118,7974.88,6,Premium,2,72.4,Invoice,3,20,5,0
INST_02149,Insurance Company,Europe,Basic,3,3111,176.79,106604,2029,748.91,10,Standard,12,77.2,ACH,18,3,7,0
INST_02150,Bank,Asia Pacific,Professional,16,12946,244.71,47836,29,4051.4,7,Standard,6,78.5,Credit Card,0,35,3,0
INST_02151,Bank,North America,Professional,14,1136,462.29,3841,5,3450.95,11,Priority,0,79.0,Wire Transfer,0,18,6,0
INST_02152,Insurance Company,Middle East,Basic,120,473,206.81,91271,140,500.0,11,Priority,0,81.1,ACH,2,30,5,0
INST_02153,Insurance Company,Latin America,Professional,22,2255,142.17,10386,426,1575.94,9,Standard,2,64.4,ACH,4,24,5,0
INST_02154,Bank,North America,Professional,37,2721,1003.98,16458,496,4724.08,6,Standard,5,49.6,Credit Card,2,17,3,0
INST_02155,Bank,Asia Pacific,Basic,9,762,629.38,1770,19,32847.37,6,Standard,19,69.6,ACH,4,24,4,0
INST_02156,Bank,Europe,Basic,42,69164,211.23,3421,7,3702.47,8,Priority,0,44.5,Invoice,0,3,5,0
INST_02157,Bank,Europe,Basic,22,1453,740.65,42523,84,4144.48,6,Priority,12,45.6,ACH,0,2,6,1
INST_02158,Credit Union,North America,Professional,28,528,234.21,99643,376,1447.0,9,Priority,5,81.4,Wire Transfer,0,12,7,0
INST_02159,Insurance Company,Europe,Basic,8,2590,435.14,61534,343,25433.85,7,Premium,3,38.4,ACH,10,6,7,0
INST_02160,Investment Firm,Asia Pacific,Professional,19,11635,1299.91,58467,2514,19024.49,4,Priority,7,76.2,ACH,8,31,11,0
INST_02161,Investment Firm,Europe,Professional,24,3059,195.49,19987,75,16058.64,8,Standard,10,94.6,Wire Transfer,1,10,6,0
INST_02162,Credit Union,Europe,Professional,21,6175,98.8,11967,5,5812.45,5,Standard,3,70.6,Wire Transfer,7,23,3,0
INST_02163,Insurance Company,Asia Pacific,Basic,59,806,338.95,33973,1279,500.0,7,Standard,17,90.9,ACH,8,32,2,0
INST_02164,Credit Union,Asia Pacific,Professional,54,27765,78.56,75516,210,25084.49,12,Priority,5,68.2,ACH,9,2,4,1
INST_02165,Payment Processor,North America,Professional,84,6922,289.18,22187,246,5356.12,5,Premium,1,76.7,Wire Transfer,2,25,5,0
INST_02166,Investment Firm,Latin America,Enterprise,26,14350,288.08,135317,590,3093.67,11,Standard,5,78.4,Credit Card,17,0,4,1
INST_02167,Bank,Europe,Professional,85,5155,50.0,15952,1443,9630.48,15,Premium,10,38.6,Credit Card,11,30,1,0
INST_02168,Investment Firm,North America,Professional,42,10273,762.62,5062,142,6879.39,9,Standard,6,84.8,Credit Card,6,35,4,0
INST_02169,Bank,North America,Professional,7,804,324.01,21686,1233,988.51,7,Premium,6,87.7,Invoice,0,8,4,1
INST_02170,Investment Firm,Europe,Professional,13,1426,1666.16,25821,400,3037.54,6,Priority,0,68.2,Invoice,6,5,7,1
INST_02171,Bank,Latin America,Enterprise,6,22465,522.51,19476,45,500.0,14,Standard,4,75.3,ACH,4,17,3,0
INST_02172,Bank,North America,Basic,1,30934,975.29,150389,97,5591.71,10,Priority,3,39.1,Credit Card,14,34,7,0
INST_02173,Payment Processor,Asia Pacific,Enterprise,4,533,1682.52,73714,450,36141.3,10,Premium,0,36.1,ACH,3,10,7,1
INST_02174,Bank,North America,Professional,1,4335,344.45,2574,41,500.0,6,Standard,8,73.6,ACH,4,11,9,1
INST_02175,Insurance Company,Europe,Professional,30,1561,403.03,220036,731,5960.69,6,Standard,1,80.3,Invoice,4,22,7,0
INST_02176,Bank,Middle East,Basic,13,1047,61.05,360,197,13396.09,5,Premium,3,81.7,Credit Card,0,25,7,0
INST_02177,Investment Firm,Asia Pacific,Professional,8,4569,1785.48,554896,294,16722.92,7,Standard,6,66.4,ACH,1,19,6,0
INST_02178,Investment Firm,North America,Professional,34,16505,338.72,14314,1984,1604.74,12,Priority,4,69.4,Invoice,1,8,5,1
INST_02179,Credit Union,Europe,Basic,42,5869,120.68,16574,281,940.73,10,Premium,8,76.0,Invoice,2,32,3,1
INST_02180,Bank,North America,Basic,88,1845,980.11,20130,168,2037.38,3,Priority,13,44.8,Wire Transfer,1,18,3,0
INST_02181,Bank,Europe,Enterprise,24,6452,50.0,39253,127,29328.25,6,Priority,1,63.7,Credit Card,1,34,7,0
INST_02182,Bank,Asia Pacific,Professional,14,1737,241.02,22017,116,500.0,14,Priority,2,75.6,Credit Card,0,17,7,1
INST_02183,Bank,Asia Pacific,Professional,8,5531,1199.88,18032,260,793.18,8,Priority,1,35.1,Credit Card,0,4,4,0
INST_02184,Investment Firm,North America,Basic,6,24214,238.59,156902,1726,2469.68,3,Priority,4,69.3,Credit Card,3,13,5,0
INST_02185,Payment Processor,Latin America,Professional,5,132,170.46,51451,49,1137.39,10,Standard,0,67.5,Invoice,3,19,3,1
INST_02186,Payment Processor,Europe,Professional,12,9856,244.84,5228,43,4616.96,10,Premium,9,80.4,Invoice,0,6,2,0
INST_02187,Insurance Company,North America,Professional,115,296,50.0,66903,1499,41018.93,4,Priority,0,94.8,Credit Card,4,14,6,0
INST_02188,Insurance Company,Europe,Professional,1,18816,952.01,48347,53,807.77,5,Priority,20,58.5,Credit Card,19,3,4,1
INST_02189,Investment Firm,Europe,Professional,5,1146,348.12,9721,218,3945.97,9,Priority,12,95.3,ACH,2,32,9,0
INST_02190,Bank,Europe,Professional,5,479,290.97,72273,51,4854.32,11,Standard,24,67.4,ACH,0,34,5,1
INST_02191,Payment Processor,Europe,Basic,30,8458,292.25,17389,7,2975.36,9,Priority,0,90.3,ACH,27,16,5,0
INST_02192,Investment Firm,Europe,Enterprise,10,5147,410.3,15795,212,500.0,8,Standard,1,64.5,Credit Card,3,32,5,0
INST_02193,Investment Firm,North America,Professional,14,665,883.71,15163,1104,1887.98,9,Priority,22,71.5,Wire Transfer,1,6,3,0
INST_02194,Bank,Asia Pacific,Professional,3,455,379.0,576,132,1896.46,11,Standard,29,65.6,ACH,10,2,3,1
INST_02195,Credit Union,Europe,Professional,12,2250,78.73,9996,10,12711.42,8,Standard,2,98.4,ACH,0,11,4,0
INST_02196,Credit Union,North America,Enterprise,2,489,804.82,64200,180,9222.2,11,Premium,6,78.9,ACH,1,8,7,0
INST_02197,Payment Processor,Asia Pacific,Basic,18,606,733.83,21298,38,500.0,9,Priority,1,49.2,Wire Transfer,7,8,7,0
INST_02198,Credit Union,Latin America,Basic,2,3545,516.27,3204,1,2749.83,4,Standard,15,55.1,Wire Transfer,12,28,5,0
INST_02199,Credit Union,Latin America,Professional,37,700,1466.0,93615,128,2320.68,5,Standard,1,67.9,ACH,2,29,3,1
INST_02200,Payment Processor,North America,Professional,20,5652,418.41,14074,376,92230.2,10,Standard,8,64.8,Wire Transfer,0,20,11,0
INST_02201,Bank,North America,Professional,30,27867,1530.96,3525,1236,7619.53,10,Priority,2,51.7,Wire Transfer,4,25,4,0
INST_02202,Credit Union,Europe,Basic,13,2385,2183.43,602605,3506,976.37,9,Standard,3,76.6,ACH,7,10,3,0
INST_02203,Bank,North America,Professional,11,3623,811.41,4537,478,1532.73,12,Premium,5,68.1,ACH,3,25,8,0
INST_02204,Insurance Company,Latin America,Basic,2,61521,164.43,82391,796,2785.5,9,Premium,3,57.0,Wire Transfer,2,27,3,1
INST_02205,Payment Processor,North America,Basic,17,501,344.83,6946,14,8463.78,8,Premium,5,91.4,ACH,5,33,3,1
INST_02206,Bank,North America,Enterprise,17,17798,1784.02,27003,2749,10171.87,9,Standard,7,67.5,Credit Card,3,3,3,0
INST_02207,Payment Processor,Europe,Professional,15,14857,66.88,5691,1452,6639.05,8,Premium,2,82.0,Invoice,7,30,5,0
INST_02208,Bank,North America,Professional,32,10737,252.06,3432,76,3588.01,9,Priority,9,62.0,Invoice,0,5,6,0
INST_02209,Payment Processor,Asia Pacific,Basic,42,20694,267.32,48209,506,4007.81,12,Priority,3,82.3,Credit Card,4,15,0,0
INST_02210,Insurance Company,Europe,Professional,33,4540,142.84,40454,422,4050.3,6,Standard,0,69.9,ACH,9,0,4,1
INST_02211,Insurance Company,North America,Professional,3,1243,1149.93,122635,2093,500.0,9,Priority,13,37.2,ACH,5,34,5,1
INST_02212,Bank,North America,Enterprise,23,15395,634.08,20919,113,4483.07,6,Priority,2,86.8,ACH,4,34,6,0
INST_02213,Payment Processor,Europe,Enterprise,2,16305,171.87,615707,38,2067.55,7,Priority,13,99.2,Wire Transfer,1,34,6,0
INST_02214,Insurance Company,North America,Professional,28,15646,834.32,32942,61,500.0,7,Standard,9,57.3,Invoice,4,3,8,0
INST_02215,Bank,Europe,Professional,11,3186,333.59,51542,745,184762.01,4,Priority,3,83.1,ACH,8,11,8,0
INST_02216,Insurance Company,Europe,Professional,3,1018,138.62,2870,4,7839.7,12,Standard,7,55.6,Wire Transfer,9,14,5,1
INST_02217,Bank,Asia Pacific,Professional,47,3972,171.49,8768,1,5012.32,6,Standard,33,67.0,ACH,5,35,5,1
INST_02218,Payment Processor,Latin America,Basic,22,12250,680.8,48027,742,2816.66,5,Standard,2,85.0,Wire Transfer,20,28,7,0
INST_02219,Bank,Latin America,Professional,10,13856,1244.9,19412,243,14696.04,9,Priority,4,64.1,Wire Transfer,0,23,8,0
INST_02220,Insurance Company,Latin America,Basic,1,1564,224.95,29188,153,859.67,7,Priority,1,95.9,Credit Card,5,13,6,1
INST_02221,Credit Union,North America,Basic,18,4784,775.36,6472,14,3074.64,8,Premium,14,64.9,Invoice,0,35,1,1
INST_02222,Bank,North America,Basic,61,418,2692.18,26447,6,1178.2,8,Standard,5,50.0,Credit Card,9,25,4,0
INST_02223,Bank,North America,Professional,21,13061,89.06,26313,47,14506.39,10,Standard,0,60.3,Wire Transfer,7,18,3,0
INST_02224,Bank,Latin America,Professional,85,920,618.19,3749,284,1422.1,9,Priority,6,93.6,Wire Transfer,8,18,4,0
INST_02225,Credit Union,Middle East,Professional,3,9680,1093.12,57746,51,25642.12,4,Standard,4,87.4,Credit Card,2,2,3,1
INST_02226,Bank,Latin America,Professional,20,531,359.9,1719,750,4234.78,10,Standard,2,81.2,ACH,1,13,4,0
INST_02227,Investment Firm,North America,Basic,38,14004,1782.8,29037,26,15705.01,12,Standard,0,65.5,ACH,1,4,5,0
INST_02228,Bank,Latin America,Professional,17,4830,5645.45,311261,58,8953.4,4,Standard,1,97.9,Wire Transfer,11,26,6,0
INST_02229,Bank,Europe,Basic,2,923,609.13,61134,526,24073.51,11,Standard,1,70.3,Invoice,3,31,10,1
INST_02230,Insurance Company,North America,Professional,20,8408,304.81,60563,75,1208.62,8,Priority,8,89.4,Invoice,1,33,2,0
INST_02231,Bank,Europe,Enterprise,22,1229,1302.94,5732,82,19118.94,12,Priority,2,80.2,ACH,0,35,5,0
INST_02232,Payment Processor,North America,Basic,31,9175,1108.19,312885,46,500.0,5,Priority,26,42.5,ACH,2,7,1,0
INST_02233,Payment Processor,Europe,Basic,34,1976,50.0,173698,33,5243.22,8,Standard,1,91.0,Credit Card,0,18,5,0
INST_02234,Investment Firm,North America,Professional,35,225,402.11,6214,280,2167.04,8,Standard,15,91.1,Wire Transfer,2,26,8,0
INST_02235,Investment Firm,Europe,Enterprise,26,682,251.26,10805,354,597.76,10,Premium,3,66.5,Credit Card,0,23,1,1
INST_02236,Payment Processor,Europe,Professional,5,1563,649.4,144637,223,1286.55,7,Premium,51,71.6,ACH,3,35,4,0
INST_02237,Bank,Latin America,Enterprise,12,23208,319.77,325859,48,1879.98,7,Priority,11,91.3,ACH,0,9,6,0
INST_02238,Bank,Asia Pacific,Professional,35,11518,364.23,3304,103,3659.83,6,Premium,6,73.0,Credit Card,0,21,1,0
INST_02239,Bank,Europe,Enterprise,73,34057,143.19,4887,2624,2236.63,10,Priority,12,79.2,Credit Card,8,9,7,0
INST_02240,Insurance Company,Asia Pacific,Basic,1,35612,974.02,17753,11,5541.6,12,Standard,15,47.6,ACH,0,24,2,0
INST_02241,Bank,Latin America,Basic,18,1336,2939.66,848,4423,1414.83,8,Priority,42,79.9,Wire Transfer,17,10,6,1
INST_02242,Investment Firm,North America,Enterprise,8,2246,145.88,22664,177,2403.58,10,Standard,1,80.8,ACH,4,26,4,0
INST_02243,Payment Processor,Europe,Enterprise,6,1608,75.45,130433,107,3185.62,6,Premium,6,92.5,Wire Transfer,1,22,3,0
INST_02244,Payment Processor,North America,Basic,16,1088,413.23,2545,825,6458.45,9,Standard,3,57.7,Credit Card,1,6,7,0
INST_02245,Credit Union,North America,Basic,22,188,389.79,26653,3,17558.1,13,Priority,3,83.7,Wire Transfer,5,8,9,0
INST_02246,Bank,Asia Pacific,Basic,1,2915,1644.38,9203,1780,17685.4,8,Standard,7,71.4,Wire Transfer,9,17,5,0
INST_02247,Insurance Company,Latin America,Basic,36,433,92.29,257794,4204,7017.95,7,Premium,4,95.5,Wire Transfer,3,25,5,0
INST_02248,Investment Firm,North America,Basic,41,2832,211.55,9370,1051,9371.04,8,Standard,11,73.2,ACH,7,5,1,0
INST_02249,Bank,Asia Pacific,Enterprise,80,71229,50.0,215020,3,7846.32,10,Priority,2,71.2,Wire Transfer,13,10,3,0
INST_02250,Bank,Latin America,Professional,4,1388,2100.6,8989,587,3065.72,6,Standard,5,88.0,ACH,4,4,5,0
INST_02251,Payment Processor,Latin America,Professional,21,3992,544.93,70035,2872,18974.94,9,Standard,23,79.4,ACH,2,3,4,0
INST_02252,Investment Firm,North America,Professional,13,11614,231.34,32141,2384,1246.73,4,Standard,0,78.3,Credit Card,0,15,6,0
INST_02253,Insurance Company,Latin America,Professional,9,4538,82.54,17900,11,500.0,7,Standard,2,77.3,Wire Transfer,5,8,3,1
INST_02254,Payment Processor,North America,Professional,20,4622,92.15,6729,924,1030.47,8,Priority,0,65.9,Credit Card,9,10,6,0
INST_02255,Investment Firm,Europe,Professional,36,1730,663.23,35762,3759,40323.16,10,Standard,0,29.5,ACH,0,22,1,0
INST_02256,Credit Union,North America,Professional,1,2105,106.81,11375,156,3155.34,8,Standard,0,85.7,Credit Card,5,24,6,0
INST_02257,Credit Union,North America,Professional,83,706,457.06,7827,10,7414.51,6,Premium,3,68.0,ACH,0,1,10,0
INST_02258,Bank,Asia Pacific,Professional,39,10604,4682.25,200603,659,3258.67,11,Priority,13,70.5,Credit Card,14,12,4,0
INST_02259,Credit Union,Europe,Enterprise,33,218,265.84,50075,989,11412.88,9,Standard,1,85.4,Credit Card,2,12,6,0
INST_02260,Insurance Company,North America,Enterprise,34,12792,127.26,57841,115,5464.72,9,Standard,2,67.3,Credit Card,1,31,3,0
INST_02261,Investment Firm,North America,Professional,11,363,638.04,12241,17,4434.24,8,Priority,13,76.1,Wire Transfer,1,16,4,0
INST_02262,Payment Processor,Asia Pacific,Professional,33,12631,92.67,16664,869,12340.82,7,Standard,1,61.6,ACH,0,12,8,0
INST_02263,Credit Union,North America,Basic,11,1753,3177.92,15170,37,2444.22,3,Standard,1,86.7,Credit Card,5,6,4,0
INST_02264,Investment Firm,Asia Pacific,Professional,54,469,2174.04,36528,303,8587.96,6,Priority,8,50.6,ACH,10,30,5,1
INST_02265,Investment Firm,North America,Professional,4,7107,331.29,57682,2452,3781.66,5,Standard,9,77.7,ACH,2,31,5,0
INST_02266,Investment Firm,North America,Basic,8,12005,137.45,21049,7,4183.32,7,Priority,3,75.8,Credit Card,3,35,3,0
INST_02267,Insurance Company,North America,Professional,19,1545,242.03,6707,760,1439.58,10,Standard,0,78.0,ACH,1,31,4,0
INST_02268,Bank,Europe,Professional,9,8786,282.93,68930,102,3554.84,8,Standard,3,75.6,ACH,7,27,9,0
INST_02269,Credit Union,North America,Basic,13,96,639.24,23158,107,2182.3,12,Standard,8,49.5,ACH,5,17,5,1
INST_02270,Bank,North America,Enterprise,16,411,1404.67,2537,374,26765.8,6,Standard,8,90.2,ACH,31,26,8,0
INST_02271,Credit Union,Middle East,Basic,46,20715,116.3,895,37,500.0,1,Priority,3,58.2,Credit Card,9,21,6,0
INST_02272,Credit Union,Europe,Enterprise,17,2131,1357.08,34435,17,18655.38,10,Priority,3,50.4,Wire Transfer,0,27,6,0
INST_02273,Investment Firm,North America,Professional,10,182,846.6,6347,5,500.0,9,Standard,8,84.9,Wire Transfer,9,25,7,1
INST_02274,Payment Processor,Europe,Professional,6,1044,219.35,42049,1362,11001.9,5,Priority,20,93.0,ACH,0,16,2,0
INST_02275,Investment Firm,Latin America,Professional,12,746,109.5,6881,76,1398.85,10,Standard,11,83.2,ACH,0,17,2,0
INST_02276,Insurance Company,North America,Professional,17,2324,463.81,26897,414,11492.88,4,Standard,1,52.9,ACH,2,23,0,0
INST_02277,Credit Union,North America,Professional,32,1709,113.13,12486,61,4096.8,8,Priority,23,69.1,Wire Transfer,1,31,5,0
INST_02278,Investment Firm,Asia Pacific,Professional,3,3898,1378.04,304943,18,573.33,16,Premium,6,38.2,Wire Transfer,1,16,2,1
INST_02279,Bank,Europe,Professional,6,2685,104.73,91626,480,37719.32,8,Premium,0,47.2,Credit Card,6,13,2,0
INST_02280,Bank,Europe,Professional,11,22916,778.41,166199,267,15755.89,13,Standard,2,76.8,Invoice,4,30,3,0
INST_02281,Credit Union,North America,Enterprise,10,5635,366.23,22835,96,10454.24,7,Priority,9,52.5,Wire Transfer,2,10,8,1
INST_02282,Credit Union,North America,Basic,11,5922,205.87,75624,255,1880.79,15,Priority,14,86.2,ACH,5,32,2,0
INST_02283,Bank,Europe,Professional,37,17115,356.6,25272,26,16591.19,5,Priority,5,84.7,Wire Transfer,0,19,2,0
INST_02284,Bank,North America,Basic,9,1663,1474.36,199663,1001,717.03,7,Priority,1,58.2,Wire Transfer,10,13,4,0
INST_02285,Bank,Europe,Professional,16,449,96.48,19754,1519,500.0,5,Priority,0,92.3,Credit Card,2,14,4,0
INST_02286,Payment Processor,Europe,Professional,23,18223,246.02,2707,582,500.0,9,Standard,2,50.3,ACH,3,19,10,0
INST_02287,Bank,North America,Basic,6,3654,163.68,1098,75,1232.77,7,Priority,0,70.3,Wire Transfer,0,11,5,1
INST_02288,Credit Union,Latin America,Basic,30,3673,385.16,269000,165,1584.06,5,Standard,3,82.0,ACH,7,27,3,0
INST_02289,Bank,Asia Pacific,Basic,19,1152,177.4,45150,2499,2559.93,8,Priority,10,73.7,ACH,26,35,5,0
INST_02290,Investment Firm,Asia Pacific,Professional,14,1181,50.0,49830,1489,2736.27,10,Premium,4,56.0,ACH,7,29,4,1
INST_02291,Bank,North America,Professional,39,10615,113.73,205761,5372,1854.26,7,Priority,12,75.2,Credit Card,0,4,2,0
INST_02292,Bank,North America,Enterprise,6,13055,2879.31,1848,36,500.0,5,Priority,7,92.3,Invoice,13,11,3,0
INST_02293,Credit Union,Europe,Professional,51,9659,542.44,12862,30,6556.32,2,Priority,1,84.8,ACH,4,18,3,0
INST_02294,Bank,North America,Basic,19,9793,520.52,15458,189,3304.33,10,Priority,1,81.4,ACH,10,31,3,0
INST_02295,Bank,Middle East,Enterprise,22,6999,287.4,67064,308,1729.32,6,Standard,3,84.5,Wire Transfer,2,16,6,0
INST_02296,Bank,North America,Professional,49,3631,379.19,7793,114,40015.89,8,Priority,5,30.4,Credit Card,1,11,5,0
INST_02297,Bank,Europe,Professional,40,2291,240.86,3633,73,3417.8,13,Standard,7,72.0,ACH,0,27,5,0
INST_02298,Bank,North America,Basic,22,18315,759.24,3584,1452,5365.78,8,Standard,1,59.7,Wire Transfer,14,26,4,0
INST_02299,Bank,Europe,Professional,33,1701,455.31,123516,126,16216.35,8,Premium,1,84.9,Invoice,0,5,7,0
INST_02300,Insurance Company,North America,Enterprise,13,5192,98.94,7231,16,525.95,7,Standard,0,91.9,Invoice,7,5,3,0
INST_02301,Investment Firm,Europe,Professional,19,892,547.01,9623,20,4750.88,7,Standard,0,76.7,Credit Card,1,18,3,1
INST_02302,Credit Union,North America,Professional,1,1108,50.0,57053,231,16136.22,8,Priority,9,68.5,ACH,4,30,8,0
INST_02303,Bank,Latin America,Professional,2,2091,662.9,7720,10000,4285.56,10,Priority,0,85.6,Wire Transfer,8,10,4,0
INST_02304,Payment Processor,North America,Enterprise,42,892,74.35,1707,25,695.75,10,Standard,6,74.6,Wire Transfer,2,22,5,1
INST_02305,Credit Union,Latin America,Basic,1,9865,359.51,2053,84,2383.41,8,Priority,6,77.8,ACH,2,15,6,1
INST_02306,Bank,Asia Pacific,Professional,4,394,96.2,20227,10000,6525.55,4,Standard,34,73.5,ACH,0,0,6,1
INST_02307,Investment Firm,North America,Enterprise,38,3459,404.8,46443,62,500.0,7,Priority,7,86.8,Wire Transfer,2,16,6,0
INST_02308,Bank,Asia Pacific,Basic,1,3636,807.49,16262,336,646.14,6,Priority,8,49.9,ACH,8,22,4,1
INST_02309,Bank,North America,Professional,7,197,2448.9,42010,4344,94874.04,10,Standard,0,92.9,Invoice,10,31,4,0
INST_02310,Credit Union,Middle East,Professional,21,1538,63.46,1960,26,10166.83,9,Priority,14,84.7,Wire Transfer,5,10,4,0
INST_02311,Payment Processor,Europe,Professional,21,4374,1300.58,2169,85,45488.09,6,Standard,2,66.9,Wire Transfer,3,21,4,0
INST_02312,Credit Union,North America,Professional,36,5670,472.19,647519,62,18024.31,6,Standard,2,48.5,ACH,1,33,5,0
INST_02313,Insurance Company,North America,Professional,16,2194,234.91,139969,9,8874.84,2,Standard,4,75.3,Credit Card,3,21,5,0
INST_02314,Payment Processor,North America,Professional,17,8228,1004.08,69804,2502,3091.41,8,Priority,8,67.0,Credit Card,8,32,1,0
INST_02315,Bank,Middle East,Basic,31,2530,303.96,8187,51,8706.46,6,Standard,2,59.5,Credit Card,1,21,10,0
INST_02316,Bank,North America,Professional,16,3042,954.36,15413,30,43258.38,12,Priority,10,90.1,ACH,8,21,8,0
INST_02317,Credit Union,Asia Pacific,Basic,22,4348,122.64,21971,66,16954.84,6,Standard,1,65.2,Wire Transfer,0,25,6,0
INST_02318,Credit Union,Europe,Basic,54,11974,188.75,158184,789,6312.05,7,Standard,0,76.2,Wire Transfer,2,27,7,0
INST_02319,Credit Union,Latin America,Enterprise,12,1081,1251.78,40302,181,3795.15,6,Priority,8,91.8,ACH,23,18,6,0
INST_02320,Payment Processor,North America,Professional,11,1436,2398.22,48478,35,10378.44,7,Priority,17,68.9,Invoice,12,23,5,0
INST_02321,Insurance Company,Europe,Enterprise,1,1092,386.82,17128,309,2212.63,6,Standard,16,78.8,ACH,5,25,3,0
INST_02322,Investment Firm,Europe,Basic,22,1811,50.0,72330,640,10380.78,8,Premium,0,61.8,Wire Transfer,3,5,5,0
INST_02323,Bank,Asia Pacific,Professional,1,25320,317.71,34664,142,1725.15,5,Priority,3,83.6,Invoice,6,10,8,0
INST_02324,Insurance Company,North America,Basic,16,7038,419.44,23530,97,2890.31,6,Priority,2,84.5,Wire Transfer,19,32,4,1
INST_02325,Payment Processor,North America,Professional,39,546,305.11,7225,923,1051.99,7,Standard,4,68.9,ACH,0,8,7,0
INST_02326,Insurance Company,North America,Professional,19,1211,604.02,18576,107,2541.11,9,Priority,0,47.1,ACH,1,22,5,0
INST_02327,Bank,Asia Pacific,Basic,7,5214,227.63,4362,2683,1762.36,9,Premium,3,60.7,ACH,26,1,8,1
INST_02328,Investment Firm,North America,Enterprise,37,765,1103.94,20739,37,62185.25,9,Priority,22,62.9,ACH,4,29,5,0
INST_02329,Bank,Europe,Basic,7,1004,99.48,25168,36,1284.67,8,Standard,5,67.5,ACH,6,21,7,1
INST_02330,Bank,North America,Professional,31,22413,1779.73,597,29,8753.89,8,Premium,1,93.4,Wire Transfer,7,18,2,0
INST_02331,Bank,Latin America,Enterprise,22,1187,2591.77,15591,96,1187.58,4,Standard,11,71.2,Wire Transfer,2,26,7,0
INST_02332,Investment Firm,Latin America,Enterprise,4,12481,134.87,3775,149,5272.94,11,Premium,3,80.0,Invoice,14,27,8,0
INST_02333,Investment Firm,Europe,Enterprise,56,19594,134.78,46534,13,7592.17,10,Priority,0,81.9,ACH,0,8,5,0
INST_02334,Bank,North America,Professional,5,992,660.39,57281,176,500.0,12,Priority,3,62.8,Wire Transfer,8,35,7,1
INST_02335,Credit Union,North America,Basic,109,784,97.06,11620,410,603.92,6,Priority,11,63.4,Credit Card,4,32,5,0
INST_02336,Credit Union,North America,Basic,1,1970,223.38,50188,10,1173.79,13,Standard,1,69.2,ACH,1,7,9,1
INST_02337,Credit Union,North America,Professional,7,582,1514.79,53455,58,695.86,8,Priority,2,62.1,Credit Card,3,11,2,1
INST_02338,Bank,Asia Pacific,Professional,5,3574,977.63,15606,412,5575.45,4,Standard,2,62.5,Wire Transfer,3,13,4,1
INST_02339,Credit Union,Europe,Basic,1,2189,4342.63,220010,20,7071.8,4,Priority,15,85.7,Credit Card,2,28,3,1
INST_02340,Insurance Company,Latin America,Professional,31,5119,495.19,7423,84,997.64,8,Premium,2,38.4,ACH,1,12,5,0
INST_02341,Bank,North America,Professional,28,24231,193.83,200195,1052,5921.22,8,Standard,1,55.3,Credit Card,2,24,6,1
INST_02342,Bank,Asia Pacific,Professional,37,10160,429.02,15712,3756,2601.6,11,Premium,18,91.3,Invoice,9,23,8,0
INST_02343,Credit Union,Europe,Professional,7,6209,336.73,6216,327,4233.51,10,Standard,58,83.5,Credit Card,6,20,7,0
INST_02344,Payment Processor,Europe,Professional,14,156,342.45,12999,109,1914.79,11,Standard,6,47.5,ACH,0,22,7,0
INST_02345,Investment Firm,North America,Enterprise,25,5796,392.07,4234,60,10213.7,12,Standard,19,78.8,Wire Transfer,7,8,7,0
INST_02346,Investment Firm,Europe,Basic,13,39495,131.88,71455,764,57090.55,8,Standard,10,81.3,ACH,13,5,3,0
INST_02347,Credit Union,Europe,Professional,28,32,566.04,1989,1141,15701.34,12,Priority,1,65.8,Credit Card,15,12,4,0
INST_02348,Investment Firm,Asia Pacific,Basic,24,8383,74.41,177089,18,39738.92,8,Priority,8,77.7,Wire Transfer,2,17,5,1
INST_02349,Bank,Latin America,Basic,2,2347,170.68,5411,764,599.3,7,Priority,10,76.3,Credit Card,12,19,5,1
INST_02350,Investment Firm,North America,Professional,36,833,349.79,77263,49,1783.68,9,Standard,9,55.1,ACH,0,6,9,0
INST_02351,Payment Processor,North America,Enterprise,30,9913,50.0,22841,31,11474.17,8,Priority,5,51.9,Wire Transfer,2,25,9,0
INST_02352,Investment Firm,Europe,Basic,25,38737,1015.15,33064,112,47213.79,15,Standard,5,68.3,Invoice,3,3,3,0
INST_02353,Payment Processor,Europe,Professional,4,9536,50.0,9090,884,13038.48,14,Standard,12,53.7,Wire Transfer,1,35,12,0
INST_02354,Insurance Company,North America,Professional,7,1708,901.0,37391,259,1054.33,7,Standard,8,58.4,ACH,5,28,10,0
INST_02355,Bank,Asia Pacific,Basic,11,724,85.51,26969,246,2560.64,7,Premium,11,89.5,Credit Card,2,32,5,0
INST_02356,Payment Processor,Middle East,Enterprise,7,3703,248.17,2472,279,8103.95,13,Priority,1,58.9,ACH,0,16,2,0
INST_02357,Bank,Latin America,Professional,6,11045,752.17,5199,344,3839.17,7,Standard,23,93.2,Credit Card,3,34,6,1
INST_02358,Credit Union,North America,Basic,39,1668,5640.72,9785,120,1483.03,15,Standard,9,28.6,Credit Card,1,35,7,0
INST_02359,Bank,Latin America,Professional,24,1928,463.93,7097,462,3179.94,7,Standard,3,74.1,ACH,14,17,5,0
INST_02360,Bank,Asia Pacific,Professional,20,205458,50.0,144237,45,4809.49,10,Standard,6,57.9,Wire Transfer,8,30,5,0
INST_02361,Credit Union,Europe,Professional,6,15032,1267.03,22259,479,965.47,10,Priority,7,81.9,Credit Card,8,24,2,1
INST_02362,Bank,Europe,Professional,60,16733,305.42,6849,694,21520.55,9,Priority,11,68.6,Wire Transfer,5,7,10,0
INST_02363,Credit Union,Asia Pacific,Basic,5,333,438.73,10549,522,2541.67,5,Standard,8,83.2,Credit Card,0,14,1,1
INST_02364,Investment Firm,Europe,Professional,38,1031,787.95,10335,573,4407.82,11,Priority,13,89.4,Wire Transfer,2,25,3,0
INST_02365,Bank,North America,Basic,81,3334,50.0,14298,342,23215.58,4,Priority,3,73.8,Invoice,5,5,4,0
INST_02366,Bank,Europe,Enterprise,31,664,406.61,4389,1226,4074.49,9,Premium,3,72.4,Credit Card,1,11,3,0
INST_02367,Investment Firm,Europe,Professional,118,32879,246.75,6497,2,21386.99,7,Premium,1,39.2,ACH,2,11,2,0
INST_02368,Bank,North America,Basic,25,24722,1747.96,69557,690,1049.64,2,Premium,5,88.7,Wire Transfer,3,14,4,0
INST_02369,Insurance Company,Latin America,Enterprise,5,1339,965.39,29086,5196,9409.11,9,Standard,3,50.3,ACH,8,0,5,1
INST_02370,Investment Firm,Asia Pacific,Basic,5,43298,57.26,17526,48,17309.03,12,Premium,7,94.5,Wire Transfer,2,10,4,1
INST_02371,Insurance Company,Europe,Professional,9,2962,1835.64,22113,39,1415.44,4,Priority,6,70.7,ACH,2,7,6,1
INST_02372,Investment Firm,North America,Professional,1,144941,691.89,20571,1503,3761.02,4,Standard,13,90.8,Wire Transfer,6,33,5,1
INST_02373,Credit Union,Europe,Basic,27,3703,63.01,16095,27,3879.6,6,Priority,1,16.4,ACH,2,30,6,0
INST_02374,Investment Firm,North America,Enterprise,7,7074,431.34,47841,44,6730.86,10,Premium,17,56.2,Wire Transfer,0,18,5,1
INST_02375,Bank,North America,Professional,40,24339,1396.59,42819,201,10018.64,12,Standard,1,99.7,ACH,7,3,3,0
INST_02376,Bank,Europe,Basic,10,20260,93.99,2084,35,1252.87,12,Standard,8,74.4,Wire Transfer,2,34,2,1
INST_02377,Insurance Company,Europe,Professional,15,6413,2107.15,18081,716,4491.39,11,Premium,4,81.9,Credit Card,21,14,4,0
INST_02378,Credit Union,Europe,Professional,80,2412,65.68,2301,35,53475.41,8,Priority,8,72.9,ACH,3,27,6,0
INST_02379,Insurance Company,North America,Enterprise,6,6445,156.1,57146,284,23880.44,5,Standard,5,82.4,Wire Transfer,0,8,4,0
INST_02380,Insurance Company,Europe,Professional,30,876,130.13,69668,247,16167.62,6,Premium,7,46.9,Wire Transfer,7,22,4,0
INST_02381,Payment Processor,North America,Professional,33,3745,2105.53,8811,2966,3680.6,13,Premium,9,91.1,Invoice,2,15,9,0
INST_02382,Payment Processor,Middle East,Professional,5,564,223.81,18487,1208,119760.15,2,Priority,1,90.8,Credit Card,0,18,5,0
INST_02383,Credit Union,Europe,Professional,16,206,99.94,927,57,23033.88,13,Priority,2,57.1,ACH,4,7,6,0
INST_02384,Bank,Asia Pacific,Professional,10,3215,688.32,94767,15,5198.52,5,Standard,14,53.9,Wire Transfer,1,31,4,0
INST_02385,Investment Firm,North America,Basic,35,19799,891.96,63863,670,6840.5,8,Premium,12,62.8,Wire Transfer,14,24,3,0
INST_02386,Credit Union,North America,Professional,23,11952,898.78,123639,45,2469.39,12,Standard,8,77.7,ACH,6,14,5,0
INST_02387,Investment Firm,Middle East,Professional,15,2636,291.31,204805,81,8866.7,10,Standard,2,86.6,ACH,2,13,7,0
INST_02388,Insurance Company,North America,Enterprise,36,40965,547.54,3511,22,11963.46,4,Standard,1,86.4,Credit Card,7,2,6,0
INST_02389,Investment Firm,Europe,Basic,6,1269,184.88,83455,503,14099.75,5,Standard,0,69.9,ACH,3,14,11,1
INST_02390,Credit Union,Europe,Professional,33,167,3010.2,202593,46,3747.99,9,Standard,19,71.7,Credit Card,12,8,5,0
INST_02391,Bank,North America,Enterprise,48,112,1592.48,2340,139,538.86,15,Standard,7,40.6,Credit Card,6,30,3,0
INST_02392,Credit Union,Asia Pacific,Professional,50,506,1479.63,17037,143,7063.41,5,Priority,3,84.1,Wire Transfer,19,10,6,1
INST_02393,Bank,Europe,Enterprise,36,10147,1046.22,12770,206,14188.55,11,Standard,8,71.2,Invoice,2,20,8,0
INST_02394,Payment Processor,North America,Enterprise,12,1150,752.71,79474,488,1132.49,8,Priority,4,79.1,Wire Transfer,8,23,5,0
INST_02395,Bank,North America,Professional,96,5951,90.63,607,95,4288.75,6,Standard,3,74.4,ACH,1,22,10,0
INST_02396,Bank,North America,Professional,11,35221,862.61,335687,39,36761.22,8,Standard,4,77.7,ACH,2,22,5,0
INST_02397,Bank,Latin America,Basic,24,572,462.72,18605,5,808.18,8,Priority,9,96.1,Wire Transfer,1,28,7,0
INST_02398,Investment Firm,Asia Pacific,Professional,4,6110,1837.27,87041,178,3211.2,9,Standard,12,69.9,Invoice,9,15,3,0
INST_02399,Investment Firm,North America,Basic,94,6690,1063.06,20123,111,45739.1,4,Premium,0,65.5,Wire Transfer,11,5,6,0
INST_02400,Bank,North America,Professional,29,819,780.91,46082,41,6226.52,8,Priority,0,81.3,ACH,1,17,8,0
INST_02401,Bank,Asia Pacific,Professional,33,22727,53.46,677,166,2232.73,9,Premium,2,68.6,Wire Transfer,10,0,2,0
INST_02402,Credit Union,Europe,Professional,1,1936,362.56,12365,692,4863.2,8,Standard,0,72.2,Invoice,16,26,5,1
INST_02403,Bank,Europe,Basic,34,1676,206.55,78561,1098,16964.46,8,Standard,4,72.6,ACH,3,3,7,0
INST_02404,Investment Firm,North America,Enterprise,35,70786,546.12,33965,9,3621.86,9,Standard,12,84.3,Wire Transfer,1,10,5,0
INST_02405,Investment Firm,North America,Basic,26,6529,245.02,1890,77,12044.62,10,Standard,2,83.0,Credit Card,13,12,9,0
INST_02406,Credit Union,Asia Pacific,Basic,8,11943,289.71,24152,837,6991.74,4,Standard,4,91.8,Credit Card,12,30,8,0
INST_02407,Bank,Middle East,Basic,16,22750,699.83,6450,2625,7907.9,6,Premium,5,66.8,Wire Transfer,0,27,8,0
INST_02408,Payment Processor,North America,Enterprise,2,1123,240.19,5663,34,13257.41,10,Standard,17,54.0,Credit Card,15,31,7,0
INST_02409,Credit Union,Europe,Enterprise,15,19433,466.8,2250,1773,3158.2,9,Standard,18,89.7,ACH,1,35,5,0
INST_02410,Investment Firm,Europe,Professional,6,1404,65.15,55717,13,1191.82,6,Standard,6,65.1,ACH,2,20,3,1
INST_02411,Bank,Europe,Enterprise,10,1316,148.58,116952,1172,10012.54,7,Priority,0,59.5,ACH,4,5,7,1
INST_02412,Credit Union,North America,Basic,4,1982,886.47,529778,89,4029.48,7,Priority,1,94.9,Invoice,2,17,7,0
INST_02413,Bank,Asia Pacific,Enterprise,6,1172,92.18,2413,2472,2509.49,10,Standard,1,78.8,Credit Card,0,30,7,0
INST_02414,Credit Union,Europe,Basic,1,10231,1798.79,69637,64,10824.61,9,Priority,6,89.7,ACH,6,10,5,0
INST_02415,Payment Processor,Europe,Basic,60,4450,1298.91,76861,84,33390.3,10,Priority,8,79.6,Credit Card,7,20,6,0
INST_02416,Credit Union,North America,Basic,18,1426,292.4,9221,116,3897.66,3,Standard,0,82.6,Invoice,3,5,5,0
INST_02417,Bank,North America,Professional,12,8198,14742.37,5561,9,4977.46,4,Priority,2,91.9,Credit Card,2,5,3,0
INST_02418,Bank,North America,Professional,18,1972,1793.14,4321,6,834.93,8,Priority,4,87.3,Invoice,6,21,5,0
INST_02419,Credit Union,Asia Pacific,Professional,23,1822,129.14,9986,371,3519.09,6,Standard,10,73.7,Wire Transfer,25,34,5,0
INST_02420,Bank,North America,Enterprise,61,3206,987.73,29849,879,6849.53,7,Standard,2,82.0,ACH,13,9,6,0
INST_02421,Bank,Asia Pacific,Professional,4,5974,436.61,169425,443,4766.34,6,Standard,4,91.6,Credit Card,4,24,3,0
INST_02422,Insurance Company,North America,Basic,8,5349,158.85,115613,15,2854.83,8,Premium,4,61.6,Credit Card,8,28,7,1
INST_02423,Credit Union,Europe,Professional,89,1728,111.73,1952,352,14599.79,8,Standard,18,70.6,ACH,1,9,7,0
INST_02424,Bank,Europe,Professional,11,10621,1331.25,6746,24,5361.57,10,Standard,13,70.7,ACH,2,8,8,0
INST_02425,Payment Processor,North America,Enterprise,1,2135,196.85,154733,309,238757.74,6,Priority,13,71.9,Invoice,16,28,7,1
INST_02426,Bank,North America,Professional,3,1116,357.0,7356,1137,6711.51,9,Premium,1,54.3,ACH,4,2,2,1
INST_02427,Payment Processor,North America,Professional,1,329,133.59,20224,287,500.0,6,Standard,16,79.6,ACH,3,11,0,0
INST_02428,Bank,Asia Pacific,Basic,110,13026,164.38,1706,2086,927.0,9,Standard,3,27.4,ACH,1,18,3,1
INST_02429,Payment Processor,Asia Pacific,Professional,7,3036,346.43,124187,113,10918.12,8,Premium,5,78.7,Wire Transfer,3,9,9,0
INST_02430,Investment Firm,North America,Enterprise,61,4090,642.79,1249,100,1872.51,7,Priority,6,91.5,ACH,0,3,6,0
INST_02431,Insurance Company,Europe,Basic,120,14309,50.0,1873,167,2055.25,9,Priority,3,84.6,ACH,6,32,1,0
INST_02432,Payment Processor,North America,Enterprise,21,1456,411.7,106534,13,765.98,7,Priority,2,56.9,ACH,10,16,2,0
INST_02433,Bank,North America,Professional,1,379,164.79,392421,71,2404.03,5,Standard,1,70.6,Credit Card,7,5,2,1
INST_02434,Payment Processor,North America,Basic,2,3309,2170.77,14243,84,6574.09,10,Priority,5,69.3,Wire Transfer,0,34,5,0
INST_02435,Credit Union,Latin America,Enterprise,15,4731,13784.54,20531,89,8767.03,7,Standard,12,83.7,Wire Transfer,4,32,2,0
INST_02436,Credit Union,North America,Professional,12,2009,262.14,86027,240,1064.39,10,Priority,10,84.3,Wire Transfer,2,9,3,0
INST_02437,Bank,North America,Professional,22,27190,51.08,34001,10,16450.47,8,Standard,4,42.0,Wire Transfer,1,1,4,0
INST_02438,Credit Union,North America,Basic,13,71,464.17,12583,18,822.99,3,Priority,2,76.0,ACH,7,11,8,0
INST_02439,Bank,North America,Basic,65,15995,315.29,10634,1138,9479.95,11,Priority,0,85.1,ACH,3,3,6,0
INST_02440,Investment Firm,Europe,Enterprise,18,9766,4296.78,2100,4,8148.35,7,Standard,1,87.1,Wire Transfer,9,15,3,0
INST_02441,Credit Union,North America,Professional,28,5914,2980.68,31238,450,1210.11,3,Priority,1,95.1,Invoice,2,20,10,0
INST_02442,Insurance Company,North America,Enterprise,54,20,1139.62,19189,75,1012.35,6,Standard,6,81.1,Wire Transfer,3,2,2,0
INST_02443,Insurance Company,Europe,Basic,3,20451,199.53,11421,197,8720.53,11,Standard,17,65.6,Wire Transfer,1,35,2,1
INST_02444,Credit Union,North America,Basic,6,639,909.89,4901,2451,2122.13,6,Priority,2,73.4,ACH,2,17,3,1
INST_02445,Bank,Asia Pacific,Basic,2,1391,554.47,5705,117,3693.21,7,Premium,11,93.6,ACH,5,23,5,1
INST_02446,Bank,Europe,Professional,3,2307,538.93,55690,457,13780.42,9,Priority,2,91.8,ACH,1,9,5,0
INST_02447,Bank,North America,Enterprise,17,5492,62.19,82660,164,10084.0,11,Standard,23,76.6,ACH,30,21,4,0
INST_02448,Bank,Asia Pacific,Professional,9,7778,1442.53,13484,121,1243.99,5,Priority,1,74.3,ACH,8,17,3,0
INST_02449,Bank,North America,Professional,13,11375,459.15,11513,97,4535.23,13,Standard,3,52.7,Credit Card,0,30,2,0
INST_02450,Bank,Europe,Enterprise,97,10135,357.45,6121,524,1209.46,8,Standard,1,83.2,Wire Transfer,1,7,4,0
INST_02451,Payment Processor,Europe,Professional,4,4356,196.33,89790,39,18122.48,10,Standard,1,93.3,Credit Card,5,0,6,1
INST_02452,Investment Firm,North America,Basic,18,5562,155.66,23074,19,49255.45,6,Priority,0,88.3,Wire Transfer,0,6,4,0
INST_02453,Bank,Europe,Enterprise,2,580,590.35,38248,169,1383.48,7,Priority,0,70.9,Credit Card,0,8,6,0
INST_02454,Investment Firm,Latin America,Professional,9,966,50.0,37710,209,4690.29,3,Premium,6,95.8,ACH,5,15,2,0
INST_02455,Bank,Middle East,Basic,17,11420,1040.44,13883,5,19461.46,10,Standard,10,80.4,ACH,1,13,6,0
INST_02456,Credit Union,Europe,Basic,70,10465,113.87,3835,145,5096.54,8,Standard,0,69.9,ACH,0,9,6,0
INST_02457,Investment Firm,Europe,Professional,11,8828,50.0,4943,16,11410.14,6,Priority,1,79.0,Credit Card,5,10,4,0
INST_02458,Credit Union,North America,Professional,1,1377,3591.32,119590,458,5310.33,7,Premium,2,73.9,Wire Transfer,2,7,4,0
INST_02459,Credit Union,North America,Basic,11,11681,144.07,7416,5,1007.06,6,Standard,19,89.8,ACH,14,2,7,0
INST_02460,Payment Processor,Europe,Basic,3,522,169.59,11901,4746,5874.57,8,Priority,6,66.7,ACH,1,27,4,1
INST_02461,Payment Processor,North America,Professional,6,15003,1574.11,4017,80,26660.16,8,Standard,0,32.3,ACH,1,1,5,1
INST_02462,Investment Firm,Latin America,Enterprise,23,2015,3734.31,3554,31,7874.92,7,Standard,3,42.1,Wire Transfer,4,22,4,0
INST_02463,Investment Firm,North America,Professional,1,37281,64.1,6948,89,56134.81,8,Priority,8,83.2,Wire Transfer,3,31,4,0
INST_02464,Investment Firm,North America,Basic,14,304,128.07,277232,403,500.0,14,Premium,26,68.1,Wire Transfer,0,13,6,1
INST_02465,Bank,North America,Basic,22,41986,139.88,59104,737,8678.22,13,Priority,9,81.5,Credit Card,4,21,6,0
INST_02466,Credit Union,Asia Pacific,Basic,13,1733,1238.63,9994,90,1859.36,6,Standard,1,70.1,Credit Card,6,22,4,0
INST_02467,Bank,Asia Pacific,Basic,1,1687,2884.07,111783,11,1321.54,10,Standard,11,83.0,Credit Card,1,4,4,1
INST_02468,Credit Union,Europe,Professional,101,3992,110.35,17527,16,36374.67,7,Standard,0,64.1,ACH,1,7,7,0
INST_02469,Credit Union,North America,Professional,10,1047,2203.26,167964,248,3352.6,15,Standard,4,80.9,Invoice,0,7,6,0
INST_02470,Bank,Asia Pacific,Professional,36,2674,172.29,607796,877,2900.63,6,Standard,2,76.2,Credit Card,1,4,5,0
INST_02471,Payment Processor,North America,Professional,9,985,603.86,102975,1109,8228.54,9,Standard,20,62.0,Credit Card,2,23,7,0
INST_02472,Payment Processor,Latin America,Basic,15,1041,87.73,25382,200,500.0,6,Priority,0,82.1,Credit Card,5,16,4,0
INST_02473,Insurance Company,Europe,Professional,11,6187,348.52,62878,846,37507.6,5,Standard,2,67.7,Wire Transfer,3,13,8,1
INST_02474,Credit Union,North America,Professional,10,770,353.07,22530,4638,85531.97,4,Standard,2,68.3,Wire Transfer,1,31,6,0
INST_02475,Payment Processor,Europe,Professional,1,941,276.39,1402,1264,19393.05,0,Priority,3,65.9,Credit Card,0,34,2,1
INST_02476,Bank,Asia Pacific,Basic,10,380,640.32,8250,780,9117.81,16,Premium,17,52.7,Credit Card,3,17,6,1
INST_02477,Insurance Company,North America,Professional,52,1399,120.49,5284,34,3551.54,6,Priority,7,82.5,Wire Transfer,15,30,4,0
INST_02478,Bank,Latin America,Basic,28,21320,139.7,7980,839,979.64,11,Standard,0,62.8,Wire Transfer,1,32,4,0
INST_02479,Insurance Company,Europe,Basic,3,838,682.28,324651,340,29469.05,4,Standard,12,92.1,ACH,0,11,7,1
INST_02480,Bank,North America,Enterprise,21,994,2019.17,118565,478,19428.81,9,Priority,6,90.8,Invoice,8,0,6,1
INST_02481,Payment Processor,North America,Enterprise,53,3987,392.53,42673,1436,9654.45,5,Standard,0,32.2,Wire Transfer,1,26,5,0
INST_02482,Payment Processor,Europe,Basic,28,1709,738.34,74497,282,8106.68,6,Standard,17,70.1,Wire Transfer,0,10,4,0
INST_02483,Bank,Europe,Basic,3,84307,1001.94,1289,123,7714.74,5,Standard,0,86.2,ACH,23,0,4,1
INST_02484,Credit Union,Europe,Professional,48,2336,1092.92,65661,21,2232.99,5,Standard,6,76.5,Wire Transfer,1,14,3,0
INST_02485,Payment Processor,Asia Pacific,Basic,8,4928,128.48,90168,87,209348.0,9,Priority,6,68.8,ACH,2,17,5,0
INST_02486,Credit Union,Europe,Professional,14,12279,158.79,765,217,3202.11,9,Standard,6,65.0,Wire Transfer,1,14,5,0
INST_02487,Payment Processor,Middle East,Basic,17,11930,176.25,69414,244,2591.37,6,Standard,13,85.0,Invoice,15,9,4,0
INST_02488,Investment Firm,Europe,Basic,45,4229,4082.07,2601,230,26394.46,9,Standard,0,67.2,Credit Card,5,30,3,0
INST_02489,Credit Union,Asia Pacific,Professional,64,2340,742.36,1147,834,4704.11,8,Standard,5,95.2,ACH,6,18,7,0
INST_02490,Bank,North America,Enterprise,63,62071,703.44,161051,704,4776.71,9,Premium,5,91.2,Credit Card,0,28,4,0
INST_02491,Bank,North America,Basic,1,2566,626.08,4863,132,41021.6,9,Priority,3,84.2,Wire Transfer,5,12,6,0
INST_02492,Insurance Company,North America,Professional,61,1536,82.69,7525,32,13601.33,16,Premium,5,75.0,ACH,3,10,5,0
INST_02493,Credit Union,Europe,Basic,1,1131,4129.16,97188,295,14678.33,8,Priority,4,57.6,Wire Transfer,3,28,8,0
INST_02494,Credit Union,Latin America,Basic,7,223,716.96,13934,8462,586.07,7,Standard,9,73.2,Wire Transfer,3,32,2,0
INST_02495,Credit Union,North America,Enterprise,17,10223,960.82,16810,264,8962.55,6,Standard,1,55.2,Credit Card,4,26,8,0
INST_02496,Investment Firm,North America,Professional,15,88,50.0,16266,87,1087.45,9,Priority,0,73.5,Credit Card,0,12,4,0
INST_02497,Payment Processor,Latin America,Professional,22,2955,1028.21,37100,389,2483.71,14,Priority,18,82.3,Wire Transfer,4,33,6,0
INST_02498,Payment Processor,North America,Professional,15,2192,263.1,15685,433,6396.22,9,Priority,2,81.8,Credit Card,3,26,3,0
INST_02499,Credit Union,Asia Pacific,Enterprise,65,85814,82.49,26139,425,4654.94,4,Premium,10,55.9,Invoice,2,22,5,0
INST_02500,Insurance Company,Europe,Enterprise,6,191,128.44,10349,1756,13112.58,9,Standard,2,54.4,Wire Transfer,4,18,10,0
INST_02501,Insurance Company,Asia Pacific,Basic,7,771,88.42,37336,297,15615.97,7,Premium,0,79.4,Wire Transfer,2,22,5,1
INST_02502,Investment Firm,North America,Basic,60,2430,86.65,35269,1612,17473.68,6,Standard,1,87.9,Wire Transfer,0,1,5,0
INST_02503,Payment Processor,North America,Professional,1,2216,433.83,379583,224,654.39,4,Premium,0,96.9,Credit Card,0,23,3,1
INST_02504,Bank,Europe,Professional,22,1307,253.63,12433,2258,170073.74,10,Standard,12,88.7,ACH,0,10,3,0
INST_02505,Bank,Latin America,Enterprise,27,2639,602.38,16709,1302,4736.87,13,Priority,1,84.1,Wire Transfer,5,14,11,0
INST_02506,Payment Processor,Europe,Professional,16,450,3014.45,31515,779,30315.06,6,Priority,35,54.5,Credit Card,6,20,9,0
INST_02507,Credit Union,North America,Enterprise,28,5093,345.36,93587,614,500.0,10,Priority,6,38.0,Credit Card,5,10,4,0
INST_02508,Insurance Company,Europe,Basic,4,91,50.0,4283,9346,3301.09,7,Standard,2,63.8,ACH,0,7,6,0
INST_02509,Payment Processor,Latin America,Enterprise,45,2867,301.77,25728,1030,549.48,6,Standard,4,53.7,ACH,3,7,4,0
INST_02510,Bank,Asia Pacific,Professional,3,1211,1689.31,511,32,1350.12,6,Priority,22,91.1,ACH,0,34,6,1
INST_02511,Payment Processor,Middle East,Enterprise,12,13690,363.9,14657,231,5301.97,10,Priority,7,64.4,Credit Card,0,5,10,0
INST_02512,Credit Union,North America,Basic,1,41479,2528.03,110094,92,2974.63,9,Standard,9,59.7,ACH,0,26,5,0
INST_02513,Credit Union,North America,Professional,18,1814,694.73,7411,6100,35278.38,14,Standard,4,68.4,Credit Card,0,33,3,0
INST_02514,Investment Firm,Europe,Professional,26,24006,50.0,28717,1411,69806.89,5,Standard,5,88.2,Credit Card,0,32,5,0
INST_02515,Payment Processor,Asia Pacific,Professional,68,1855,460.13,9963,5753,1152.57,8,Premium,28,87.0,Wire Transfer,0,19,5,0
INST_02516,Bank,North America,Professional,32,699,576.17,6068,37,2364.57,9,Priority,6,55.8,ACH,6,13,9,0
INST_02517,Credit Union,North America,Enterprise,18,40898,1475.02,94582,1078,1046.67,4,Premium,5,77.4,Wire Transfer,3,17,8,0
INST_02518,Investment Firm,Asia Pacific,Professional,64,6510,3581.6,4592,12,27829.45,7,Standard,14,92.8,ACH,15,0,6,1
INST_02519,Insurance Company,North America,Professional,15,3000,1199.03,34181,8,6238.94,5,Priority,4,85.9,ACH,4,24,8,0
INST_02520,Investment Firm,North America,Basic,19,8356,684.42,34979,72,5158.99,9,Standard,4,75.9,ACH,17,21,7,1
INST_02521,Bank,Europe,Enterprise,21,4497,908.16,6138,2258,7853.38,8,Priority,8,88.7,ACH,1,15,1,0
INST_02522,Bank,Europe,Professional,12,2686,329.77,27820,24,3081.72,12,Premium,1,50.4,ACH,2,35,7,1
INST_02523,Credit Union,Asia Pacific,Professional,43,407,69.72,5418,143,1360.07,7,Priority,0,82.0,Invoice,5,6,7,0
INST_02524,Insurance Company,North America,Basic,4,1986,424.03,48179,1261,5305.94,9,Premium,6,29.6,ACH,4,20,6,1
INST_02525,Bank,Europe,Professional,19,7592,625.37,3064,680,3292.78,10,Standard,1,69.8,Credit Card,0,20,10,0
INST_02526,Bank,Europe,Basic,30,2479,95.16,13234,8015,8271.21,7,Priority,4,59.8,Wire Transfer,3,3,4,0
INST_02527,Payment Processor,Europe,Basic,56,11539,1982.17,15075,149,500.0,10,Standard,11,63.9,ACH,2,17,3,1
INST_02528,Bank,Europe,Professional,51,5300,1348.16,116941,67,6499.87,8,Priority,2,66.2,ACH,1,1,6,1
INST_02529,Payment Processor,North America,Basic,17,798,77.78,27175,20,1747.83,11,Priority,9,75.6,Credit Card,6,15,3,0
INST_02530,Investment Firm,North America,Basic,24,412,2077.66,92274,76,6166.94,9,Priority,2,57.5,ACH,7,0,6,1
INST_02531,Insurance Company,North America,Professional,12,2354,278.67,50616,20,19103.64,11,Priority,0,48.7,ACH,4,5,6,0
INST_02532,Bank,North America,Basic,15,1357,158.51,50133,5,2133.73,6,Premium,0,76.8,Invoice,2,16,1,0
INST_02533,Bank,Europe,Professional,56,4936,1473.11,13387,5085,29586.72,4,Priority,3,95.8,Wire Transfer,2,26,9,0
INST_02534,Insurance Company,Asia Pacific,Basic,64,1015,379.45,101860,162,500.0,10,Standard,2,85.1,Credit Card,0,18,5,0
INST_02535,Insurance Company,Asia Pacific,Professional,54,1184,3940.34,12909,10000,49798.65,5,Premium,4,92.6,Invoice,5,19,4,0
INST_02536,Insurance Company,Asia Pacific,Professional,3,14466,144.97,1644,32,31499.94,4,Priority,5,97.4,Credit Card,7,13,4,0
INST_02537,Bank,North America,Professional,45,3723,50.5,15959,68,1299.99,4,Priority,20,33.8,Credit Card,0,21,3,0
INST_02538,Insurance Company,Europe,Basic,71,1038,288.15,43486,36,1316.41,11,Priority,4,86.9,ACH,2,29,2,0
INST_02539,Insurance Company,North America,Basic,10,3060,1040.09,1978,46,521.95,7,Standard,13,71.6,Credit Card,2,32,3,0
INST_02540,Investment Firm,North America,Basic,17,23585,132.61,5839,715,19576.17,9,Premium,13,74.9,Invoice,6,35,5,0
INST_02541,Insurance Company,North America,Professional,36,4631,81.77,3477,411,2994.05,10,Priority,15,59.8,ACH,0,27,9,0
INST_02542,Insurance Company,Europe,Enterprise,19,7254,530.97,71687,717,2682.07,11,Standard,5,97.0,Wire Transfer,1,4,2,0
INST_02543,Investment Firm,Middle East,Basic,120,964,69.66,270842,1662,912.13,7,Premium,2,57.1,Wire Transfer,5,5,2,0
INST_02544,Bank,North America,Basic,14,13899,582.91,16081,1089,74455.79,5,Premium,10,78.2,Credit Card,16,17,1,0
INST_02545,Credit Union,North America,Basic,30,96486,268.07,48888,24,1142.37,8,Standard,2,79.8,ACH,7,24,5,0
INST_02546,Bank,Asia Pacific,Professional,37,909,730.23,47017,57,5096.19,5,Premium,15,48.7,Wire Transfer,6,4,7,0
INST_02547,Credit Union,North America,Professional,16,506,76.66,226544,184,6795.08,8,Priority,0,65.3,Credit Card,1,14,7,0
INST_02548,Credit Union,Asia Pacific,Professional,46,3878,1915.62,8276,10000,2702.66,8,Standard,7,95.2,ACH,1,20,6,0
INST_02549,Bank,Asia Pacific,Enterprise,18,11083,323.88,15838,596,1995.53,9,Premium,4,93.4,Invoice,1,7,3,0
INST_02550,Bank,Latin America,Professional,12,2599,1008.51,13211,179,2824.56,6,Standard,6,84.9,ACH,6,25,6,0
INST_02551,Bank,Europe,Basic,2,614,1276.47,24662,498,11475.85,14,Priority,0,91.3,Invoice,0,12,6,1
INST_02552,Insurance Company,Asia Pacific,Basic,11,2532,100.59,942673,50,2920.22,9,Priority,24,51.1,Wire Transfer,2,9,5,0
INST_02553,Payment Processor,Europe,Professional,31,7311,1162.94,23068,238,56292.61,11,Priority,8,59.2,Credit Card,7,2,6,1
INST_02554,Bank,Europe,Professional,61,1618,72.96,6111,827,1532.17,5,Standard,2,68.5,Invoice,0,24,6,0
INST_02555,Payment Processor,Europe,Professional,6,7412,77.93,3898,140,15232.1,9,Standard,15,38.9,Wire Transfer,14,7,3,0
INST_02556,Credit Union,North America,Professional,10,17103,4259.04,144201,38,500.0,11,Standard,4,60.5,ACH,11,4,6,0
INST_02557,Bank,Europe,Professional,4,4274,1531.84,6070,129,1532.43,10,Standard,1,83.3,Wire Transfer,17,10,3,1
INST_02558,Bank,Europe,Enterprise,28,2858,4858.07,59598,83,1444.56,7,Premium,3,94.6,Credit Card,3,26,3,0
INST_02559,Credit Union,Asia Pacific,Professional,77,10342,258.72,7946,12,938.36,6,Premium,2,73.3,Wire Transfer,0,10,4,0
INST_02560,Insurance Company,Asia Pacific,Professional,24,825,456.19,3294,53,7519.15,11,Priority,8,46.9,Wire Transfer,7,1,1,0
INST_02561,Insurance Company,Asia Pacific,Basic,23,711,759.63,54600,12,4166.03,8,Premium,0,68.5,ACH,9,21,6,0
INST_02562,Bank,North America,Professional,19,1998,397.57,8551,16,500.0,13,Standard,14,63.1,Wire Transfer,0,20,6,0
INST_02563,Bank,Asia Pacific,Enterprise,2,1425,164.78,41695,19,98056.9,5,Priority,3,72.7,Invoice,2,31,6,0
INST_02564,Credit Union,Europe,Professional,31,893,137.65,46579,825,6399.81,7,Priority,0,60.9,ACH,4,5,4,0
INST_02565,Bank,Latin America,Professional,22,46430,521.46,49980,2165,4923.46,9,Priority,10,67.3,ACH,5,34,5,0
INST_02566,Bank,Latin America,Professional,25,77496,112.14,14731,9,35072.7,10,Standard,31,86.2,Wire Transfer,3,1,4,0
INST_02567,Bank,North America,Basic,54,1753,108.44,61652,2551,21661.49,7,Standard,16,79.2,ACH,0,20,3,0
INST_02568,Insurance Company,Asia Pacific,Professional,36,3420,646.96,5520,19,3142.39,6,Standard,1,51.0,Invoice,4,28,3,0
INST_02569,Payment Processor,North America,Basic,36,2248,359.89,554,569,500.0,6,Standard,1,73.2,Invoice,0,27,2,0
INST_02570,Credit Union,North America,Enterprise,62,15697,1242.21,63598,236,11459.55,10,Standard,30,74.5,ACH,0,23,5,0
INST_02571,Payment Processor,Europe,Enterprise,110,21130,242.28,28236,466,1159.48,6,Priority,1,52.5,Credit Card,0,34,7,0
INST_02572,Bank,North America,Basic,20,207,200.84,8820,18,31536.37,13,Priority,2,78.8,Invoice,14,15,6,0
INST_02573,Credit Union,Asia Pacific,Basic,2,6087,670.66,2424,5,1534.18,7,Standard,6,75.7,ACH,5,23,7,0
INST_02574,Bank,North America,Professional,14,419,152.26,1038,34,2495.39,7,Standard,2,65.7,ACH,4,4,3,0
INST_02575,Investment Firm,North America,Professional,37,41664,183.14,23804,320,655.39,9,Premium,3,35.8,Credit Card,6,12,4,0
INST_02576,Payment Processor,Europe,Basic,1,5769,192.07,261235,5026,739.93,1,Standard,9,88.7,Credit Card,1,4,1,1
INST_02577,Investment Firm,Asia Pacific,Professional,1,866,313.68,17892,23,4172.99,10,Standard,6,66.6,Wire Transfer,1,20,5,1
INST_02578,Credit Union,Latin America,Professional,1,2075,3384.37,12810,124,3628.63,6,Standard,11,41.1,ACH,11,31,9,0
INST_02579,Investment Firm,Asia Pacific,Basic,31,1932,77.31,21235,38,2407.1,7,Priority,10,96.2,ACH,5,12,4,0
INST_02580,Bank,Asia Pacific,Enterprise,16,6552,1909.52,578855,143,106885.93,10,Standard,11,89.8,Wire Transfer,8,25,4,0
INST_02581,Payment Processor,North America,Enterprise,11,14226,977.84,68040,4,12154.68,13,Priority,1,95.0,ACH,14,9,5,0
INST_02582,Credit Union,North America,Professional,2,532,2644.86,5429,2200,4990.87,5,Standard,2,72.1,ACH,2,20,5,1
INST_02583,Credit Union,North America,Enterprise,31,47010,17396.48,22974,154,500.0,6,Standard,1,96.8,Wire Transfer,4,5,6,0
INST_02584,Investment Firm,Europe,Basic,9,33141,2247.88,36266,773,16960.67,10,Standard,0,72.6,Wire Transfer,1,0,4,1
INST_02585,Investment Firm,Asia Pacific,Basic,7,801,1225.13,4516,97,438802.39,9,Premium,13,75.1,Wire Transfer,9,35,10,0
INST_02586,Bank,Europe,Basic,25,3324,83.51,68782,209,3707.36,11,Standard,0,73.0,ACH,3,30,6,0
INST_02587,Investment Firm,Asia Pacific,Professional,19,38801,97.18,6459,1132,1457.14,6,Standard,6,79.1,Credit Card,6,22,4,1
INST_02588,Bank,Europe,Enterprise,10,18946,621.56,2283,188,6279.13,4,Priority,14,52.6,ACH,4,9,4,1
INST_02589,Insurance Company,North America,Professional,24,1798,52.58,24691,200,574.15,11,Priority,1,73.4,Wire Transfer,3,26,4,0
INST_02590,Insurance Company,North America,Enterprise,7,10112,844.32,19472,35,9828.98,11,Standard,18,68.1,Wire Transfer,0,3,3,0
INST_02591,Insurance Company,Asia Pacific,Professional,38,267211,50.0,21992,56,46645.35,6,Priority,22,62.1,Credit Card,6,22,5,0
INST_02592,Investment Firm,Asia Pacific,Professional,6,3490,1607.89,6995,23,1796.51,10,Standard,6,62.6,Credit Card,0,28,10,0
INST_02593,Credit Union,Latin America,Professional,4,1154,274.23,8624,39,1885.67,8,Standard,7,85.6,Credit Card,7,24,3,1
INST_02594,Bank,North America,Basic,36,3860,469.62,119691,1411,4361.0,7,Standard,1,77.0,ACH,12,27,4,0
INST_02595,Insurance Company,Middle East,Basic,29,4314,164.34,42686,3848,2317.33,10,Standard,29,73.8,ACH,8,2,4,1
INST_02596,Bank,North America,Professional,4,1357,50.0,5244,15,508.53,7,Priority,9,64.8,ACH,1,1,4,1
INST_02597,Credit Union,North America,Professional,2,5781,1775.14,1180,302,2757.68,9,Priority,5,70.7,ACH,1,15,4,1
INST_02598,Bank,Middle East,Professional,43,454,2003.88,5587,83,2037.51,7,Standard,4,55.9,Credit Card,1,28,4,0
INST_02599,Bank,North America,Professional,35,1098,264.6,27887,1834,38171.04,10,Premium,6,75.7,Wire Transfer,1,10,6,0
INST_02600,Investment Firm,Asia Pacific,Basic,9,9296,892.76,8536,189,27807.53,7,Standard,1,57.7,Invoice,8,26,7,1
INST_02601,Bank,North America,Professional,25,214,252.38,7597,146,39973.4,4,Standard,6,76.3,Credit Card,0,2,7,0
INST_02602,Insurance Company,Europe,Professional,3,11553,570.31,9102,38,16359.88,5,Premium,0,79.1,Wire Transfer,3,23,5,0
INST_02603,Bank,Latin America,Professional,16,145,1003.22,19750,9,6692.04,6,Priority,6,85.8,Invoice,4,33,5,0
INST_02604,Bank,North America,Enterprise,1,222,785.33,71463,583,1323.97,4,Priority,5,67.0,Wire Transfer,14,16,3,1
INST_02605,Credit Union,Asia Pacific,Professional,11,1410,2016.59,22012,280,35924.45,13,Priority,3,93.3,Invoice,5,2,3,0
INST_02606,Bank,North America,Professional,1,4583,751.94,24170,292,8280.71,9,Premium,0,95.3,ACH,6,25,6,0
INST_02607,Bank,Europe,Enterprise,15,21761,417.26,15720,50,755.93,9,Standard,5,74.8,Invoice,3,31,8,0
INST_02608,Insurance Company,North America,Enterprise,13,3250,161.79,10414,114,1247.88,6,Priority,4,67.8,ACH,2,13,4,1
INST_02609,Bank,North America,Enterprise,14,2059,227.19,84234,616,738.32,8,Priority,2,89.5,Wire Transfer,2,13,4,0
INST_02610,Insurance Company,North America,Basic,1,7110,1066.42,67077,869,500.0,6,Standard,3,79.0,ACH,6,11,6,0
INST_02611,Bank,North America,Basic,10,807,66.54,473506,17,8802.43,7,Standard,0,59.9,Wire Transfer,2,3,4,0
INST_02612,Bank,Latin America,Basic,33,3674,1520.76,55041,47,767.54,9,Standard,0,83.8,Credit Card,5,11,12,0
INST_02613,Insurance Company,North America,Basic,11,493,287.9,10429,12,1581.43,10,Standard,1,79.2,Credit Card,3,15,2,0
INST_02614,Bank,North America,Enterprise,30,3374,151.06,5670,213,5209.61,4,Priority,5,71.3,Wire Transfer,4,15,1,0
INST_02615,Bank,Europe,Professional,11,2453,107.94,91988,729,3707.68,11,Priority,2,61.4,Credit Card,1,7,5,0
INST_02616,Credit Union,North America,Basic,13,892,906.18,6486,89,1685.53,7,Priority,1,47.9,Wire Transfer,1,19,6,1
INST_02617,Bank,Asia Pacific,Basic,19,3818,396.4,74206,45,47972.99,8,Priority,6,74.3,Invoice,0,19,8,0
INST_02618,Insurance Company,Middle East,Basic,72,3781,2714.92,7045,81,500.0,9,Premium,6,90.5,Credit Card,1,13,2,0
INST_02619,Bank,Europe,Professional,2,17381,88.62,37187,9427,531.1,9,Priority,2,83.8,Invoice,4,33,2,1
INST_02620,Insurance Company,Latin America,Professional,1,268,201.58,4493,1268,9767.01,9,Priority,19,97.2,Wire Transfer,8,34,11,0
INST_02621,Payment Processor,Europe,Enterprise,22,2659,361.16,70956,553,1921.38,8,Standard,3,71.6,ACH,8,24,5,0
INST_02622,Credit Union,North America,Enterprise,71,952,163.66,3461,264,1811.89,3,Standard,1,68.4,Credit Card,7,10,4,0
INST_02623,Payment Processor,Asia Pacific,Basic,109,10988,406.4,33171,145,974.03,7,Priority,15,81.5,ACH,0,33,4,0
INST_02624,Credit Union,Europe,Professional,15,9236,591.94,16370,29,8162.47,8,Premium,8,89.3,ACH,5,25,3,0
INST_02625,Payment Processor,Asia Pacific,Basic,15,6385,721.54,25660,21,6894.28,10,Premium,9,79.5,Credit Card,1,15,6,0
INST_02626,Bank,Latin America,Professional,24,1037,2458.73,12164,53,5876.31,8,Priority,13,90.3,Wire Transfer,2,31,5,0
INST_02627,Investment Firm,Europe,Enterprise,19,11250,84.42,11744,26,2049.94,12,Standard,11,81.4,ACH,6,5,5,0
INST_02628,Credit Union,Latin America,Professional,24,300,605.05,27782,49,1593.13,7,Priority,13,50.3,Wire Transfer,1,23,5,0
INST_02629,Credit Union,Asia Pacific,Professional,49,220,185.61,4899,123,3848.19,6,Priority,1,77.1,Wire Transfer,4,10,6,0
INST_02630,Investment Firm,Europe,Professional,32,439,675.88,4855,141,20948.24,16,Priority,6,77.1,Wire Transfer,5,19,4,0
INST_02631,Insurance Company,Europe,Basic,16,2834,676.95,12863,48,51649.67,7,Premium,7,41.6,Wire Transfer,16,10,4,0
INST_02632,Bank,North America,Basic,14,8207,123.43,12134,361,26030.73,8,Priority,2,88.8,Wire Transfer,0,20,2,0
INST_02633,Bank,Middle East,Professional,24,34,136.81,4875,105,10494.49,9,Priority,36,80.4,ACH,0,15,5,1
INST_02634,Insurance Company,Asia Pacific,Professional,14,21679,745.44,88108,218,21445.37,8,Premium,11,87.8,Invoice,3,20,6,0
INST_02635,Investment Firm,North America,Basic,14,3628,414.92,13336,38,834.72,7,Priority,17,91.2,Credit Card,3,2,5,1
INST_02636,Payment Processor,North America,Professional,1,283,309.96,15677,516,1684.7,6,Premium,1,23.9,Wire Transfer,2,0,3,1
INST_02637,Insurance Company,Europe,Enterprise,4,3468,888.54,3007,56,10792.4,10,Standard,0,62.2,Wire Transfer,5,28,1,0
INST_02638,Payment Processor,North America,Professional,16,15348,970.74,492600,2684,4116.5,9,Priority,0,95.2,Wire Transfer,4,9,1,0
INST_02639,Insurance Company,North America,Professional,41,7325,213.67,839533,98,8153.96,10,Standard,14,60.2,ACH,5,25,6,0
INST_02640,Bank,Europe,Professional,7,15500,145.12,6832,125,21358.34,3,Standard,5,70.1,Wire Transfer,11,1,3,0
INST_02641,Bank,North America,Professional,17,383,88.74,138569,432,16916.46,7,Standard,2,89.9,Credit Card,0,23,8,0
INST_02642,Insurance Company,Europe,Professional,10,1601,419.95,19192,639,956.76,6,Standard,11,57.0,Wire Transfer,8,25,5,1
INST_02643,Investment Firm,North America,Enterprise,2,744,73.13,244178,776,5002.87,5,Priority,7,61.2,ACH,4,25,2,1
INST_02644,Bank,North America,Professional,76,39197,454.55,36473,3626,1234.93,10,Priority,6,76.8,Invoice,10,30,4,0
INST_02645,Credit Union,Asia Pacific,Professional,46,7777,1737.5,25581,488,1531.53,10,Premium,11,54.1,Credit Card,0,31,6,1
INST_02646,Payment Processor,Europe,Basic,1,213312,263.97,518,131,500.0,6,Standard,4,79.6,ACH,8,7,5,1
INST_02647,Credit Union,North America,Basic,30,1478,211.99,5896,57,6005.32,7,Priority,1,83.5,Wire Transfer,1,20,5,0
INST_02648,Credit Union,North America,Professional,10,1005,4435.58,22715,116,500.0,10,Standard,17,69.3,Credit Card,14,0,6,1
INST_02649,Credit Union,Europe,Enterprise,120,2406,2469.18,29673,2145,8876.83,10,Premium,14,72.8,ACH,1,3,4,0
INST_02650,Bank,North America,Professional,8,23565,161.17,3560,12,37709.65,12,Priority,2,86.9,Wire Transfer,6,15,7,0
INST_02651,Credit Union,North America,Basic,6,1721,476.67,7382,33,10888.95,4,Priority,2,67.1,Credit Card,8,1,5,0
INST_02652,Credit Union,North America,Basic,20,3592,598.49,50522,100,5312.58,8,Standard,12,65.3,ACH,12,12,7,0
INST_02653,Bank,Asia Pacific,Professional,43,3446,515.12,2766,33,49102.84,9,Standard,25,75.2,Wire Transfer,1,23,5,0
INST_02654,Insurance Company,Asia Pacific,Basic,5,3162,3560.33,26919,71,8031.84,11,Standard,10,68.1,Invoice,4,29,5,1
INST_02655,Credit Union,Asia Pacific,Basic,29,1120,447.95,141058,3832,1347.34,10,Standard,0,57.6,Credit Card,0,15,3,1
INST_02656,Insurance Company,Asia Pacific,Professional,1,2426,536.29,39269,86,5929.29,7,Priority,3,69.3,Credit Card,0,17,6,0
INST_02657,Payment Processor,Asia Pacific,Basic,60,2275,921.86,36432,311,92924.0,7,Standard,10,48.4,Credit Card,2,0,6,1
INST_02658,Bank,Europe,Professional,2,2947,1682.28,1063,7,954.36,8,Standard,4,85.1,ACH,5,31,5,1
INST_02659,Investment Firm,Europe,Professional,58,12274,1241.75,6419,20,620.06,8,Priority,7,89.3,ACH,5,35,3,0
INST_02660,Credit Union,North America,Basic,16,41812,769.47,479885,795,12361.76,8,Priority,0,81.2,ACH,3,16,4,0
INST_02661,Payment Processor,Europe,Professional,14,845,62.15,8966,2988,3511.93,7,Standard,1,92.5,ACH,4,10,3,0
INST_02662,Bank,Asia Pacific,Professional,86,1655,224.58,146783,221,2212.76,4,Priority,9,76.6,Wire Transfer,4,6,0,0
INST_02663,Investment Firm,Europe,Professional,111,864,1078.48,8810,85,743.4,12,Priority,1,90.4,Credit Card,9,26,3,1
INST_02664,Investment Firm,North America,Professional,25,3946,544.83,14519,362,500.0,6,Premium,24,78.0,ACH,10,14,1,0
INST_02665,Bank,North America,Professional,3,1329,1087.19,47733,1,553.0,7,Standard,3,93.3,Wire Transfer,2,12,3,0
INST_02666,Bank,Europe,Enterprise,16,4271,3883.92,25617,224,55402.96,4,Standard,1,54.1,ACH,0,21,6,0
INST_02667,Investment Firm,Asia Pacific,Professional,18,15606,98.26,39037,22,4849.78,9,Standard,1,71.3,Credit Card,1,29,5,0
INST_02668,Insurance Company,Latin America,Professional,17,67,1580.49,6453,619,500.0,9,Priority,1,96.0,Wire Transfer,0,25,4,0
INST_02669,Bank,North America,Basic,20,6233,271.39,4006,2,29031.27,7,Standard,2,93.6,Wire Transfer,7,29,7,0
INST_02670,Investment Firm,Asia Pacific,Basic,1,1494,1239.45,5832,47,31327.48,12,Standard,6,64.5,Invoice,0,19,4,1
INST_02671,Credit Union,Europe,Basic,29,5946,383.96,9912,137,31065.43,8,Priority,15,62.9,ACH,3,20,5,0
INST_02672,Insurance Company,Latin America,Professional,29,776,5179.2,15616,37,2607.65,11,Priority,18,48.0,ACH,3,0,7,1
INST_02673,Bank,Europe,Basic,2,17932,471.59,104392,75,3283.89,13,Priority,6,62.0,ACH,8,15,4,1
INST_02674,Payment Processor,Europe,Professional,20,11730,187.05,25109,755,6041.71,10,Standard,7,63.6,Wire Transfer,6,28,5,0
INST_02675,Bank,Europe,Professional,20,6992,667.71,45565,142,40197.89,10,Standard,5,46.5,Credit Card,4,22,3,0
INST_02676,Credit Union,Asia Pacific,Basic,27,9797,595.1,27238,27,2138.05,6,Priority,2,93.5,Wire Transfer,4,24,10,0
INST_02677,Bank,Middle East,Professional,2,974,1580.85,4133,806,1585.06,6,Standard,5,60.9,Credit Card,3,5,4,1
INST_02678,Bank,North America,Professional,23,1176,690.67,22604,233,13953.91,8,Priority,1,94.2,ACH,11,32,4,0
INST_02679,Credit Union,North America,Basic,7,9215,7864.21,26800,251,30148.25,7,Standard,2,56.5,ACH,0,26,9,0
INST_02680,Bank,Latin America,Professional,16,942,352.95,68863,29,4540.6,7,Premium,1,93.8,ACH,16,32,2,0
INST_02681,Insurance Company,Europe,Professional,35,26067,357.97,4434,1,13435.56,10,Standard,12,64.5,Credit Card,4,10,5,0
INST_02682,Bank,Europe,Professional,29,1834,195.46,1032,29,5817.76,13,Standard,1,75.2,Credit Card,1,21,2,0
INST_02683,Credit Union,Europe,Basic,3,6328,447.11,28692,24,3371.57,9,Priority,9,66.1,ACH,6,28,10,1
INST_02684,Bank,North America,Professional,21,69485,532.33,37450,49,1416.7,11,Standard,0,61.4,Credit Card,2,14,4,0
INST_02685,Bank,Asia Pacific,Enterprise,83,1033,565.35,16830,32,870.62,13,Priority,7,68.5,Wire Transfer,0,12,5,0
INST_02686,Bank,Asia Pacific,Professional,4,3304,437.3,22971,181,1954.42,9,Standard,10,58.0,ACH,0,14,3,0
INST_02687,Credit Union,North America,Basic,46,14490,194.07,82302,724,1136.73,6,Priority,0,69.7,Wire Transfer,4,22,5,0
INST_02688,Credit Union,North America,Professional,29,12418,140.05,11067,1029,7519.27,8,Priority,10,80.0,Invoice,5,13,7,0
INST_02689,Credit Union,Asia Pacific,Professional,35,1823,257.18,14501,669,30525.53,6,Priority,6,84.4,Credit Card,1,7,8,0
INST_02690,Credit Union,North America,Professional,7,1373,1587.39,24798,29,6674.26,5,Standard,8,68.6,Wire Transfer,5,18,4,1
INST_02691,Investment Firm,Latin America,Professional,8,2101,2055.26,3534,165,1235.15,6,Standard,8,85.1,ACH,1,2,11,0
INST_02692,Bank,North America,Professional,56,26154,367.84,17538,2483,17730.93,8,Priority,1,77.7,Credit Card,2,32,2,0
INST_02693,Credit Union,Europe,Enterprise,10,1961,130.33,20017,8,7671.92,9,Premium,11,70.2,ACH,1,33,1,0
INST_02694,Payment Processor,Latin America,Professional,1,3351,365.98,256674,1680,10324.13,8,Priority,10,83.7,ACH,5,35,3,0
INST_02695,Credit Union,Asia Pacific,Professional,22,1571,4964.16,14084,24,2255.1,6,Standard,7,76.2,Invoice,3,27,6,0
INST_02696,Investment Firm,Europe,Basic,3,8589,1337.77,29733,251,26904.93,11,Standard,4,44.0,ACH,0,28,6,0
INST_02697,Bank,Asia Pacific,Enterprise,38,3764,781.25,87371,312,26699.46,7,Priority,13,94.7,Invoice,18,30,4,0
INST_02698,Insurance Company,North America,Enterprise,24,661,1280.78,6271,208,3729.01,6,Standard,14,76.1,ACH,11,6,5,0
INST_02699,Insurance Company,North America,Basic,49,696,2562.35,173444,8194,14438.85,5,Priority,2,68.1,Credit Card,7,7,1,0
INST_02700,Credit Union,Middle East,Professional,36,148,101.15,310458,86,25648.33,6,Standard,5,31.3,Credit Card,0,29,5,1
INST_02701,Payment Processor,Asia Pacific,Basic,2,856,252.03,21092,7,2445.35,7,Standard,4,74.6,ACH,2,15,3,1
INST_02702,Bank,Europe,Professional,11,9807,213.91,9807,281,4350.92,9,Standard,3,57.3,Wire Transfer,3,28,5,0
INST_02703,Bank,North America,Professional,35,21712,816.1,252882,109,5539.65,10,Priority,12,72.9,Credit Card,14,5,3,0
INST_02704,Insurance Company,North America,Basic,12,8335,488.89,72652,402,946.97,7,Priority,7,61.4,ACH,2,1,8,1
INST_02705,Insurance Company,North America,Enterprise,86,6849,999.82,24908,726,9532.8,9,Standard,4,83.5,ACH,5,14,5,0
INST_02706,Bank,Europe,Basic,31,2465,219.58,187262,139,22783.33,7,Priority,10,79.6,Invoice,4,9,3,0
INST_02707,Bank,Asia Pacific,Professional,1,9531,2092.98,159769,325,3960.68,8,Standard,20,45.4,Credit Card,8,29,8,0
INST_02708,Bank,Europe,Professional,50,4579,371.22,13301,192,8182.68,4,Premium,3,69.5,Credit Card,0,33,2,0
INST_02709,Bank,Asia Pacific,Professional,2,44652,928.39,31987,3734,40049.49,8,Priority,1,92.0,ACH,8,23,3,0
INST_02710,Insurance Company,North America,Basic,3,2571,1693.39,52322,76,2676.52,4,Standard,17,28.9,Credit Card,5,3,6,1
INST_02711,Credit Union,North America,Basic,31,22348,1537.86,22996,43,8437.13,5,Premium,22,81.5,Credit Card,0,0,2,1
INST_02712,Bank,North America,Professional,48,11060,622.03,2734,724,2090.76,8,Standard,3,69.1,Credit Card,6,28,3,0
INST_02713,Credit Union,Europe,Professional,18,8983,1078.38,5391,27,2006.89,9,Standard,7,52.5,Wire Transfer,2,31,5,0
INST_02714,Bank,North America,Basic,8,145,3261.66,2871,300,8207.8,9,Standard,0,85.3,ACH,0,34,2,1
INST_02715,Bank,Middle East,Basic,10,12013,747.19,46137,109,7058.97,4,Standard,0,53.0,ACH,2,25,10,0
INST_02716,Investment Firm,North America,Basic,10,2462,168.08,3727,123,11300.53,9,Standard,0,51.2,Wire Transfer,0,1,4,1
INST_02717,Payment Processor,Latin America,Professional,9,1531,812.13,29396,10000,5509.55,12,Priority,10,72.7,ACH,1,17,8,1
INST_02718,Insurance Company,Europe,Professional,6,322,385.78,343813,1368,9874.53,6,Premium,4,20.5,ACH,31,17,6,1
INST_02719,Bank,Middle East,Basic,22,2956,50.0,187522,933,59771.15,9,Priority,7,73.0,Invoice,0,1,8,1
INST_02720,Payment Processor,Europe,Professional,55,3134,702.33,1399,385,24097.55,7,Priority,5,62.3,Credit Card,2,32,2,0
INST_02721,Insurance Company,Latin America,Basic,8,422,464.04,3235,42,8164.68,7,Priority,1,70.7,Wire Transfer,5,27,5,1
INST_02722,Insurance Company,North America,Enterprise,4,327,1615.99,6872,237,10481.43,3,Standard,11,71.2,Invoice,18,7,3,1
INST_02723,Credit Union,Asia Pacific,Enterprise,43,6185,164.0,3814,424,3138.96,6,Standard,1,79.6,Wire Transfer,2,23,6,0
INST_02724,Credit Union,Latin America,Professional,32,11020,66.23,1843,212,3870.8,10,Standard,1,50.8,ACH,1,29,9,0
INST_02725,Bank,North America,Enterprise,64,3965,493.94,21671,176,10287.57,8,Standard,6,71.6,Credit Card,2,30,5,0
INST_02726,Bank,North America,Enterprise,4,16751,636.65,63427,72,5605.34,4,Premium,14,80.8,Wire Transfer,0,31,6,0
INST_02727,Bank,Europe,Enterprise,3,2618,451.51,92138,242,16147.62,10,Standard,14,80.9,ACH,21,28,5,0
INST_02728,Bank,Latin America,Professional,18,2747,413.58,10810,57,32879.66,7,Priority,4,84.4,ACH,3,22,4,0
INST_02729,Credit Union,Europe,Professional,22,753,111.89,14649,526,4218.99,11,Standard,8,71.1,ACH,5,3,5,0
INST_02730,Insurance Company,Europe,Basic,15,287,341.48,37553,3,500.0,8,Standard,12,76.9,Credit Card,2,9,9,1
INST_02731,Credit Union,North America,Professional,21,48145,265.58,18718,1712,103910.31,9,Premium,1,53.5,Credit Card,1,19,4,0
INST_02732,Bank,North America,Professional,4,16267,1461.55,74303,13,1846.89,7,Priority,3,78.3,Wire Transfer,0,13,6,1
INST_02733,Payment Processor,Asia Pacific,Basic,15,369,635.99,42005,21,6586.27,11,Priority,7,65.3,ACH,7,25,6,0
INST_02734,Payment Processor,North America,Basic,25,3765,288.99,12525,309,14635.98,4,Standard,12,54.0,Credit Card,4,4,3,0
INST_02735,Insurance Company,Europe,Professional,13,2565,3192.83,1359,392,40678.72,11,Standard,2,73.0,ACH,1,33,3,0
INST_02736,Payment Processor,Latin America,Basic,27,1976,292.16,208677,6253,73795.37,8,Standard,6,89.1,Wire Transfer,5,12,7,0
INST_02737,Credit Union,North America,Professional,14,1614,787.88,7870,252,2847.48,10,Premium,0,77.3,ACH,1,18,4,0
INST_02738,Payment Processor,Asia Pacific,Enterprise,9,5281,330.2,37659,137,29276.33,5,Standard,18,92.6,Wire Transfer,1,12,7,0
INST_02739,Bank,North America,Professional,8,10170,2856.59,1242,209,6614.17,8,Priority,15,73.5,Wire Transfer,10,28,6,1
INST_02740,Credit Union,Europe,Professional,12,5451,447.75,21655,2598,300981.93,11,Premium,17,71.0,ACH,3,5,10,0
INST_02741,Bank,North America,Professional,1,2487,463.91,25601,10000,25608.18,9,Priority,24,74.9,ACH,3,12,3,0
INST_02742,Bank,Asia Pacific,Professional,26,2354,341.09,27526,106,3766.08,7,Priority,13,62.7,ACH,7,22,6,0
INST_02743,Bank,North America,Basic,44,12151,510.72,2024209,394,1495.76,8,Priority,1,97.9,ACH,3,1,6,1
INST_02744,Investment Firm,Europe,Enterprise,10,5973,1701.81,8546,129,500.0,9,Priority,6,77.2,Wire Transfer,1,21,4,0
INST_02745,Insurance Company,Europe,Basic,1,3324,1113.22,75432,125,13521.2,6,Standard,1,85.1,Wire Transfer,6,25,1,0
INST_02746,Investment Firm,North America,Basic,103,2824,417.25,48283,4369,22307.39,9,Standard,0,72.0,ACH,9,34,8,0
INST_02747,Bank,Asia Pacific,Professional,7,5003,3107.55,7958,28,15035.82,10,Standard,1,77.7,ACH,5,35,4,1
INST_02748,Insurance Company,North America,Basic,3,1476,1150.08,73755,2,500.0,11,Standard,12,46.6,Invoice,8,9,7,1
INST_02749,Investment Firm,Asia Pacific,Professional,11,10222,238.46,17214,262,744.7,10,Standard,9,70.7,Credit Card,0,24,3,1
INST_02750,Credit Union,North America,Basic,32,593,76.98,81868,1289,10109.54,7,Standard,9,89.1,ACH,3,3,3,0
INST_02751,Investment Firm,Asia Pacific,Basic,8,1608,245.18,417251,220,71559.58,2,Standard,3,74.7,Credit Card,2,25,4,0
INST_02752,Bank,North America,Basic,20,7455,662.5,27617,366,4521.82,9,Standard,0,77.0,Credit Card,0,11,6,0
INST_02753,Bank,Europe,Basic,12,544,826.04,14448,574,25267.58,8,Standard,2,63.7,Wire Transfer,1,7,6,0
INST_02754,Payment Processor,North America,Professional,3,281,2061.04,106652,181,1041.47,9,Priority,4,67.7,ACH,2,0,7,1
INST_02755,Bank,Asia Pacific,Enterprise,9,3276,108.48,178971,403,6705.56,6,Premium,3,49.5,Credit Card,5,18,4,0
INST_02756,Credit Union,North America,Professional,30,233,238.18,5855,392,3255.2,5,Priority,4,94.9,Credit Card,2,6,6,0
INST_02757,Payment Processor,Latin America,Enterprise,22,424,98.18,11165,4,29184.24,6,Standard,6,72.7,Wire Transfer,6,20,7,0
INST_02758,Insurance Company,Latin America,Basic,3,9273,80.92,60665,182,2186.91,6,Standard,0,82.1,Credit Card,5,18,2,0
INST_02759,Bank,North America,Professional,4,2192,189.92,18068,8,60810.58,8,Standard,16,58.7,Credit Card,16,22,5,1
INST_02760,Bank,Europe,Basic,24,20501,626.37,5263,138,3097.75,6,Standard,5,53.5,ACH,0,8,7,0
INST_02761,Bank,North America,Professional,40,489,1018.08,49565,60,987.53,4,Premium,13,70.7,ACH,18,4,4,0
INST_02762,Investment Firm,North America,Professional,10,2589,129.28,60308,954,1038.51,12,Priority,4,85.9,ACH,0,28,9,0
INST_02763,Credit Union,Asia Pacific,Professional,21,5428,152.76,13338,230,1932.09,6,Standard,9,92.8,ACH,8,35,2,0
INST_02764,Bank,Asia Pacific,Professional,4,515,50.0,24149,347,8568.53,6,Priority,15,57.7,Credit Card,1,13,2,1
INST_02765,Payment Processor,Europe,Professional,8,14011,521.77,9275,105,1968.51,10,Standard,6,38.0,Wire Transfer,2,13,4,1
INST_02766,Credit Union,North America,Professional,1,6412,167.58,4260,986,1435.52,13,Standard,3,87.3,Credit Card,1,31,5,1
INST_02767,Bank,North America,Enterprise,35,266,2967.98,10450,8,18670.73,7,Priority,6,27.8,ACH,8,6,5,1
INST_02768,Credit Union,North America,Basic,12,2816,659.69,24609,29,500.0,7,Standard,1,85.5,ACH,3,12,5,1
INST_02769,Investment Firm,Asia Pacific,Professional,40,5318,328.41,2409,1503,2579.05,10,Premium,8,22.3,Wire Transfer,5,10,3,0
INST_02770,Bank,Europe,Professional,29,1230,186.92,11660,67,664.24,6,Priority,0,76.5,Wire Transfer,15,4,3,1
INST_02771,Bank,Asia Pacific,Professional,42,323,67.11,25128,3,1335.64,16,Standard,4,89.8,ACH,2,19,4,0
INST_02772,Insurance Company,North America,Basic,8,4526,78.14,132189,2027,7084.22,7,Standard,5,58.0,ACH,3,22,6,0
INST_02773,Credit Union,North America,Professional,4,82196,191.22,13781,1031,3612.48,4,Priority,3,85.3,ACH,0,31,3,0
INST_02774,Credit Union,North America,Professional,85,1668,174.39,3398,533,3154.71,12,Priority,4,71.5,Credit Card,4,23,4,0
INST_02775,Credit Union,North America,Professional,30,31377,121.63,16082,175,29268.39,6,Standard,1,73.6,Invoice,1,1,5,0
INST_02776,Bank,North America,Basic,43,964,634.29,9415,2949,4815.39,15,Standard,0,64.8,ACH,4,1,4,0
INST_02777,Bank,Asia Pacific,Enterprise,1,4118,747.79,50426,1430,73797.88,9,Priority,4,81.0,Wire Transfer,1,2,5,0
INST_02778,Credit Union,Latin America,Professional,10,9483,232.67,13268,2407,14303.9,10,Priority,19,71.5,Credit Card,0,9,4,0
INST_02779,Bank,Europe,Professional,32,2943,4114.13,377,518,1152.78,5,Standard,1,73.6,ACH,1,9,3,0
INST_02780,Bank,Europe,Professional,1,1907,50.0,5595295,185,89423.43,7,Priority,2,68.5,ACH,8,27,2,1
INST_02781,Insurance Company,North America,Enterprise,20,8859,432.59,27270,72,7458.86,7,Standard,14,71.9,Credit Card,1,1,6,0
INST_02782,Payment Processor,Latin America,Basic,13,50877,310.35,25179,15,81440.0,10,Priority,2,73.8,Invoice,0,21,3,0
INST_02783,Insurance Company,North America,Basic,1,4679,208.34,2181,366,3297.29,4,Standard,3,73.5,ACH,8,21,10,0
INST_02784,Payment Processor,Latin America,Professional,6,1374,174.65,2448,425,7393.43,9,Standard,0,80.8,Wire Transfer,1,18,6,0
INST_02785,Bank,Europe,Professional,8,2242,400.07,19188,79,9397.24,6,Priority,0,74.8,ACH,2,0,6,0
INST_02786,Payment Processor,North America,Basic,2,130556,307.77,36470,447,3819.33,5,Standard,7,84.0,Wire Transfer,3,29,3,1
INST_02787,Bank,Latin America,Enterprise,23,3649,252.08,63143,81,33119.58,3,Standard,1,72.2,Credit Card,2,13,5,0
INST_02788,Payment Processor,North America,Professional,6,1222,84.91,31450,707,89221.12,9,Standard,5,57.5,ACH,8,16,8,0
INST_02789,Payment Processor,Europe,Professional,7,535,57.87,3718,30,500.0,6,Premium,3,84.4,Credit Card,4,24,5,0
INST_02790,Insurance Company,Europe,Basic,54,192,285.37,514,22,16684.37,9,Standard,0,97.5,ACH,6,23,3,0
INST_02791,Payment Processor,North America,Basic,15,5142,249.01,18952,96,1284.65,9,Standard,3,67.0,Credit Card,6,9,6,1
INST_02792,Investment Firm,Europe,Professional,11,7958,318.48,9887,659,500.0,7,Priority,1,84.2,Wire Transfer,0,0,0,1
INST_02793,Bank,Asia Pacific,Enterprise,30,1644,354.13,3314,18,10673.59,13,Standard,13,91.9,Wire Transfer,18,28,5,0
INST_02794,Credit Union,Asia Pacific,Professional,57,2914,215.51,76273,981,10709.75,8,Priority,2,62.2,Wire Transfer,0,27,2,0
INST_02795,Investment Firm,North America,Enterprise,1,515,312.66,2072,7,13632.21,10,Priority,8,49.2,Wire Transfer,14,23,4,0
INST_02796,Bank,Latin America,Enterprise,14,3638,144.86,55573,95,8574.45,7,Standard,8,95.1,ACH,21,33,6,0
INST_02797,Investment Firm,North America,Professional,22,6137,2511.75,2656,11,18261.27,8,Standard,1,74.2,Wire Transfer,1,7,5,0
INST_02798,Payment Processor,North America,Professional,9,1335,154.52,26933,1,1989.08,5,Standard,5,77.1,ACH,5,3,4,0
INST_02799,Bank,North America,Professional,35,37634,258.48,89407,287,7295.42,8,Priority,12,89.3,Credit Card,0,35,4,0
INST_02800,Insurance Company,North America,Professional,85,849,169.26,13267,107,14006.12,9,Priority,0,61.0,Wire Transfer,5,31,2,0
INST_02801,Payment Processor,North America,Basic,68,4560,165.89,277861,12,37400.31,10,Standard,6,67.5,Credit Card,1,1,1,1
INST_02802,Payment Processor,Middle East,Professional,7,10641,415.54,391143,58,5248.87,11,Priority,1,83.2,Wire Transfer,14,11,6,0
INST_02803,Payment Processor,North America,Basic,6,2654,356.85,31437,328,3566.38,8,Standard,1,54.7,Credit Card,5,18,9,0
INST_02804,Credit Union,North America,Enterprise,75,2246,232.44,49616,76,4523.95,9,Standard,7,89.9,ACH,7,22,7,0
INST_02805,Payment Processor,North America,Enterprise,14,349,287.1,108127,103,820.25,6,Priority,7,59.7,Wire Transfer,14,14,5,0
INST_02806,Insurance Company,Asia Pacific,Basic,5,22834,170.07,49843,72,15590.8,8,Priority,7,51.9,ACH,9,3,4,1
INST_02807,Bank,Latin America,Professional,29,2310,653.32,42440,52,552.26,8,Standard,5,75.2,ACH,3,17,3,0
INST_02808,Credit Union,North America,Professional,8,6674,4751.57,10035,50,8834.73,8,Standard,10,40.2,Wire Transfer,0,19,5,1
INST_02809,Insurance Company,North America,Professional,7,8177,141.2,1752,48,5579.54,6,Priority,7,70.3,ACH,1,11,4,0
INST_02810,Bank,North America,Basic,50,1161,647.27,2737,38,500.0,8,Standard,1,72.9,Wire Transfer,4,5,7,1
INST_02811,Investment Firm,North America,Professional,4,2216,425.79,785087,23,522.74,5,Standard,0,89.6,ACH,6,18,6,1
INST_02812,Investment Firm,North America,Basic,1,22064,899.96,35727,74,1365.76,12,Standard,0,43.7,Credit Card,1,9,7,1
INST_02813,Bank,Europe,Basic,7,557,930.9,15236,46,2933.9,2,Premium,0,83.7,Wire Transfer,2,8,4,1
INST_02814,Investment Firm,North America,Basic,22,72538,516.2,146530,21,45284.45,13,Standard,0,93.0,Wire Transfer,2,26,2,0
INST_02815,Insurance Company,Europe,Basic,3,975,384.6,7156,589,4162.61,15,Standard,3,54.6,Credit Card,3,20,5,1
INST_02816,Credit Union,North America,Professional,15,508,239.53,52820,1364,11155.97,7,Standard,0,82.0,Wire Transfer,2,26,4,0
INST_02817,Bank,Latin America,Enterprise,23,3635,161.1,24730,148,32856.6,17,Priority,3,73.1,ACH,0,16,6,0
INST_02818,Bank,Latin America,Professional,45,81840,359.17,43916,167,24581.54,10,Premium,10,55.1,ACH,3,2,4,1
INST_02819,Credit Union,Europe,Professional,6,169,86.36,13298,42,4863.0,12,Premium,0,67.7,ACH,14,17,2,0
INST_02820,Payment Processor,North America,Basic,40,2412,197.82,5182,1012,1705.67,11,Standard,10,57.4,Invoice,0,21,6,1
INST_02821,Bank,North America,Professional,6,6089,1522.68,6410,3390,10386.7,6,Premium,1,58.3,Invoice,9,27,5,0
INST_02822,Investment Firm,Europe,Basic,27,3135,454.05,6796,110,1757.49,13,Standard,1,52.2,ACH,6,20,5,0
INST_02823,Bank,Asia Pacific,Professional,13,5286,1177.56,21928,58,74772.61,9,Standard,1,58.3,Credit Card,1,28,2,0
INST_02824,Bank,Europe,Enterprise,2,1015,2353.3,2134,274,18064.39,12,Priority,2,43.1,Credit Card,0,18,6,1
INST_02825,Insurance Company,Latin America,Basic,30,1212,326.22,3390,187,6721.35,6,Priority,4,48.7,ACH,13,22,6,0
INST_02826,Insurance Company,Latin America,Professional,5,2385,517.39,26991,60,10604.22,3,Standard,7,48.8,Wire Transfer,2,0,5,1
INST_02827,Bank,North America,Basic,4,547,280.84,18187,346,6421.65,8,Standard,10,85.7,Credit Card,2,31,9,1
INST_02828,Credit Union,Europe,Professional,10,2787,152.15,29300,803,2828.51,8,Premium,0,92.9,Invoice,1,5,3,0
INST_02829,Bank,North America,Basic,25,1663,128.57,20587,36,10382.89,8,Standard,1,68.3,Credit Card,9,26,2,0
INST_02830,Credit Union,North America,Professional,6,1472,1109.63,963593,10000,3414.08,9,Premium,9,87.9,ACH,1,16,3,0
INST_02831,Investment Firm,Europe,Basic,4,4821,518.2,26638,9,89772.38,10,Priority,10,63.4,Wire Transfer,7,32,5,1
INST_02832,Bank,North America,Professional,1,194,3699.39,12473,32,1738.79,8,Standard,20,67.5,Wire Transfer,1,10,5,0
INST_02833,Bank,Latin America,Professional,15,2114,1295.25,25634,226,10542.78,11,Standard,2,75.0,ACH,2,34,7,0
INST_02834,Credit Union,North America,Professional,13,96377,167.76,101715,8470,1519.16,8,Standard,1,75.5,Wire Transfer,12,26,6,0
INST_02835,Payment Processor,Europe,Professional,6,584,1105.9,20446,53,1495.56,6,Standard,5,86.6,ACH,4,22,9,0
INST_02836,Payment Processor,Europe,Enterprise,1,20501,279.75,61518,21,500.0,10,Priority,0,29.7,ACH,5,33,2,0
INST_02837,Bank,Asia Pacific,Professional,13,3235,1737.55,39897,398,9110.77,6,Standard,9,61.6,ACH,4,19,6,0
INST_02838,Insurance Company,North America,Basic,37,1206,225.07,14248,94,2211.22,5,Standard,4,80.1,Invoice,0,13,2,0
INST_02839,Credit Union,Latin America,Basic,30,411,114.1,26012,491,24961.36,12,Standard,8,87.5,Wire Transfer,5,25,5,0
INST_02840,Credit Union,Europe,Enterprise,47,3675,155.26,242409,130,9135.68,8,Priority,1,66.1,Wire Transfer,3,8,5,0
INST_02841,Insurance Company,Europe,Professional,1,26372,165.08,31717,31,6138.51,9,Standard,4,65.0,Wire Transfer,8,18,6,0
INST_02842,Payment Processor,North America,Professional,81,1662,147.19,5018,10000,592.44,12,Standard,2,75.4,Invoice,22,32,2,0
INST_02843,Payment Processor,Europe,Basic,10,2640,202.93,13639,1,11817.75,11,Standard,4,92.3,ACH,4,15,7,0
INST_02844,Investment Firm,Asia Pacific,Professional,111,13569,1127.81,923,3930,1820.34,9,Standard,5,84.0,Invoice,2,15,5,0
INST_02845,Credit Union,Europe,Basic,6,4970,3481.62,27067,796,572.92,6,Premium,8,92.6,ACH,9,12,6,0
INST_02846,Insurance Company,Asia Pacific,Enterprise,15,281,81.76,157643,38,9374.7,8,Premium,14,88.7,Wire Transfer,9,23,4,0
INST_02847,Bank,Europe,Enterprise,10,3457,1837.6,2945,4317,744.39,7,Standard,1,58.3,ACH,9,9,4,1
INST_02848,Investment Firm,North America,Basic,10,28806,227.41,27573,12,500.0,6,Standard,3,72.3,Credit Card,2,29,8,1
INST_02849,Credit Union,North America,Professional,44,2820,612.44,96582,911,34396.21,6,Standard,0,85.1,ACH,2,22,3,0
INST_02850,Investment Firm,North America,Basic,32,48,55.42,113176,3,2119.43,4,Standard,2,68.9,Credit Card,7,34,4,0
INST_02851,Bank,Asia Pacific,Professional,116,5336,756.61,150196,18,500.0,8,Premium,3,93.4,Wire Transfer,2,33,7,0
INST_02852,Bank,Asia Pacific,Enterprise,22,2213,50.0,1336,18,1159.93,10,Priority,4,80.0,ACH,3,11,4,0
INST_02853,Payment Processor,North America,Professional,14,191,588.0,46976,38,1666.4,11,Standard,18,92.9,Credit Card,0,29,7,0
INST_02854,Bank,Europe,Professional,2,240,549.33,2302,151,27346.42,7,Priority,16,77.1,ACH,11,1,6,1
INST_02855,Credit Union,Europe,Basic,120,12870,507.35,4927,33,500.0,7,Premium,0,87.5,Wire Transfer,3,11,3,0
INST_02856,Bank,Europe,Enterprise,19,993,167.02,75484,3,659.6,8,Standard,3,64.1,ACH,11,27,7,1
INST_02857,Bank,North America,Professional,28,764,780.11,27919,341,21388.41,18,Premium,2,97.7,Wire Transfer,17,2,3,1
INST_02858,Bank,North America,Professional,12,2825,645.03,65480,162,2503.39,12,Priority,3,84.4,ACH,0,21,2,0
INST_02859,Bank,North America,Basic,19,1134,313.58,5466,309,6918.33,6,Standard,9,72.6,Credit Card,0,27,7,0
INST_02860,Payment Processor,North America,Professional,68,3463,903.45,200868,202,2353.39,7,Priority,1,49.7,ACH,5,25,4,0
INST_02861,Bank,North America,Enterprise,4,2199,359.7,61852,826,101809.15,9,Standard,9,61.1,ACH,1,27,5,1
INST_02862,Payment Processor,North America,Professional,8,492,760.92,83612,129,710.14,11,Standard,17,71.4,ACH,2,5,2,0
INST_02863,Investment Firm,Europe,Professional,3,1384,346.87,4357,918,7503.87,9,Priority,8,48.5,ACH,0,11,3,0
INST_02864,Credit Union,North America,Professional,37,5791,523.24,127656,36,46837.29,4,Premium,3,58.3,ACH,2,27,5,0
INST_02865,Investment Firm,Middle East,Professional,1,3174,804.05,13708,40,2800.41,10,Standard,0,77.1,ACH,17,21,4,0
INST_02866,Credit Union,North America,Professional,2,2636,250.26,8805,1766,1586.58,9,Standard,0,19.7,Wire Transfer,0,3,8,1
INST_02867,Insurance Company,North America,Basic,8,54506,91.78,56285,1703,15531.95,8,Priority,8,81.4,ACH,5,33,5,0
INST_02868,Bank,North America,Professional,17,8924,561.88,52829,416,22161.18,3,Standard,0,57.3,ACH,3,6,6,0
INST_02869,Credit Union,North America,Professional,12,10707,1681.21,6184,29,1480.51,11,Priority,3,59.6,Credit Card,9,21,7,0
INST_02870,Payment Processor,Asia Pacific,Professional,1,2324,577.66,481398,25,44059.44,7,Standard,14,57.5,ACH,5,7,8,1
INST_02871,Payment Processor,North America,Enterprise,75,4147,590.97,334879,1620,5307.26,6,Priority,5,51.4,Wire Transfer,0,29,3,0
INST_02872,Payment Processor,Latin America,Professional,73,1561,383.52,54587,1466,10542.2,8,Standard,2,80.6,ACH,5,20,6,0
INST_02873,Credit Union,Latin America,Basic,7,9569,979.4,42007,132,45817.52,11,Standard,1,65.1,Wire Transfer,8,14,9,0
INST_02874,Insurance Company,Europe,Enterprise,31,2526,322.75,36122,10000,15571.08,10,Priority,5,85.4,Credit Card,6,26,3,0
INST_02875,Credit Union,Europe,Professional,20,4161,234.0,2153,339,4912.93,7,Priority,2,76.5,Wire Transfer,6,12,4,0
INST_02876,Credit Union,Asia Pacific,Professional,6,3793,1519.84,26087,20,1794.73,9,Standard,22,81.6,Credit Card,10,0,8,1
INST_02877,Bank,North America,Professional,7,2900,213.44,25573,90,285717.4,4,Priority,0,70.8,Wire Transfer,4,3,4,0
INST_02878,Investment Firm,Europe,Professional,16,244576,1173.05,9283,149,1504.89,5,Standard,20,56.4,ACH,5,2,4,1
INST_02879,Bank,North America,Basic,13,1096,1521.0,13849,173,7920.37,10,Standard,1,69.2,ACH,3,7,3,0
INST_02880,Bank,North America,Professional,8,1081,796.46,618,1408,10561.64,9,Standard,5,64.2,ACH,14,32,3,0
INST_02881,Payment Processor,Europe,Enterprise,39,8443,90.1,4247,26,11338.56,10,Standard,2,88.4,Credit Card,5,6,3,0
INST_02882,Bank,Europe,Professional,15,1220,416.79,87793,13,119614.03,9,Standard,11,51.6,ACH,1,21,2,0
INST_02883,Bank,Latin America,Professional,25,1925,316.59,295609,438,5278.28,8,Priority,8,65.1,ACH,9,28,2,0
INST_02884,Bank,North America,Basic,5,584,222.47,5350,59,4261.6,6,Premium,1,93.4,Invoice,2,26,7,1
INST_02885,Payment Processor,Asia Pacific,Basic,18,6231,478.81,28977,10000,50433.81,5,Standard,5,95.3,ACH,9,11,7,0
INST_02886,Credit Union,North America,Professional,9,6351,1015.41,114413,810,4008.51,9,Premium,16,85.0,Wire Transfer,0,17,4,0
INST_02887,Credit Union,North America,Professional,17,1857,232.7,10093,57,18288.66,4,Standard,1,69.8,ACH,1,2,13,0
INST_02888,Insurance Company,North America,Enterprise,36,8709,328.44,60740,1317,6578.65,5,Standard,11,66.1,ACH,3,3,5,0
INST_02889,Insurance Company,Europe,Professional,35,183,302.09,20937,552,19564.31,7,Standard,11,64.3,ACH,2,8,6,0
INST_02890,Bank,North America,Professional,10,1032,1630.51,131347,464,14591.18,7,Priority,3,80.5,Wire Transfer,15,5,8,0
INST_02891,Investment Firm,Europe,Professional,28,2310,296.33,3217,119,2684.72,8,Priority,0,88.9,ACH,6,2,7,0
INST_02892,Insurance Company,Asia Pacific,Basic,68,513,91.72,4201,316,500.0,10,Priority,1,79.6,Wire Transfer,3,9,4,0
INST_02893,Investment Firm,Europe,Enterprise,23,216,61.06,33500,3,500.0,5,Priority,4,77.5,Wire Transfer,17,19,3,0
INST_02894,Bank,Europe,Professional,3,1878,623.45,25445,1588,500.0,13,Premium,4,61.8,ACH,14,7,6,1
INST_02895,Payment Processor,Asia Pacific,Basic,27,8442,161.93,20241,1,4286.41,7,Priority,0,80.6,Credit Card,1,10,4,0
INST_02896,Credit Union,Asia Pacific,Professional,2,20397,900.07,52247,66,500.0,7,Premium,2,49.0,ACH,1,29,7,1
INST_02897,Bank,Europe,Enterprise,49,1311,81.66,5453,8,3866.15,10,Priority,3,70.8,Wire Transfer,8,27,5,0
INST_02898,Credit Union,North America,Enterprise,17,8953,211.31,2823,60,6006.82,10,Standard,11,27.9,ACH,2,1,7,1
INST_02899,Bank,Latin America,Basic,11,7745,81.72,10402,129,17753.53,8,Priority,16,91.2,Wire Transfer,0,2,3,1
INST_02900,Bank,Europe,Enterprise,1,18544,679.62,12302,17,10473.14,9,Standard,6,52.2,ACH,12,33,3,1
INST_02901,Insurance Company,North America,Basic,11,1762,878.85,14391,1,19012.04,3,Standard,2,84.9,Wire Transfer,6,13,10,0
INST_02902,Bank,North America,Basic,56,200,605.68,147793,215,9144.04,5,Standard,8,55.4,Wire Transfer,2,0,3,1
INST_02903,Credit Union,Asia Pacific,Enterprise,1,3311,109.6,69956,6346,3025.06,9,Priority,20,74.9,Credit Card,22,14,5,0
INST_02904,Credit Union,North America,Enterprise,15,651,164.86,49013,78,4192.39,15,Priority,0,62.5,Credit Card,4,27,3,0
INST_02905,Bank,Middle East,Professional,64,1007,534.42,30730,834,1369.96,8,Priority,2,41.6,Credit Card,3,32,3,1
INST_02906,Payment Processor,North America,Professional,12,1897,53.23,11484,2225,6919.71,7,Priority,5,64.4,ACH,3,25,4,0
INST_02907,Bank,Asia Pacific,Enterprise,13,1792,302.06,6118,4,500.0,9,Standard,2,67.6,ACH,2,9,7,0
INST_02908,Bank,North America,Professional,20,3686,2490.62,3656,65,24319.97,6,Standard,13,83.4,Wire Transfer,1,35,4,0
INST_02909,Bank,Europe,Enterprise,14,8558,325.07,7771,14,1170.41,8,Standard,2,94.0,Wire Transfer,17,5,4,1
INST_02910,Bank,Latin America,Professional,4,1717,67.61,20653,34,6190.48,12,Priority,15,45.7,Invoice,10,13,3,1
INST_02911,Bank,Europe,Enterprise,1,5396,194.63,3895,3176,7960.26,4,Standard,12,56.9,Credit Card,1,12,4,0
INST_02912,Insurance Company,Europe,Enterprise,22,3047,189.27,28403,221,28115.73,8,Premium,1,58.6,Credit Card,13,17,6,0
INST_02913,Payment Processor,North America,Basic,60,12127,5262.55,16454,613,500.0,13,Standard,0,42.8,ACH,0,4,5,1
INST_02914,Bank,North America,Enterprise,2,2246,2977.43,12137,137,3016.38,7,Standard,7,80.6,Wire Transfer,1,22,7,0
INST_02915,Investment Firm,North America,Professional,5,2648,969.83,125781,16,11212.36,9,Standard,3,88.4,Wire Transfer,12,22,4,0
INST_02916,Insurance Company,Asia Pacific,Professional,11,1700,267.28,549,503,67966.84,7,Priority,1,70.1,Wire Transfer,0,16,6,0
INST_02917,Insurance Company,North America,Professional,39,2337,1704.04,12387,1414,4636.7,2,Priority,17,58.8,ACH,13,3,3,0
INST_02918,Credit Union,North America,Basic,7,920,103.53,646,262,2015.22,10,Priority,0,75.6,Credit Card,2,27,4,0
INST_02919,Bank,Europe,Professional,51,793,1468.34,31503,357,102794.09,8,Priority,12,44.0,Wire Transfer,0,33,3,0
INST_02920,Bank,Europe,Enterprise,1,9543,1228.52,69097,16,16380.4,8,Standard,5,45.3,ACH,0,12,2,1
INST_02921,Insurance Company,Asia Pacific,Basic,67,587,336.43,2902,529,38578.48,7,Standard,0,75.7,Credit Card,2,8,8,0
INST_02922,Insurance Company,North America,Professional,19,1847,1582.92,3517,1673,800.86,18,Standard,3,56.5,Credit Card,6,34,7,1
INST_02923,Bank,North America,Enterprise,25,13670,235.88,1724,307,10739.61,9,Standard,5,76.8,Wire Transfer,5,5,3,0
INST_02924,Credit Union,Latin America,Professional,11,1756,88.4,24232,5,967.79,11,Standard,1,48.6,Invoice,1,17,11,0
INST_02925,Payment Processor,North America,Professional,36,10333,1304.48,13211,2818,693.97,5,Priority,0,71.6,Invoice,2,24,7,0
INST_02926,Insurance Company,Latin America,Professional,4,1228,364.2,14501,27,11764.24,8,Standard,2,90.0,ACH,1,1,5,1
INST_02927,Payment Processor,Latin America,Professional,1,616,830.59,12683,298,13066.03,12,Premium,5,64.7,Wire Transfer,2,29,5,1
INST_02928,Insurance Company,Asia Pacific,Professional,12,272,3586.97,5113,824,2385.07,15,Standard,10,72.0,ACH,1,24,8,0
INST_02929,Credit Union,North America,Enterprise,46,21355,169.57,120308,1036,42110.65,4,Priority,22,87.9,Invoice,7,26,3,0
INST_02930,Investment Firm,Asia Pacific,Professional,33,541,339.66,33140,5,2825.58,9,Premium,1,70.0,ACH,2,7,4,0
INST_02931,Investment Firm,Asia Pacific,Enterprise,17,9143,2653.31,3725,183,3278.13,7,Standard,0,77.9,ACH,2,9,3,0
INST_02932,Bank,Europe,Professional,20,665,900.07,7701,162,4656.14,6,Premium,28,58.0,Credit Card,4,35,3,0
INST_02933,Credit Union,North America,Professional,3,21505,174.21,5954,1978,3413.82,6,Standard,1,96.3,ACH,1,12,2,1
INST_02934,Insurance Company,North America,Professional,44,81648,128.25,181478,338,33386.04,8,Premium,9,67.6,ACH,2,0,4,1
INST_02935,Bank,North America,Professional,37,237,214.07,64012,2011,1030.13,11,Priority,10,62.1,Credit Card,0,12,3,0
INST_02936,Insurance Company,Europe,Professional,25,585,166.32,18219,392,1585.23,7,Priority,0,63.8,Wire Transfer,0,13,3,0
INST_02937,Investment Firm,Europe,Basic,15,9506,536.37,285167,129,822.94,4,Standard,11,55.2,ACH,3,31,3,1
INST_02938,Payment Processor,North America,Basic,80,6435,443.24,194476,210,82890.49,8,Premium,2,59.4,Credit Card,32,10,6,1
INST_02939,Bank,Europe,Basic,50,9560,564.02,15582,2304,3020.63,10,Standard,11,70.2,Invoice,4,28,7,0
INST_02940,Bank,North America,Basic,24,1260,147.09,11898,14,1551.88,5,Standard,2,67.1,Credit Card,3,3,4,0
INST_02941,Investment Firm,Europe,Professional,11,58764,370.55,12790,758,3194.03,9,Priority,9,48.2,Invoice,1,18,6,0
INST_02942,Bank,Latin America,Basic,23,3558,50.0,5275,47,17563.61,14,Premium,12,51.5,Credit Card,2,14,6,0
INST_02943,Insurance Company,North America,Professional,20,480,480.11,296843,32,13301.71,12,Premium,0,62.1,Wire Transfer,7,11,5,0
INST_02944,Insurance Company,North America,Basic,12,2039,1653.3,4867,936,2073.99,7,Priority,5,53.3,Invoice,3,27,8,1
INST_02945,Bank,North America,Professional,8,490,72.99,81020,30,2698.96,7,Standard,2,57.2,Credit Card,5,21,1,1
INST_02946,Credit Union,Europe,Professional,12,32416,720.62,62057,292,553.79,12,Priority,13,58.9,ACH,2,34,6,0
INST_02947,Credit Union,Asia Pacific,Basic,20,1107,193.79,13942,61,6051.64,6,Standard,4,56.1,Wire Transfer,1,12,4,0
INST_02948,Credit Union,Latin America,Enterprise,13,6239,1056.8,332723,2,33640.17,5,Standard,3,79.4,Wire Transfer,3,4,6,0
INST_02949,Payment Processor,North America,Basic,7,1471,488.03,2124,350,2053.57,11,Priority,1,80.3,Wire Transfer,2,8,1,1
INST_02950,Insurance Company,Middle East,Professional,34,1184,655.66,19544,186,12755.52,11,Priority,2,97.4,ACH,0,24,4,0
INST_02951,Investment Firm,North America,Enterprise,18,169,436.06,10577,4,2052.53,6,Premium,35,59.1,ACH,2,23,7,1
INST_02952,Insurance Company,Europe,Professional,1,7311,1986.24,93049,42,950.06,9,Standard,13,76.3,Wire Transfer,2,22,2,0
INST_02953,Credit Union,North America,Basic,11,20926,612.1,37434,5,13635.33,7,Standard,2,84.3,Invoice,6,25,2,0
INST_02954,Payment Processor,Latin America,Professional,51,754,173.03,1650,553,166287.6,7,Standard,6,86.3,Invoice,2,3,6,1
INST_02955,Investment Firm,Europe,Professional,33,293,454.16,141381,1805,11104.83,9,Priority,43,67.6,Wire Transfer,12,10,2,0
INST_02956,Insurance Company,Asia Pacific,Enterprise,9,9946,259.13,45624,684,2641.8,6,Standard,8,42.7,Wire Transfer,5,20,4,0
INST_02957,Payment Processor,Asia Pacific,Enterprise,66,252,490.23,4659,880,2910.12,10,Priority,2,60.8,ACH,10,15,3,0
INST_02958,Bank,North America,Professional,1,18569,243.78,13036,58,86144.21,7,Priority,0,66.3,Wire Transfer,1,18,5,0
INST_02959,Insurance Company,North America,Enterprise,78,767,179.08,3134,397,7789.02,9,Premium,11,64.6,Wire Transfer,8,7,5,0
INST_02960,Bank,Latin America,Basic,6,569,512.41,17047,146,1557.95,7,Premium,2,55.7,Wire Transfer,0,21,9,0
INST_02961,Bank,North America,Basic,1,4327,431.36,27589,207,4476.79,9,Standard,1,87.6,Wire Transfer,6,12,8,0
INST_02962,Bank,North America,Enterprise,13,628,1446.28,13333,831,6786.64,11,Standard,0,88.8,ACH,2,28,7,0
INST_02963,Payment Processor,Europe,Basic,10,1032,245.19,11207,1231,9935.01,10,Standard,0,81.5,Wire Transfer,1,21,5,1
INST_02964,Payment Processor,Europe,Basic,18,5069,50.0,1960,73,47479.73,9,Priority,0,70.5,ACH,5,35,6,0
INST_02965,Insurance Company,North America,Basic,38,77,260.7,36529,11,33317.82,14,Priority,5,57.3,Credit Card,0,21,5,0
INST_02966,Insurance Company,North America,Professional,44,35018,57.3,1228,105,6616.74,10,Standard,10,83.2,ACH,15,1,6,0
INST_02967,Investment Firm,North America,Professional,12,3182,664.35,23077,100,4618.19,8,Standard,15,52.8,ACH,1,7,4,0
INST_02968,Payment Processor,Europe,Professional,13,428,54.13,1482,247,8901.53,7,Standard,8,89.6,Credit Card,8,9,2,1
INST_02969,Credit Union,Latin America,Basic,3,648,123.22,23759,664,1973.67,3,Standard,0,61.0,Wire Transfer,5,0,7,1
INST_02970,Credit Union,Middle East,Professional,1,13193,261.18,21825,4,21375.78,3,Priority,20,76.8,Invoice,2,33,9,0
INST_02971,Bank,Europe,Enterprise,24,7343,2572.78,40336,44,3622.04,3,Standard,0,83.7,Invoice,6,22,7,0
INST_02972,Insurance Company,North America,Enterprise,1,23865,111.33,80292,26,10263.53,6,Priority,9,84.4,ACH,2,29,6,0
INST_02973,Insurance Company,Latin America,Professional,31,1070,409.48,106019,1410,64207.82,12,Standard,28,66.3,ACH,5,21,2,0
INST_02974,Credit Union,Europe,Enterprise,18,4651,809.14,1968,101,11262.23,2,Priority,15,76.5,Credit Card,0,30,2,0
INST_02975,Bank,North America,Professional,5,5652,2394.36,20184,58,6946.93,9,Priority,8,83.9,Invoice,15,22,7,0
INST_02976,Insurance Company,Latin America,Basic,18,8458,1025.93,449733,391,2261.81,8,Standard,5,79.7,Credit Card,0,2,3,1
INST_02977,Bank,Asia Pacific,Basic,4,16170,1499.2,26334,51,4371.62,6,Priority,53,73.4,Wire Transfer,3,1,6,1
INST_02978,Insurance Company,Asia Pacific,Basic,13,1016,1138.16,6329,144,894.2,8,Standard,6,67.2,Credit Card,1,15,7,1
INST_02979,Payment Processor,Asia Pacific,Professional,38,2511,94.54,19544,3886,10935.83,3,Standard,12,75.6,Invoice,2,23,1,0
INST_02980,Credit Union,North America,Basic,14,1193,621.19,12388,3697,500.0,8,Priority,1,80.1,ACH,2,30,4,0
INST_02981,Bank,North America,Professional,3,2754,1116.99,3771,71,21006.98,9,Standard,7,91.6,ACH,19,32,6,0
INST_02982,Insurance Company,Asia Pacific,Basic,30,8498,128.02,81117,106,14728.29,9,Standard,0,70.4,Wire Transfer,0,29,9,0
INST_02983,Insurance Company,North America,Enterprise,4,249,201.2,52919,48,5694.6,2,Priority,11,76.5,ACH,0,3,3,1
INST_02984,Credit Union,Europe,Professional,32,15741,153.88,2975,4,2209.4,9,Standard,3,79.2,ACH,17,27,4,1
INST_02985,Payment Processor,Asia Pacific,Enterprise,15,539,1019.58,19150,958,4796.35,8,Priority,2,93.4,ACH,0,12,3,0
INST_02986,Bank,Asia Pacific,Enterprise,14,1879,371.25,9417,10000,500.0,13,Premium,2,91.9,Credit Card,0,30,6,0
INST_02987,Credit Union,Europe,Basic,45,19262,274.51,1993,66,16910.68,8,Standard,27,73.5,Wire Transfer,3,29,5,0
INST_02988,Insurance Company,Asia Pacific,Professional,29,4875,86.66,2637,34,3843.98,3,Priority,14,51.5,ACH,1,23,12,0
INST_02989,Payment Processor,Asia Pacific,Basic,1,4960,372.09,3297,90,47707.64,9,Standard,10,66.9,Invoice,1,32,3,1
INST_02990,Bank,Asia Pacific,Enterprise,8,507,204.16,20178,172,8848.34,10,Priority,4,67.9,ACH,8,19,7,0
INST_02991,Insurance Company,North America,Professional,49,622,540.24,11081,19,6954.54,11,Standard,3,62.9,ACH,1,8,3,0
INST_02992,Investment Firm,North America,Basic,1,12232,102.35,5225,65,8968.04,10,Priority,6,35.3,Wire Transfer,1,23,8,1
INST_02993,Credit Union,North America,Basic,18,1231,499.44,12236,922,1137.67,12,Standard,5,85.9,Wire Transfer,5,6,2,0
INST_02994,Bank,North America,Professional,31,1418,238.24,67595,186,2498.66,6,Standard,15,93.7,Credit Card,22,27,6,0
INST_02995,Payment Processor,North America,Enterprise,23,12656,90.09,37610,1460,5999.45,6,Priority,25,77.0,Invoice,3,31,4,0
INST_02996,Bank,North America,Professional,34,617,82.04,98992,286,3121.76,7,Priority,18,37.3,Credit Card,5,23,8,1
INST_02997,Bank,Europe,Enterprise,31,4464,98.26,15639,20,2069.85,6,Standard,10,88.0,ACH,3,17,4,0
INST_02998,Bank,Latin America,Professional,28,3179,314.92,243734,52,3217.65,7,Standard,3,53.6,ACH,0,34,2,0
INST_02999,Payment Processor,North America,Basic,41,2968,466.47,37127,232,5251.11,6,Priority,10,84.4,ACH,2,28,3,0
INST_03000,Investment Firm,Asia Pacific,Enterprise,24,1369,557.68,10578,19,159231.34,7,Standard,10,69.4,Wire Transfer,4,16,3,0
INST_03001,Insurance Company,Asia Pacific,Basic,12,1249,583.51,25321,15,3016.68,10,Standard,1,83.0,ACH,0,19,5,0
INST_03002,Bank,North America,Enterprise,15,591,162.35,3387,17,1779.09,7,Priority,11,65.8,Wire Transfer,0,25,5,1
INST_03003,Investment Firm,Latin America,Professional,30,6148,1436.67,13914,375,3908.49,12,Standard,17,80.0,Credit Card,8,15,4,0
INST_03004,Investment Firm,Europe,Basic,50,1094,237.3,41980,76,46741.72,11,Priority,9,87.1,Credit Card,0,14,5,0
INST_03005,Insurance Company,North America,Professional,7,12747,692.41,55133,1246,52033.22,9,Standard,7,95.7,Credit Card,0,31,4,0
INST_03006,Payment Processor,Asia Pacific,Enterprise,10,2128,331.3,11905,29,91459.1,10,Standard,1,77.8,ACH,1,13,8,0
INST_03007,Bank,North America,Enterprise,64,609,633.17,1330194,1,5385.49,11,Priority,7,68.7,ACH,0,35,4,0
INST_03008,Investment Firm,Asia Pacific,Basic,20,2086,311.94,17012,117,12866.58,6,Standard,6,54.0,Wire Transfer,7,12,10,0
INST_03009,Bank,North America,Basic,4,1609,647.01,1776,2880,1017.36,6,Priority,3,95.9,Credit Card,3,27,3,0
INST_03010,Credit Union,Asia Pacific,Professional,26,13543,399.87,135930,157,2892.39,4,Standard,0,50.7,Invoice,1,18,6,0
INST_03011,Bank,Europe,Professional,112,1713,1071.28,54758,12,922.76,3,Standard,3,67.4,Wire Transfer,0,2,3,1
INST_03012,Bank,Europe,Professional,41,1969,151.05,31180,7,9995.48,18,Standard,17,67.1,Credit Card,4,28,9,0
INST_03013,Credit Union,North America,Basic,32,24768,50.0,10966,1282,5206.27,4,Priority,10,76.6,Credit Card,4,29,2,0
INST_03014,Investment Firm,Asia Pacific,Enterprise,5,6389,125.46,39736,34,6900.05,5,Standard,3,55.3,ACH,5,26,4,0
INST_03015,Bank,Asia Pacific,Professional,50,36100,1454.91,249827,2380,1381.17,2,Standard,1,66.1,Wire Transfer,7,33,6,0
INST_03016,Insurance Company,Europe,Enterprise,17,19703,335.13,29805,481,17606.63,6,Premium,4,37.6,Wire Transfer,17,2,3,1
INST_03017,Credit Union,Europe,Professional,52,787,450.55,2428,37,500.0,10,Priority,9,58.3,Wire Transfer,9,11,1,0
INST_03018,Bank,Europe,Professional,9,13159,113.94,123,1212,3367.61,11,Priority,8,87.0,Credit Card,1,35,5,0
INST_03019,Insurance Company,Latin America,Enterprise,1,29376,436.45,39215,28,4188.23,6,Standard,15,93.7,Credit Card,0,18,2,0
INST_03020,Bank,Europe,Professional,15,29709,118.23,5019,10,500.0,7,Priority,2,49.1,Invoice,0,9,5,0
INST_03021,Credit Union,Asia Pacific,Enterprise,7,13123,141.04,18966,31,8744.61,9,Priority,4,62.1,ACH,9,13,7,0
INST_03022,Investment Firm,Asia Pacific,Enterprise,30,12724,248.89,6544,592,3789.93,13,Standard,2,74.5,Credit Card,7,33,5,0
INST_03023,Bank,Europe,Professional,75,1893,688.23,5876,1150,11403.5,7,Standard,10,79.7,Credit Card,0,25,7,0
INST_03024,Bank,North America,Professional,28,848,782.28,6988,72,98690.39,10,Standard,3,69.7,Invoice,6,4,2,0
INST_03025,Credit Union,Europe,Basic,52,1757,808.24,8003,5,7997.91,10,Premium,3,61.8,Credit Card,6,9,3,0
INST_03026,Payment Processor,Asia Pacific,Basic,14,245,60.0,70569,9,21141.47,11,Priority,11,76.6,Credit Card,8,3,6,1
INST_03027,Investment Firm,North America,Basic,35,22341,400.22,52076,21,39004.4,8,Priority,9,85.4,Invoice,5,31,9,0
INST_03028,Investment Firm,Europe,Basic,44,1948,318.58,3597,14,10280.87,6,Standard,4,58.0,Credit Card,3,13,4,1
INST_03029,Investment Firm,Asia Pacific,Basic,29,20681,64.16,4413,239,1341.02,10,Premium,3,94.4,ACH,1,35,5,0
INST_03030,Bank,North America,Professional,17,470,411.24,38897,4859,500.0,7,Standard,8,96.2,ACH,0,35,9,1
INST_03031,Credit Union,Europe,Professional,23,15122,298.71,106804,621,8617.65,6,Standard,19,77.4,Wire Transfer,0,23,3,0
INST_03032,Insurance Company,North America,Professional,28,1418,745.33,104371,19,2696.24,4,Priority,3,64.1,Invoice,2,24,11,0
INST_03033,Bank,North America,Basic,7,434,444.74,4893,42,33705.0,6,Priority,0,67.7,Invoice,0,17,5,1
INST_03034,Bank,Asia Pacific,Basic,39,34223,208.68,97145,60,2409.84,6,Standard,14,41.4,Wire Transfer,0,15,11,0
INST_03035,Bank,North America,Professional,72,15692,1225.27,1533,299,4810.42,4,Standard,1,86.1,Credit Card,3,13,13,0
INST_03036,Credit Union,North America,Professional,15,4095,50.0,16247,2510,863.92,9,Premium,16,69.6,Credit Card,26,33,7,0
INST_03037,Payment Processor,Latin America,Professional,28,3136,373.49,45731,63,2934.38,3,Priority,12,41.1,Invoice,18,14,4,0
INST_03038,Bank,North America,Professional,32,5763,50.0,974,2367,1194.82,6,Standard,7,94.3,ACH,7,34,5,0
INST_03039,Credit Union,Middle East,Enterprise,26,3991,135.01,508532,6548,1370.2,2,Standard,13,83.6,ACH,1,28,8,0
INST_03040,Bank,Middle East,Professional,19,908,757.31,161142,79,4540.44,5,Standard,2,68.3,Invoice,7,8,4,1
INST_03041,Payment Processor,North America,Professional,51,1606,87.44,58133,75,1977.57,10,Priority,13,54.1,Wire Transfer,5,12,6,1
INST_03042,Bank,North America,Enterprise,14,56448,73.08,5179,77,253687.2,13,Standard,5,90.6,Credit Card,1,5,1,0
INST_03043,Credit Union,Asia Pacific,Enterprise,1,164100,7032.76,19887,166,17220.25,12,Premium,1,68.2,ACH,0,5,8,0
INST_03044,Insurance Company,Europe,Professional,44,31070,78.95,72087,77,25008.22,13,Standard,2,55.5,Invoice,3,19,4,0
INST_03045,Insurance Company,North America,Professional,26,6107,2923.76,4088,728,4161.62,6,Standard,10,83.7,Wire Transfer,4,9,4,0
INST_03046,Credit Union,Asia Pacific,Basic,45,1796,328.11,16802,9,5759.63,11,Standard,12,85.1,Credit Card,4,34,3,0
INST_03047,Bank,North America,Professional,3,900,214.91,86299,56,2580.17,10,Priority,14,65.5,Invoice,1,13,3,1
INST_03048,Credit Union,Latin America,Enterprise,1,993,796.43,2340,268,251845.57,8,Priority,1,71.8,ACH,6,1,4,1
INST_03049,Bank,North America,Professional,65,1299,2006.03,36266,710,4174.31,8,Standard,16,56.6,Wire Transfer,5,4,6,0
INST_03050,Bank,North America,Enterprise,3,75112,101.97,1584,7719,1986.98,9,Standard,4,78.0,ACH,1,13,6,1
INST_03051,Credit Union,North America,Professional,39,44775,218.7,5346,14,1586.04,9,Standard,34,76.3,Wire Transfer,6,18,7,0
INST_03052,Bank,Middle East,Enterprise,41,9130,1114.59,10333,45,8127.63,6,Standard,4,82.8,ACH,6,0,5,1
INST_03053,Bank,Asia Pacific,Professional,29,705,569.98,47587,2,41420.58,12,Standard,2,84.2,Wire Transfer,9,12,2,0
INST_03054,Investment Firm,Asia Pacific,Basic,3,11379,1513.68,7698,20,25095.39,2,Premium,0,74.5,Wire Transfer,2,26,5,0
INST_03055,Payment Processor,North America,Professional,26,2084,748.55,26590,6,1580.52,7,Priority,7,41.8,ACH,13,3,5,0
INST_03056,Investment Firm,North America,Basic,52,117,3532.88,7856,58,1523.22,10,Standard,0,79.5,ACH,16,4,8,1
INST_03057,Bank,North America,Basic,13,4585,499.85,9937,98,31869.44,7,Standard,12,84.1,ACH,6,11,7,0
INST_03058,Bank,Europe,Enterprise,12,843,526.46,143773,345,114929.26,10,Premium,2,87.8,Wire Transfer,5,3,9,0
INST_03059,Payment Processor,Europe,Basic,14,887,593.52,3923,86,3954.05,6,Standard,7,96.8,Wire Transfer,8,13,2,0
INST_03060,Bank,Europe,Professional,2,2047,340.02,68784,345,30029.49,10,Standard,4,93.8,ACH,0,25,5,0
INST_03061,Bank,North America,Basic,53,1411,1116.22,21991,182,545.04,5,Standard,7,55.1,Wire Transfer,7,35,8,0
INST_03062,Investment Firm,Latin America,Basic,48,2831,536.17,9289,23,1386.74,7,Standard,0,61.0,Invoice,2,1,4,1
INST_03063,Investment Firm,North America,Enterprise,120,2634,1038.79,3546,7,1080.96,9,Priority,1,88.8,Wire Transfer,12,20,4,0
INST_03064,Investment Firm,Middle East,Professional,21,178,1253.13,3946,424,9120.87,7,Standard,15,82.6,Wire Transfer,0,8,5,0
INST_03065,Bank,North America,Professional,33,29156,674.62,7273,2874,3757.6,3,Standard,3,69.0,ACH,1,15,6,0
INST_03066,Bank,Europe,Professional,5,681,736.61,17587,10000,7024.36,5,Priority,5,59.7,Credit Card,2,35,5,1
INST_03067,Payment Processor,North America,Professional,26,714,120.01,54462,799,30597.51,7,Premium,4,69.4,ACH,17,35,6,1
INST_03068,Bank,Europe,Enterprise,25,1821,208.42,14039,2045,1845.03,7,Standard,16,87.4,Invoice,4,21,5,0
INST_03069,Investment Firm,Europe,Professional,55,2533,1109.94,15522,340,5658.93,9,Premium,1,47.0,ACH,12,5,5,0
INST_03070,Insurance Company,Europe,Professional,42,26594,2226.88,19419,255,660.57,9,Premium,12,85.6,Wire Transfer,13,18,7,0
INST_03071,Investment Firm,Europe,Enterprise,66,4465,50.0,45033,181,28160.58,4,Standard,0,72.6,Credit Card,0,30,9,0
INST_03072,Bank,Asia Pacific,Basic,48,6972,204.09,57942,122,25453.81,9,Standard,13,84.2,ACH,6,20,7,0
INST_03073,Bank,Asia Pacific,Professional,48,4499,415.03,2750,442,8457.7,10,Priority,16,45.4,ACH,1,25,3,0
INST_03074,Investment Firm,Asia Pacific,Enterprise,1,4218,140.45,14427,58,5883.48,6,Premium,10,83.2,Wire Transfer,2,27,5,0
INST_03075,Payment Processor,North America,Professional,44,4743,150.35,138843,113,2289.93,5,Premium,2,46.9,ACH,0,16,7,0
INST_03076,Payment Processor,Europe,Enterprise,22,164,713.3,3058,17,605.88,11,Standard,0,77.1,Wire Transfer,5,24,10,0
INST_03077,Bank,Europe,Professional,11,2049,2690.95,24623,348,7772.23,8,Standard,4,77.7,ACH,9,4,6,0
INST_03078,Bank,North America,Enterprise,1,17041,50.0,17047,26,15280.02,10,Priority,7,74.8,Wire Transfer,0,13,9,0
INST_03079,Payment Processor,Europe,Enterprise,27,1000000,328.79,9414,157,101626.28,8,Standard,11,76.5,Credit Card,4,18,3,0
INST_03080,Insurance Company,North America,Basic,9,489,703.41,239467,365,2723.51,10,Premium,4,66.6,Invoice,1,26,8,1
INST_03081,Payment Processor,North America,Basic,15,5622,1028.91,23277,426,7370.73,7,Priority,5,81.1,Credit Card,20,16,4,1
INST_03082,Bank,North America,Professional,27,1265,591.67,212504,595,26150.05,8,Standard,19,85.9,ACH,0,34,7,0
INST_03083,Investment Firm,North America,Professional,58,64310,3339.86,22213,101,27358.96,5,Standard,0,66.9,Credit Card,3,10,0,0
INST_03084,Insurance Company,Asia Pacific,Basic,41,391,417.67,43931,355,1931.97,5,Priority,2,51.0,ACH,9,6,5,0
INST_03085,Investment Firm,Asia Pacific,Basic,14,7611,1947.67,9266,61,3233.31,7,Standard,4,60.5,Credit Card,6,7,4,0
INST_03086,Credit Union,Middle East,Professional,11,361,185.74,9422,4,2235.62,9,Premium,7,71.0,ACH,3,13,2,0
INST_03087,Bank,Asia Pacific,Enterprise,6,1848,432.5,40701,385,1270.59,7,Standard,0,80.6,Credit Card,9,19,6,0
INST_03088,Investment Firm,North America,Professional,11,2831,94.14,41837,253,44689.96,10,Priority,14,41.4,ACH,19,11,1,0
INST_03089,Bank,Latin America,Professional,2,14831,1189.2,54013,919,5399.55,6,Priority,2,86.3,Wire Transfer,0,31,4,1
INST_03090,Credit Union,Latin America,Basic,85,592,349.14,38755,141,4396.8,6,Priority,1,54.5,Wire Transfer,0,25,1,0
INST_03091,Payment Processor,Europe,Professional,20,8063,619.79,2967,8,7126.41,10,Priority,6,86.1,Credit Card,8,9,8,0
INST_03092,Credit Union,Europe,Basic,3,3066,276.98,6571,125,5327.53,2,Standard,1,61.0,Wire Transfer,1,27,7,0
INST_03093,Insurance Company,Middle East,Basic,10,4488,815.43,78819,732,3528.17,13,Standard,2,93.3,ACH,10,20,6,0
INST_03094,Bank,Europe,Enterprise,19,12550,649.97,1167,349,1568.17,12,Priority,13,61.6,ACH,2,24,5,1
INST_03095,Investment Firm,Latin America,Enterprise,18,435,122.29,34163,113,51427.11,9,Priority,10,90.7,ACH,1,33,10,0
INST_03096,Payment Processor,North America,Basic,1,10055,131.09,18623,7,2089.32,10,Standard,2,89.3,Invoice,1,8,5,1
INST_03097,Bank,North America,Basic,72,1269,390.21,78776,23,1217.11,11,Standard,3,50.7,ACH,11,33,3,1
INST_03098,Bank,Europe,Professional,7,15426,890.24,41148,350,4355.38,10,Standard,4,93.3,Wire Transfer,6,25,4,0
INST_03099,Credit Union,Europe,Professional,1,4923,3772.43,8135,7,125025.48,8,Priority,5,87.6,ACH,0,7,5,1
INST_03100,Bank,Asia Pacific,Basic,1,2177,580.33,7600,83,1433.16,12,Priority,2,84.8,Wire Transfer,23,32,5,1
INST_03101,Insurance Company,Middle East,Professional,20,1230,1351.59,10054,159,14248.73,5,Priority,5,94.3,ACH,1,15,6,0
INST_03102,Payment Processor,North America,Basic,3,10249,58.24,52580,1176,3396.51,8,Standard,10,96.3,ACH,3,7,2,1
INST_03103,Credit Union,North America,Professional,1,19760,4516.75,696,448,7095.46,4,Priority,8,73.6,Wire Transfer,1,9,7,1
INST_03104,Bank,Asia Pacific,Professional,11,1340,834.49,27891,839,19599.74,11,Standard,21,80.3,Invoice,1,26,8,0
INST_03105,Credit Union,Europe,Professional,23,544,380.12,5857,255,500.0,10,Premium,1,83.7,Credit Card,0,33,3,1
INST_03106,Insurance Company,North America,Professional,2,8444,331.08,29326,32,1281.12,5,Standard,7,79.3,Wire Transfer,5,8,5,0
INST_03107,Bank,Europe,Enterprise,9,339,106.84,36928,49,19187.59,9,Standard,20,70.2,ACH,3,33,6,0
INST_03108,Investment Firm,Asia Pacific,Enterprise,12,420,150.57,1819,27,5688.36,10,Standard,0,87.3,Wire Transfer,5,2,4,0
INST_03109,Investment Firm,Asia Pacific,Basic,4,605,3993.9,15673,429,6753.47,9,Priority,5,52.2,ACH,2,4,4,1
INST_03110,Investment Firm,Europe,Basic,16,1598,123.12,27815,42,14286.57,9,Priority,29,84.1,Wire Transfer,9,13,5,0
INST_03111,Bank,North America,Professional,2,401,120.31,25132,73,1294.13,10,Standard,0,55.0,Invoice,3,21,5,1
INST_03112,Insurance Company,Middle East,Basic,1,162,173.7,18337,154,23923.32,5,Priority,3,91.1,Invoice,16,20,6,1
INST_03113,Bank,Asia Pacific,Professional,17,542,95.79,3528,2847,16809.1,8,Standard,0,80.7,Credit Card,8,1,6,0
INST_03114,Bank,Europe,Professional,6,7814,410.91,4434,484,7026.72,8,Priority,6,77.6,Invoice,3,1,4,1
INST_03115,Payment Processor,North America,Professional,2,442,1490.24,2787,36,9918.9,3,Standard,13,78.9,Wire Transfer,18,23,9,0
INST_03116,Insurance Company,Asia Pacific,Professional,13,1789,193.91,50567,195,28210.81,8,Priority,1,44.4,ACH,1,16,6,0
INST_03117,Bank,North America,Professional,59,55273,77.63,18520,2899,2016.75,12,Premium,1,67.2,Invoice,4,17,7,0
INST_03118,Bank,North America,Enterprise,30,2768,572.63,20381,449,13253.75,10,Standard,5,91.0,ACH,5,1,2,0
INST_03119,Bank,Europe,Basic,40,4983,377.31,1705,8,67274.45,3,Standard,3,87.0,ACH,0,35,5,0
INST_03120,Bank,North America,Professional,49,721,1343.82,20943,28,12847.95,8,Standard,12,94.3,ACH,3,21,6,0
INST_03121,Bank,Europe,Basic,86,76512,233.83,56979,24,3520.68,6,Premium,1,95.1,ACH,0,32,4,0
INST_03122,Bank,North America,Basic,34,1323,295.25,1390,1984,159103.23,8,Standard,17,81.3,Credit Card,5,13,2,0
INST_03123,Credit Union,Asia Pacific,Professional,22,2117,337.16,9866,1424,6948.09,3,Standard,11,66.3,ACH,0,20,6,0
INST_03124,Insurance Company,North America,Basic,10,21495,448.9,2089,48,40050.14,11,Priority,0,53.6,Invoice,7,15,4,0
INST_03125,Investment Firm,North America,Basic,4,2269,251.87,11726,46,2611.56,9,Priority,2,82.6,Wire Transfer,4,4,3,0
INST_03126,Investment Firm,North America,Basic,27,3202,207.35,5701,160,24384.52,9,Priority,17,55.7,Wire Transfer,0,15,5,0
INST_03127,Bank,Latin America,Professional,120,1953,50.0,39001,169,2165.4,7,Priority,13,53.4,Wire Transfer,4,8,6,0
INST_03128,Payment Processor,Latin America,Professional,15,1973,204.7,28391,26,7983.05,6,Premium,4,70.3,ACH,0,9,6,0
INST_03129,Insurance Company,North America,Basic,30,5196,951.72,152856,94,1978.1,13,Standard,5,86.4,Invoice,0,27,6,0
INST_03130,Insurance Company,Asia Pacific,Professional,16,6832,1119.12,20310,10,85112.91,11,Standard,0,55.1,Wire Transfer,1,12,10,0
INST_03131,Insurance Company,Europe,Basic,13,1135,229.22,36597,1465,3527.35,7,Premium,11,83.3,Invoice,2,26,6,0
INST_03132,Payment Processor,Middle East,Professional,12,944,1918.66,9541,6,932.72,7,Premium,0,72.3,ACH,0,35,7,0
INST_03133,Credit Union,North America,Professional,16,1195,389.77,4210,6,5668.49,5,Standard,7,96.7,Credit Card,7,11,4,0
INST_03134,Bank,Asia Pacific,Professional,10,364,81.01,77044,324,10999.91,7,Standard,0,89.3,ACH,0,8,5,0
INST_03135,Investment Firm,North America,Enterprise,33,274,55.54,142184,16,4722.52,7,Standard,3,74.0,Wire Transfer,0,27,2,0
INST_03136,Insurance Company,North America,Enterprise,49,4655,1740.47,63480,60,1451.02,9,Priority,3,74.3,ACH,0,20,5,0
INST_03137,Insurance Company,Middle East,Basic,51,12184,257.85,26818,166,23294.56,6,Priority,3,79.7,ACH,4,28,2,0
INST_03138,Credit Union,Europe,Enterprise,6,11010,93.98,5109,500,32492.68,9,Standard,6,65.2,Credit Card,4,5,4,0
INST_03139,Bank,North America,Basic,54,83,50.0,122081,99,500.0,12,Standard,1,62.9,Wire Transfer,1,23,10,0
INST_03140,Credit Union,North America,Enterprise,10,2064,250.92,52536,3650,1318.78,7,Standard,1,68.9,Wire Transfer,1,25,5,0
INST_03141,Payment Processor,Asia Pacific,Basic,8,570,655.7,459235,148,3869.41,11,Standard,0,65.5,ACH,7,4,4,0
INST_03142,Investment Firm,Europe,Professional,31,3698,174.65,3898,1265,2216.34,7,Standard,7,85.2,Credit Card,11,5,3,0
INST_03143,Credit Union,North America,Basic,8,1592,113.99,80326,245,10817.62,7,Standard,0,78.3,Credit Card,1,33,6,1
INST_03144,Bank,Middle East,Basic,1,7243,208.67,50194,6878,77591.71,7,Standard,7,67.0,Wire Transfer,2,6,7,1
INST_03145,Credit Union,North America,Professional,11,2896,1793.33,13186,997,2775.62,8,Standard,25,55.2,Wire Transfer,0,24,4,0
INST_03146,Payment Processor,North America,Enterprise,30,173,75.82,170374,160,52317.35,7,Standard,15,63.9,Credit Card,9,19,5,0
INST_03147,Investment Firm,Latin America,Professional,9,698,186.79,40276,460,543.21,6,Priority,2,84.9,Wire Transfer,5,29,10,1
INST_03148,Insurance Company,North America,Professional,23,3006,1724.87,5402,92,9737.33,6,Priority,1,92.6,ACH,0,1,9,0
INST_03149,Credit Union,North America,Professional,25,3412,729.98,18443,91,2014.11,4,Priority,22,83.2,Credit Card,4,0,7,1
INST_03150,Investment Firm,Europe,Basic,31,361,500.17,5306,14,10057.61,10,Priority,4,73.2,Wire Transfer,0,27,6,1
INST_03151,Bank,Asia Pacific,Basic,54,297,185.28,10907,34,500.0,4,Priority,3,76.3,ACH,6,31,8,1
INST_03152,Insurance Company,North America,Basic,13,3243,418.47,63306,6061,714.74,10,Standard,0,79.5,Credit Card,0,22,4,0
INST_03153,Credit Union,Latin America,Professional,4,363,211.58,97140,16,10026.32,11,Standard,1,84.6,ACH,3,13,5,1
INST_03154,Credit Union,Asia Pacific,Basic,9,243,143.85,30693,45,1910.27,7,Premium,9,74.6,Wire Transfer,6,15,3,1
INST_03155,Investment Firm,North America,Basic,13,1528,110.38,7150,125,3026.99,9,Standard,1,63.1,Wire Transfer,1,27,4,0
INST_03156,Payment Processor,Asia Pacific,Basic,30,1432,1033.72,39042,133,77221.08,6,Standard,1,79.9,Wire Transfer,0,18,3,0
INST_03157,Bank,North America,Basic,1,798,375.22,65192,296,6041.2,10,Standard,2,33.0,Credit Card,7,24,7,0
INST_03158,Insurance Company,Europe,Enterprise,9,1037,588.41,1143,63,19001.53,10,Premium,17,90.4,ACH,6,34,3,0
INST_03159,Bank,Asia Pacific,Basic,36,3043,483.96,26231,330,1573.55,8,Standard,6,57.1,Wire Transfer,2,9,6,1
INST_03160,Credit Union,Middle East,Professional,26,1012,684.78,16559,1160,657.34,7,Standard,10,62.9,ACH,1,5,4,0
INST_03161,Bank,North America,Professional,31,3314,297.18,92094,1450,4354.2,8,Priority,8,80.7,ACH,12,30,6,0
INST_03162,Bank,Europe,Professional,40,1684,226.33,39282,91,525.47,5,Premium,20,63.9,ACH,5,25,6,0
INST_03163,Credit Union,Europe,Basic,36,3833,151.66,45548,446,1723.51,10,Standard,8,92.7,Credit Card,3,17,9,0
INST_03164,Bank,North America,Professional,27,11128,73.94,10690,18,7020.79,4,Standard,0,93.9,Wire Transfer,1,20,2,0
INST_03165,Credit Union,North America,Basic,13,10497,104.96,22081,40,4159.33,9,Premium,1,78.5,ACH,2,32,6,0
INST_03166,Payment Processor,North America,Professional,98,20584,260.21,90719,17,8117.51,10,Standard,8,85.7,Credit Card,2,34,7,0
INST_03167,Bank,Asia Pacific,Basic,20,10479,58.93,19983,136,12094.16,9,Standard,1,43.1,Credit Card,15,0,4,1
INST_03168,Insurance Company,Europe,Professional,5,4263,76.8,28624,31,817.63,9,Standard,12,91.2,Credit Card,0,26,5,1
INST_03169,Credit Union,North America,Professional,8,1555,1408.9,2199,9,1196.43,15,Priority,14,48.7,ACH,2,35,5,0
INST_03170,Investment Firm,Asia Pacific,Professional,28,1666,527.96,19874,74,500.0,4,Standard,3,38.8,Wire Transfer,0,6,2,0
INST_03171,Bank,Asia Pacific,Professional,62,798,234.58,1077,6,2819.22,6,Priority,3,77.5,Invoice,3,6,8,0
INST_03172,Bank,Europe,Professional,4,3001,6160.35,10155,1618,14840.78,5,Priority,0,76.4,ACH,9,4,3,0
INST_03173,Bank,North America,Enterprise,2,8485,55.82,24228,54,46023.86,7,Priority,19,81.9,Credit Card,17,15,7,0
INST_03174,Bank,Europe,Basic,51,1003,1300.8,69601,874,6540.2,6,Priority,4,63.7,Invoice,1,28,4,0
INST_03175,Bank,North America,Professional,59,2819,352.92,4920,61,38555.09,7,Premium,8,91.6,Wire Transfer,1,19,4,0
INST_03176,Investment Firm,North America,Professional,7,1079,1034.9,38581,17,8740.66,7,Priority,1,77.6,ACH,4,13,1,1
INST_03177,Payment Processor,Asia Pacific,Professional,11,4080,459.78,199334,1231,5774.31,12,Standard,5,76.9,Wire Transfer,1,20,5,1
INST_03178,Insurance Company,North America,Basic,25,1307,50.0,8424,174,1964.64,4,Standard,10,90.6,Invoice,0,12,4,0
INST_03179,Investment Firm,North America,Professional,9,983,452.39,2163,4431,500.0,7,Priority,6,41.3,ACH,1,18,8,1
INST_03180,Bank,North America,Basic,50,1074,603.45,34021,64,30785.04,11,Priority,3,80.9,Wire Transfer,0,16,2,0
INST_03181,Bank,North America,Basic,2,6342,50.0,3684,66,4537.64,12,Priority,6,92.4,ACH,10,32,4,0
INST_03182,Bank,North America,Basic,1,2578,4158.28,6447,905,39436.41,7,Premium,37,59.1,Credit Card,2,19,8,1
INST_03183,Bank,Middle East,Basic,5,1567,586.08,87992,917,1182.69,8,Standard,8,83.8,ACH,7,23,4,0
INST_03184,Credit Union,North America,Professional,8,4412,903.6,367819,195,187818.31,10,Standard,4,69.8,Wire Transfer,5,10,5,0
INST_03185,Credit Union,North America,Enterprise,2,1600,99.62,4909,10000,3384.02,5,Premium,13,56.9,ACH,1,13,5,0
INST_03186,Credit Union,North America,Basic,1,16151,924.03,7287,89,1740.13,7,Standard,4,62.7,Invoice,2,35,8,1
INST_03187,Credit Union,Latin America,Enterprise,33,691,1491.3,11386,15,3562.5,10,Standard,4,98.0,Credit Card,2,21,6,0
INST_03188,Insurance Company,Europe,Enterprise,4,2251,546.91,9684,24,6346.66,6,Priority,5,27.3,Credit Card,5,10,2,1
INST_03189,Insurance Company,North America,Enterprise,58,362,398.92,400287,90,4425.54,5,Priority,2,90.4,ACH,13,2,6,1
INST_03190,Bank,Latin America,Enterprise,11,1771,138.06,9938,2284,2268.8,12,Priority,0,83.5,ACH,1,21,2,0
INST_03191,Payment Processor,North America,Professional,26,239,311.24,12312,106,500.0,11,Premium,3,70.8,ACH,2,2,5,1
INST_03192,Payment Processor,North America,Basic,6,9131,218.23,248765,2487,1470.72,7,Standard,9,44.3,Credit Card,1,5,2,0
INST_03193,Bank,North America,Professional,6,9412,801.43,52313,324,24628.35,4,Standard,4,65.2,ACH,8,7,2,0
INST_03194,Credit Union,North America,Professional,20,9664,145.5,96649,1043,1313.45,12,Premium,13,40.7,Invoice,6,23,6,0
INST_03195,Credit Union,North America,Enterprise,19,3112,794.4,5658,297,500.0,7,Standard,1,50.2,Wire Transfer,8,14,4,1
INST_03196,Payment Processor,Asia Pacific,Enterprise,35,796,147.41,9944,293,1009.04,3,Priority,1,71.0,Wire Transfer,7,26,2,0
INST_03197,Payment Processor,North America,Professional,34,897,294.47,4630,575,4302.84,9,Standard,7,85.4,ACH,0,7,5,0
INST_03198,Bank,Europe,Professional,26,29591,844.93,73268,53,1573.67,9,Priority,11,75.4,ACH,1,31,4,0
INST_03199,Credit Union,North America,Basic,14,25681,173.37,138394,54,3230.02,11,Premium,8,81.0,ACH,2,7,5,0
INST_03200,Investment Firm,North America,Basic,53,3582,880.64,8958,278,1483.74,7,Standard,4,56.5,Invoice,8,1,4,0
INST_03201,Credit Union,Europe,Professional,23,1375,783.36,12754,4885,22350.77,13,Standard,15,44.0,ACH,9,16,2,0
INST_03202,Bank,Latin America,Professional,111,23223,291.45,13619,9,10262.73,10,Premium,7,67.0,Wire Transfer,3,4,7,0
INST_03203,Payment Processor,North America,Enterprise,41,1051,1626.43,2162,3,136890.87,10,Priority,12,87.0,ACH,21,15,4,0
INST_03204,Investment Firm,Asia Pacific,Professional,1,4201,442.9,8016,92,2772.26,7,Standard,16,87.8,Wire Transfer,3,34,6,0
INST_03205,Insurance Company,North America,Enterprise,9,22650,1514.34,70255,949,3205.69,11,Standard,5,68.6,Invoice,3,28,8,0
INST_03206,Payment Processor,North America,Professional,20,850,3470.86,5924,162,29005.86,5,Standard,6,92.5,Credit Card,3,16,7,0
INST_03207,Insurance Company,North America,Enterprise,30,10340,302.0,25323,18,8835.32,12,Premium,7,67.2,ACH,6,26,6,0
INST_03208,Credit Union,North America,Basic,19,6508,874.76,3096,171,1197.2,5,Standard,25,82.8,Credit Card,2,15,7,1
INST_03209,Investment Firm,North America,Enterprise,37,2809,187.71,17747,6,11323.46,10,Priority,11,78.3,Credit Card,11,0,5,1
INST_03210,Bank,North America,Professional,7,671,116.82,9461,460,8908.79,9,Standard,0,78.5,Wire Transfer,3,28,4,0
INST_03211,Investment Firm,Asia Pacific,Basic,4,1005,319.08,3524,85,500.0,4,Standard,3,87.0,ACH,2,27,5,1
INST_03212,Bank,North America,Basic,1,4601,78.64,72083,128,1850.17,5,Priority,14,63.4,Wire Transfer,1,33,2,1
INST_03213,Investment Firm,Europe,Enterprise,20,352,130.96,78428,320,6538.61,12,Standard,0,86.2,Wire Transfer,2,4,5,0
INST_03214,Bank,North America,Basic,28,3626,820.34,5144,214,43019.96,4,Standard,6,76.8,Wire Transfer,5,29,5,0
INST_03215,Bank,Europe,Professional,9,6711,217.81,15926,56,14002.59,11,Priority,20,57.6,ACH,18,29,3,1
INST_03216,Bank,Europe,Professional,22,13066,946.35,23540,953,2108.92,10,Standard,2,69.8,Invoice,4,13,6,0
INST_03217,Bank,North America,Professional,1,365,577.84,1447,622,1698.83,9,Priority,8,81.7,Invoice,3,14,6,1
INST_03218,Insurance Company,North America,Enterprise,2,21469,3719.65,2709,6,16262.22,8,Priority,2,75.5,Wire Transfer,1,15,7,0
INST_03219,Insurance Company,Asia Pacific,Professional,29,37912,756.88,151664,98,500.0,6,Priority,7,43.5,Credit Card,12,12,7,0
INST_03220,Credit Union,Latin America,Professional,11,5515,1536.19,4457,21,1463.56,9,Standard,19,41.6,Credit Card,4,20,2,1
INST_03221,Bank,North America,Enterprise,26,628,653.45,145404,15,40699.13,12,Standard,3,64.2,ACH,9,18,6,0
INST_03222,Bank,North America,Professional,42,1822,586.21,2927,388,7671.18,11,Priority,22,95.3,ACH,0,20,4,0
INST_03223,Bank,Latin America,Enterprise,45,2775,1632.19,59174,69,1575.0,5,Premium,3,74.0,Credit Card,7,21,1,1
INST_03224,Bank,North America,Professional,4,4472,900.15,13808,114,809.87,6,Priority,3,96.8,Wire Transfer,1,24,10,0
INST_03225,Payment Processor,Europe,Basic,15,3080,519.09,17049,44,17319.74,14,Priority,10,82.6,ACH,15,10,4,0
INST_03226,Bank,North America,Professional,31,4544,516.35,356433,288,5523.22,5,Standard,3,75.6,ACH,0,6,5,0
INST_03227,Credit Union,North America,Professional,35,2601,769.6,3356,503,3540.19,5,Standard,2,77.0,ACH,0,19,10,0
INST_03228,Bank,Europe,Basic,36,4436,180.25,53755,7379,8612.51,5,Priority,1,93.5,Wire Transfer,2,15,4,0
INST_03229,Bank,Europe,Basic,6,1494,171.3,50525,107,6291.14,3,Priority,0,93.8,ACH,1,25,8,1
INST_03230,Credit Union,North America,Basic,5,1794,2231.63,3374845,10,5607.49,7,Standard,12,41.1,Credit Card,21,20,6,1
INST_03231,Investment Firm,Europe,Professional,21,1256,3779.31,4377,59,674.33,8,Premium,4,56.8,Credit Card,4,24,5,0
INST_03232,Bank,Asia Pacific,Enterprise,32,52885,132.34,8612,681,1054.02,12,Premium,7,43.3,Wire Transfer,7,6,5,0
INST_03233,Bank,Europe,Basic,9,26791,180.77,74898,36,15099.56,10,Priority,4,52.1,Credit Card,0,35,5,0
INST_03234,Credit Union,North America,Professional,2,6856,1589.27,16311,10,11369.93,9,Standard,3,71.9,Invoice,26,8,8,1
INST_03235,Bank,Europe,Enterprise,30,21762,765.27,10997,38,8718.3,7,Standard,3,83.6,Wire Transfer,10,14,6,0
INST_03236,Bank,Asia Pacific,Basic,8,9874,908.43,92620,56,2039.03,7,Premium,0,52.0,Credit Card,14,25,1,1
INST_03237,Payment Processor,Asia Pacific,Professional,4,3912,1183.13,14766,21,15487.44,9,Standard,7,75.7,Invoice,1,0,5,1
INST_03238,Investment Firm,Europe,Enterprise,3,311,302.21,5780,219,2818.28,4,Priority,5,37.8,ACH,1,29,6,0
INST_03239,Investment Firm,North America,Enterprise,9,2011,599.42,65467,128,34623.92,17,Premium,0,81.2,Credit Card,10,20,5,0
INST_03240,Credit Union,Asia Pacific,Basic,21,1803,546.01,38674,614,1603.21,8,Standard,6,48.5,Wire Transfer,2,31,4,1
INST_03241,Credit Union,Asia Pacific,Basic,10,544,144.0,13776,66,2235.16,8,Priority,1,85.5,Wire Transfer,0,19,9,1
INST_03242,Credit Union,North America,Basic,1,320,588.81,12830,405,3916.0,7,Standard,1,73.4,Wire Transfer,13,0,7,1
INST_03243,Investment Firm,Europe,Professional,2,6242,1781.57,5583,61,17517.41,9,Priority,26,73.5,Wire Transfer,1,17,3,0
INST_03244,Insurance Company,North America,Professional,8,4850,270.17,65358,19,4662.85,5,Standard,0,74.0,ACH,0,32,2,0
INST_03245,Bank,Asia Pacific,Professional,25,517,484.48,12833,55,5200.57,7,Priority,9,68.0,Wire Transfer,1,9,9,0
INST_03246,Credit Union,North America,Professional,2,973,517.0,6941,8,2731.52,10,Standard,8,39.0,Credit Card,5,11,5,1
INST_03247,Credit Union,Europe,Basic,19,17014,286.69,3202,3710,7347.67,5,Standard,5,63.7,Credit Card,5,1,6,1
INST_03248,Payment Processor,Latin America,Professional,3,799,908.94,39665,191,4420.04,8,Priority,0,79.8,Wire Transfer,1,30,2,1
INST_03249,Investment Firm,Asia Pacific,Professional,5,3851,178.38,10271,35,1515.57,12,Standard,2,29.3,ACH,3,31,5,1
INST_03250,Credit Union,Latin America,Professional,4,2242,1996.55,1075,75,5948.75,10,Priority,1,87.2,ACH,5,5,4,1
INST_03251,Bank,Middle East,Professional,1,6371,855.3,3623,1,6162.35,5,Priority,28,71.2,Credit Card,4,7,8,0
INST_03252,Investment Firm,North America,Professional,26,825,131.09,15515,1962,166825.06,12,Priority,0,97.0,ACH,6,19,8,0
INST_03253,Bank,Europe,Basic,14,3412,3095.21,16182,1645,1965.42,15,Priority,0,91.5,Wire Transfer,2,7,5,1
INST_03254,Bank,Europe,Basic,42,3839,493.6,15285,180,1395.4,13,Premium,1,62.5,ACH,2,7,5,0
INST_03255,Bank,Latin America,Basic,2,4210,169.43,12405,263,7469.26,6,Priority,10,43.7,ACH,0,14,7,0
INST_03256,Investment Firm,North America,Basic,3,3356,1518.48,2407,15,1108.48,6,Standard,13,73.6,Credit Card,11,20,6,1
INST_03257,Bank,Middle East,Professional,8,4998,730.41,5932,17,982.82,12,Standard,8,92.4,Wire Transfer,10,0,3,1
INST_03258,Credit Union,Europe,Basic,34,79830,50.0,130048,6,569.44,7,Priority,3,89.8,ACH,2,31,3,1
INST_03259,Payment Processor,Asia Pacific,Basic,8,138960,214.69,104228,111,1537.85,9,Standard,10,83.5,Credit Card,8,26,3,1
INST_03260,Bank,North America,Professional,12,1142,563.92,52413,1002,1595.86,10,Standard,7,57.9,Credit Card,4,3,1,1
INST_03261,Credit Union,North America,Professional,8,92,50.0,45901,74,717.02,8,Standard,35,56.5,Invoice,1,20,8,1
INST_03262,Credit Union,Asia Pacific,Professional,2,7282,446.79,85573,277,3376.43,8,Priority,4,35.7,ACH,0,4,4,0
INST_03263,Bank,North America,Professional,67,3941,487.64,4100,864,500.0,10,Premium,1,57.2,Credit Card,0,24,6,0
INST_03264,Insurance Company,Asia Pacific,Professional,19,14640,97.5,23141,7,10276.85,8,Standard,0,56.6,Wire Transfer,5,7,5,0
INST_03265,Bank,North America,Enterprise,37,4570,558.23,4103,4113,2131.99,6,Priority,6,98.2,Credit Card,1,8,1,0
INST_03266,Credit Union,Asia Pacific,Basic,25,3254,407.06,4211,1191,2657.99,5,Standard,19,65.7,Wire Transfer,11,30,1,0
INST_03267,Investment Firm,North America,Professional,17,16209,96.59,38257,374,11852.72,6,Priority,10,61.6,Wire Transfer,9,11,3,1
INST_03268,Investment Firm,Europe,Enterprise,2,19993,1216.18,91137,783,8583.66,8,Standard,9,79.0,Invoice,6,30,5,0
INST_03269,Investment Firm,Asia Pacific,Enterprise,24,372,1102.6,16468,852,1910.54,10,Standard,5,85.8,Invoice,4,27,3,0
INST_03270,Bank,North America,Basic,4,875,284.95,261319,251,9678.73,5,Standard,1,59.6,Credit Card,13,11,5,1
INST_03271,Bank,North America,Professional,12,2544,317.89,30262,1940,50178.5,5,Standard,2,53.8,Credit Card,9,24,8,0
INST_03272,Insurance Company,North America,Basic,23,3455,964.41,6869,65,1076.77,7,Standard,2,81.2,ACH,1,0,5,1
INST_03273,Credit Union,Europe,Professional,36,2123,317.1,4315,340,15224.51,8,Priority,7,79.8,ACH,1,20,4,0
INST_03274,Insurance Company,Europe,Professional,27,5717,50.0,101437,1601,925.51,9,Standard,13,51.8,Credit Card,0,29,6,0
INST_03275,Insurance Company,Asia Pacific,Professional,26,13281,723.66,26707,1,28656.6,2,Premium,1,84.4,Credit Card,3,30,4,0
INST_03276,Insurance Company,Europe,Professional,3,39500,152.03,60722,326,1689.37,6,Priority,0,62.4,Credit Card,3,22,4,0
INST_03277,Credit Union,Europe,Professional,10,7103,252.7,408,546,1595.3,7,Standard,5,87.2,Wire Transfer,1,12,4,1
INST_03278,Bank,North America,Professional,1,830,2320.28,31793,6,27551.58,13,Priority,15,87.4,ACH,16,34,2,1
INST_03279,Insurance Company,North America,Enterprise,30,2389,343.51,10222,246,14506.65,5,Priority,22,73.1,Wire Transfer,3,35,5,0
INST_03280,Credit Union,North America,Professional,73,2662,404.27,2722,35,1774.65,7,Priority,4,69.5,Wire Transfer,0,0,2,1
INST_03281,Bank,Middle East,Basic,7,6450,743.67,20049,303,5949.44,13,Priority,2,89.4,Wire Transfer,9,5,4,0
INST_03282,Payment Processor,Latin America,Professional,2,5336,739.82,113291,125,1694.38,11,Premium,10,71.5,ACH,2,35,5,1
INST_03283,Payment Processor,North America,Basic,15,64575,133.88,659569,27,500.0,8,Premium,1,87.3,Wire Transfer,7,35,4,0
INST_03284,Credit Union,Europe,Professional,46,1491,375.27,31673,1093,6528.47,7,Premium,12,78.3,Wire Transfer,2,33,3,0
INST_03285,Bank,Asia Pacific,Enterprise,19,5308,421.32,7602,69,2879.49,13,Premium,14,80.2,Wire Transfer,0,2,5,0
INST_03286,Credit Union,Europe,Enterprise,1,101932,559.16,6944,241,1189.45,14,Priority,2,86.5,Wire Transfer,23,23,6,0
INST_03287,Insurance Company,North America,Professional,87,1239,570.82,93404,1580,34789.56,10,Standard,1,56.4,Credit Card,8,2,7,0
INST_03288,Payment Processor,North America,Basic,42,3706,8999.55,4937,28,1251.34,6,Standard,0,64.0,Invoice,1,17,1,1
INST_03289,Bank,Europe,Basic,3,722,98.39,56029,150,6099.54,11,Priority,6,84.5,Credit Card,9,35,1,1
INST_03290,Bank,Middle East,Professional,61,3371,1307.81,34218,60,24831.48,13,Premium,28,52.4,ACH,8,31,6,0
INST_03291,Payment Processor,Asia Pacific,Basic,14,924,1669.12,28988,90,3347.33,5,Standard,4,80.5,Credit Card,8,4,5,1
INST_03292,Credit Union,North America,Professional,11,14331,728.76,2096,7193,1633.92,9,Premium,2,88.7,Credit Card,1,19,3,0
INST_03293,Credit Union,North America,Basic,14,3718,184.86,12894,337,7681.9,5,Priority,12,68.3,Wire Transfer,0,5,4,1
INST_03294,Payment Processor,Asia Pacific,Professional,43,732,2973.82,2471,260,9735.65,13,Standard,8,90.2,Credit Card,3,5,6,0
INST_03295,Bank,Asia Pacific,Basic,25,10518,50.0,9114,381,18303.38,7,Priority,0,87.7,Wire Transfer,6,4,8,0
INST_03296,Investment Firm,Europe,Enterprise,1,3902,177.7,87178,321,81374.25,13,Premium,2,58.0,ACH,3,3,8,1
INST_03297,Bank,Europe,Professional,75,12446,1645.86,139607,5,2475.17,14,Premium,3,75.5,ACH,2,7,2,0
INST_03298,Credit Union,North America,Professional,3,532,258.75,30361,9266,6593.11,11,Standard,1,54.9,Wire Transfer,3,33,4,1
INST_03299,Insurance Company,Asia Pacific,Basic,32,5183,2740.12,9362,10,732.26,7,Premium,15,73.1,Wire Transfer,15,12,5,0
INST_03300,Credit Union,Asia Pacific,Professional,24,9509,65.75,238505,3356,13353.92,8,Standard,1,57.1,ACH,12,30,5,0
INST_03301,Payment Processor,North America,Basic,4,1579,106.22,9178,451,6474.17,6,Standard,11,95.5,ACH,13,1,4,1
INST_03302,Investment Firm,Asia Pacific,Professional,4,451,213.16,4009,205,3759.22,5,Standard,9,60.8,Credit Card,1,21,2,1
INST_03303,Bank,North America,Enterprise,49,2800,665.73,62612,85,1944.79,9,Standard,0,95.8,Invoice,0,20,5,0
INST_03304,Bank,North America,Professional,13,18810,309.07,43765,10000,2914.23,7,Priority,2,78.5,Credit Card,18,33,6,0
INST_03305,Credit Union,North America,Professional,25,16137,223.97,9760,440,7005.84,14,Standard,5,64.9,Wire Transfer,0,4,2,0
INST_03306,Credit Union,North America,Professional,16,1567,2218.25,25599,153,1153.72,3,Standard,1,83.8,ACH,14,27,4,0
INST_03307,Bank,North America,Enterprise,31,435,2480.3,42754,56,3100.51,11,Standard,11,85.3,ACH,3,28,2,0
INST_03308,Credit Union,Europe,Enterprise,15,1561,245.36,29897,45,5039.27,5,Standard,1,66.8,Credit Card,4,18,7,0
INST_03309,Credit Union,Europe,Professional,8,1476,51.85,43844,162,500.0,4,Premium,1,68.5,Wire Transfer,0,8,7,1
INST_03310,Insurance Company,Europe,Professional,10,5823,50.0,10315,27,1015.42,13,Priority,6,65.0,Credit Card,12,12,4,0
INST_03311,Investment Firm,North America,Professional,47,2546,537.62,48502,504,1826.2,8,Priority,0,79.4,ACH,0,19,5,0
INST_03312,Insurance Company,North America,Basic,15,963,886.38,22614,46,51655.28,6,Standard,34,85.7,Invoice,10,17,10,0
INST_03313,Bank,Europe,Professional,5,15621,435.11,10853,905,1413.62,6,Standard,5,61.4,Credit Card,1,25,6,1
INST_03314,Bank,North America,Professional,65,3679,370.52,15232,870,4520.2,14,Premium,7,90.7,Credit Card,1,9,3,0
INST_03315,Investment Firm,North America,Basic,38,5728,153.63,19018,134,1031.9,9,Premium,2,57.5,ACH,0,10,7,0
INST_03316,Credit Union,Latin America,Basic,1,224,885.34,2519,421,1533.63,10,Standard,21,82.1,Invoice,0,32,8,0
INST_03317,Bank,Asia Pacific,Professional,120,78,3022.45,8476,461,565.94,7,Priority,2,91.8,Wire Transfer,5,26,5,0
INST_03318,Insurance Company,Latin America,Enterprise,28,345,50.0,24278,10,13432.78,10,Standard,0,70.5,ACH,0,12,6,0
INST_03319,Insurance Company,Europe,Professional,4,1449,367.6,2903,3351,672.96,7,Priority,4,75.3,Wire Transfer,8,25,8,1
INST_03320,Credit Union,North America,Professional,6,7076,125.91,8691,93,19158.78,14,Standard,0,55.6,ACH,6,0,8,1
INST_03321,Bank,Asia Pacific,Professional,28,88,67.45,787774,519,9915.41,8,Priority,22,50.8,Wire Transfer,2,12,3,0
INST_03322,Insurance Company,North America,Professional,36,32509,103.96,4048,545,4389.18,5,Standard,4,77.7,Invoice,8,5,6,0
INST_03323,Investment Firm,Europe,Professional,6,3850,636.26,12385,1,20131.46,13,Priority,6,79.1,Credit Card,5,10,5,0
INST_03324,Insurance Company,North America,Professional,7,22935,655.86,6307,45,500000.0,6,Standard,4,85.8,ACH,17,20,6,0
INST_03325,Insurance Company,Asia Pacific,Basic,8,789,2327.02,18484,673,10059.66,9,Standard,1,85.2,Wire Transfer,5,23,7,0
INST_03326,Insurance Company,North America,Professional,21,6347,407.7,6487,166,915.9,14,Standard,1,60.3,Credit Card,4,34,5,0
INST_03327,Credit Union,Latin America,Basic,4,3387,50.0,15292,512,45868.16,7,Standard,23,78.6,Wire Transfer,0,21,6,0
INST_03328,Bank,Latin America,Professional,2,10163,303.14,7496,175,6497.46,4,Priority,2,69.8,ACH,11,10,1,1
INST_03329,Investment Firm,Europe,Enterprise,27,2099,76.43,107225,1356,116621.05,7,Standard,0,65.7,Credit Card,4,28,6,0
INST_03330,Investment Firm,Asia Pacific,Basic,36,6062,94.81,24895,182,2300.6,8,Premium,4,90.6,ACH,3,13,5,0
INST_03331,Insurance Company,Europe,Professional,16,15572,809.71,4892,1926,33621.33,6,Premium,1,90.3,ACH,0,4,2,0
INST_03332,Bank,Asia Pacific,Professional,10,1122,509.29,77745,25,4913.61,9,Priority,8,95.5,Wire Transfer,3,21,4,0
INST_03333,Bank,Europe,Enterprise,13,4287,816.54,5232,117,264366.72,8,Premium,3,88.0,Wire Transfer,4,19,7,0
INST_03334,Payment Processor,Asia Pacific,Professional,11,175,262.7,2108,51,3221.49,8,Priority,18,59.4,Credit Card,6,1,7,1
INST_03335,Insurance Company,Europe,Professional,77,8550,1041.73,21926,298,443522.12,5,Priority,4,91.0,Credit Card,0,6,5,0
INST_03336,Payment Processor,Latin America,Enterprise,35,55937,245.65,384960,89,9506.58,4,Priority,7,89.9,Credit Card,0,5,7,0
INST_03337,Insurance Company,Europe,Professional,5,460,1540.74,1420,98,17508.59,13,Standard,13,84.5,ACH,4,15,2,1
INST_03338,Investment Firm,Europe,Professional,11,2599,610.07,2991,41,62975.35,8,Priority,13,79.7,ACH,9,35,5,0
INST_03339,Investment Firm,Asia Pacific,Professional,18,11167,314.69,68103,64,1507.74,12,Standard,5,82.3,Wire Transfer,5,27,3,0
INST_03340,Payment Processor,Asia Pacific,Enterprise,22,3124,520.36,8404,145,21028.74,10,Premium,11,59.1,ACH,7,11,1,0
INST_03341,Investment Firm,Europe,Basic,15,3818,394.87,55156,3,3168.05,13,Premium,1,52.1,Credit Card,2,34,8,1
INST_03342,Investment Firm,North America,Professional,39,1658,2738.94,6271,2,6165.22,6,Standard,6,81.4,ACH,1,19,8,0
INST_03343,Bank,Europe,Professional,35,1568,541.6,27253,165,5566.89,8,Priority,0,59.7,Wire Transfer,1,30,4,0
INST_03344,Credit Union,Middle East,Professional,16,2617,402.65,301555,1,11598.33,11,Priority,2,88.2,Wire Transfer,1,35,7,0
INST_03345,Insurance Company,Asia Pacific,Professional,46,3173,303.02,3670,104,10886.48,12,Standard,2,75.0,Wire Transfer,12,29,2,0
INST_03346,Bank,Asia Pacific,Professional,33,506,1109.67,102297,75,2073.94,10,Standard,14,73.7,ACH,13,29,3,0
INST_03347,Bank,North America,Basic,36,2699,943.41,61056,393,5927.05,9,Standard,4,70.4,Wire Transfer,4,34,7,0
INST_03348,Bank,Europe,Professional,75,31344,290.44,2359,44,500.0,9,Priority,9,65.0,Credit Card,5,7,7,0
INST_03349,Bank,Europe,Professional,7,1589,100.81,50937,2502,21704.19,10,Priority,4,70.9,Wire Transfer,10,30,9,0
INST_03350,Bank,Asia Pacific,Enterprise,7,465,136.68,24568,683,62374.55,5,Standard,2,88.9,Wire Transfer,1,6,7,0
INST_03351,Credit Union,North America,Basic,52,2375,323.44,25251,9,6541.63,11,Priority,19,50.4,ACH,1,20,6,0
INST_03352,Payment Processor,Latin America,Enterprise,35,1020,2035.94,36489,88,500.0,6,Priority,6,90.3,Credit Card,11,3,3,0
INST_03353,Credit Union,Europe,Professional,62,400,298.8,13022,2319,14979.25,8,Premium,7,86.3,ACH,1,12,10,0
INST_03354,Bank,North America,Basic,1,3672,197.76,24468,42,1562.97,7,Priority,4,72.9,ACH,33,5,6,1
INST_03355,Bank,North America,Professional,23,1027,50.0,31640,134,6460.58,5,Priority,1,76.6,Credit Card,7,29,6,0
INST_03356,Investment Firm,North America,Basic,3,1167,2480.59,67446,1858,13742.71,7,Priority,12,58.8,ACH,10,21,6,1
INST_03357,Credit Union,Europe,Enterprise,16,3752,798.58,2228,56,11155.36,9,Standard,9,85.2,Credit Card,1,7,8,0
INST_03358,Insurance Company,North America,Enterprise,4,298,1048.6,152715,1120,24866.65,6,Standard,3,71.4,Credit Card,9,30,4,0
INST_03359,Investment Firm,North America,Basic,3,218,1279.25,3893,28,6121.55,7,Standard,19,80.0,Credit Card,2,23,1,1
INST_03360,Insurance Company,Asia Pacific,Basic,1,8154,331.07,69040,1,6374.38,5,Standard,2,87.4,Wire Transfer,2,2,8,1
INST_03361,Bank,North America,Professional,23,164,446.53,24814,1354,14841.54,8,Standard,0,80.1,ACH,5,11,7,0
INST_03362,Investment Firm,North America,Professional,10,688,2407.45,3223,326,4415.65,14,Priority,2,78.9,Wire Transfer,15,4,6,1
INST_03363,Bank,Europe,Professional,2,200,500.44,48640,368,1751.36,5,Priority,3,66.8,Invoice,3,3,4,1
INST_03364,Payment Processor,Europe,Professional,9,1437,816.5,5334,20,9682.04,11,Standard,12,64.4,Credit Card,4,24,5,1
INST_03365,Investment Firm,Asia Pacific,Professional,4,5665,1146.72,109446,23,903.89,5,Standard,10,84.7,ACH,11,4,1,0
INST_03366,Bank,Europe,Basic,68,3528,872.64,7583,1177,4353.19,5,Standard,3,84.7,Credit Card,1,5,2,0
INST_03367,Bank,Asia Pacific,Enterprise,9,107775,345.92,2339,229,622.25,9,Standard,8,83.7,ACH,3,28,8,0
INST_03368,Bank,Europe,Enterprise,9,15220,387.35,219864,120,2138.33,9,Standard,1,74.9,ACH,10,33,13,0
INST_03369,Investment Firm,North America,Professional,43,737,1025.74,28911,220,2275.58,6,Standard,15,73.4,ACH,8,9,3,0
INST_03370,Bank,North America,Enterprise,25,494,1023.73,80885,2242,1122.91,5,Standard,0,90.1,Credit Card,0,34,3,0
INST_03371,Investment Firm,Europe,Basic,29,172824,1639.06,6141,546,25611.53,6,Standard,3,34.3,ACH,0,10,2,0
INST_03372,Bank,North America,Basic,24,14674,781.58,1289,63,22629.0,13,Priority,11,90.0,Wire Transfer,10,13,5,0
INST_03373,Investment Firm,Asia Pacific,Professional,70,7215,825.45,271795,11,35278.15,5,Standard,5,60.9,Invoice,1,23,8,0
INST_03374,Insurance Company,Europe,Professional,5,3335,236.16,21815,427,3707.95,7,Priority,11,87.4,Credit Card,2,26,9,0
INST_03375,Insurance Company,North America,Professional,108,4493,200.86,46029,28,2564.68,10,Priority,1,59.3,ACH,5,35,4,0
INST_03376,Insurance Company,North America,Enterprise,42,322,1029.43,58976,17,16405.59,8,Standard,2,84.1,ACH,5,27,4,0
INST_03377,Bank,North America,Enterprise,21,3772,202.55,13318,1585,5958.77,11,Priority,3,81.8,Credit Card,6,15,10,0
INST_03378,Bank,Europe,Professional,26,3317,393.53,30925,713,5915.17,10,Standard,13,56.1,Wire Transfer,0,3,7,0
INST_03379,Investment Firm,Europe,Professional,25,768,2110.81,240609,297,500.0,9,Standard,22,74.7,ACH,4,22,3,0
INST_03380,Credit Union,Europe,Basic,1,1329,1745.3,20980,15,15287.21,9,Priority,0,72.9,Credit Card,3,30,2,0
INST_03381,Credit Union,North America,Basic,5,28933,579.49,90504,3717,12531.02,5,Standard,19,58.4,Wire Transfer,8,29,3,0
INST_03382,Bank,Asia Pacific,Professional,78,2470,282.77,1111,945,4875.0,2,Standard,8,82.5,ACH,0,25,3,0
INST_03383,Bank,Latin America,Professional,18,66619,347.91,118852,85,16710.15,6,Priority,4,72.5,Wire Transfer,6,27,8,0
INST_03384,Bank,North America,Professional,11,218,1142.75,2246,58,12119.28,9,Premium,1,57.2,Credit Card,7,4,6,1
INST_03385,Payment Processor,Europe,Professional,34,1362,386.14,100118,170,1728.44,10,Priority,2,77.7,Credit Card,21,4,6,0
INST_03386,Bank,Middle East,Professional,17,292,206.45,39574,62,3534.48,8,Standard,7,57.8,ACH,4,20,6,0
INST_03387,Investment Firm,North America,Basic,1,485,1735.29,19074,7953,1083.9,10,Standard,3,66.3,Credit Card,1,2,8,1
INST_03388,Bank,Europe,Professional,31,860,501.66,18970,74,44062.24,8,Standard,0,84.5,Credit Card,9,6,3,0
INST_03389,Investment Firm,North America,Basic,31,4783,201.8,15076,21,21285.27,7,Standard,23,75.3,ACH,7,26,4,0
INST_03390,Bank,Europe,Basic,4,4448,716.75,6431,2589,1449.72,11,Premium,7,71.8,ACH,0,0,2,1
INST_03391,Payment Processor,North America,Professional,75,1076,1293.96,16171,53,12435.53,9,Standard,10,48.8,Credit Card,7,5,4,0
INST_03392,Payment Processor,Middle East,Basic,6,105,120.4,604458,611,7464.31,12,Priority,7,66.7,Credit Card,5,28,5,0
INST_03393,Bank,Asia Pacific,Enterprise,14,27351,317.18,155353,500,1756.49,5,Priority,8,63.1,Credit Card,1,33,8,0
INST_03394,Payment Processor,Asia Pacific,Basic,2,1941,300.06,5963,133,5922.36,13,Standard,0,75.8,Credit Card,4,9,6,0
INST_03395,Payment Processor,Asia Pacific,Basic,22,558,694.19,32909,25,17811.1,4,Priority,3,60.3,Credit Card,3,18,3,1
INST_03396,Insurance Company,Europe,Professional,11,4502,861.27,25437,136,20128.24,8,Priority,19,63.9,ACH,1,31,3,0
INST_03397,Insurance Company,Europe,Professional,10,4050,208.14,17792,18,162425.63,4,Standard,22,73.3,ACH,3,29,5,0
INST_03398,Bank,Latin America,Basic,42,1837,67.27,4894,142,5661.44,7,Priority,17,51.4,ACH,1,30,4,0
INST_03399,Investment Firm,Middle East,Basic,1,3724,1391.53,42995,596,3440.31,8,Priority,46,81.9,Invoice,0,11,6,1
INST_03400,Bank,Europe,Enterprise,38,527,105.22,78363,3268,11421.02,8,Priority,0,86.8,Wire Transfer,14,10,5,0
INST_03401,Bank,Latin America,Professional,20,9319,558.59,6305,20,3735.2,9,Priority,0,97.7,Invoice,4,26,5,0
INST_03402,Payment Processor,Europe,Professional,102,668,344.34,413872,94,2043.96,5,Priority,18,85.8,Credit Card,8,18,11,0
INST_03403,Bank,Europe,Professional,21,1201,490.26,215993,57,1225.77,7,Priority,0,97.3,ACH,2,31,3,0
INST_03404,Insurance Company,Europe,Basic,1,7888,2926.26,50123,242,500.0,9,Standard,15,76.2,ACH,2,26,3,1
INST_03405,Insurance Company,North America,Professional,1,18141,15458.87,3471,9,14798.18,10,Priority,14,82.6,ACH,3,12,7,0
INST_03406,Payment Processor,North America,Professional,51,32165,56.82,40219,27,500.0,10,Premium,5,49.3,Credit Card,9,29,5,0
INST_03407,Payment Processor,North America,Enterprise,44,14526,1313.81,33623,7,1313.2,6,Priority,14,77.6,Credit Card,14,33,2,0
INST_03408,Bank,Europe,Basic,10,1833,334.46,47559,11,7621.02,14,Premium,8,82.4,Invoice,0,4,6,0
INST_03409,Bank,North America,Enterprise,23,295,1418.6,239353,45,3034.31,7,Priority,1,77.4,ACH,3,19,3,0
INST_03410,Credit Union,Europe,Basic,16,24528,1272.47,16916,3003,123493.76,10,Standard,13,68.8,Invoice,10,20,8,0
INST_03411,Bank,Middle East,Basic,81,23296,2190.08,475318,277,510.88,10,Standard,3,69.2,Credit Card,3,2,3,0
INST_03412,Bank,North America,Basic,71,1087,567.91,40528,166,141221.05,8,Priority,1,84.7,Wire Transfer,2,0,7,1
INST_03413,Credit Union,Europe,Basic,99,11870,138.73,14247,1676,38982.84,9,Premium,26,87.3,Wire Transfer,0,6,11,0
INST_03414,Insurance Company,North America,Enterprise,48,1811,1228.05,805377,296,19218.81,6,Priority,8,72.6,Invoice,2,30,3,0
INST_03415,Investment Firm,North America,Professional,57,28336,464.8,76484,350,42572.69,7,Priority,1,82.2,ACH,6,23,0,0
INST_03416,Bank,Asia Pacific,Basic,5,1377,304.72,11135,63,9017.46,8,Standard,14,61.3,Invoice,5,6,6,0
INST_03417,Investment Firm,Europe,Enterprise,42,57987,227.81,24992,47,500.0,8,Priority,12,92.9,Credit Card,2,21,5,0
INST_03418,Bank,Asia Pacific,Enterprise,29,9693,1349.65,57116,14,10638.95,7,Priority,0,86.1,Credit Card,7,22,5,0
INST_03419,Bank,North America,Professional,78,44192,2762.92,17565,50,533.25,11,Premium,0,82.8,Invoice,4,16,3,0
INST_03420,Insurance Company,Europe,Enterprise,20,1486,96.12,26926,89,2224.88,9,Standard,1,76.5,Credit Card,1,18,5,0
INST_03421,Investment Firm,North America,Basic,2,5472,850.94,6465,276,4371.57,8,Priority,16,87.3,ACH,0,24,5,1
INST_03422,Insurance Company,North America,Enterprise,21,696,258.05,1758,138,1253.14,7,Standard,9,81.3,Invoice,5,32,3,0
INST_03423,Bank,North America,Professional,27,10572,69.36,25838,76,20314.02,15,Standard,16,82.4,Credit Card,0,30,6,0
INST_03424,Insurance Company,North America,Enterprise,5,11482,481.66,27174,28,3566.58,12,Standard,13,83.7,Wire Transfer,1,25,3,0
INST_03425,Investment Firm,North America,Professional,12,108611,148.45,48566,304,9081.21,4,Premium,5,69.1,ACH,1,30,11,0
INST_03426,Investment Firm,North America,Professional,21,6142,60.75,9280,60,4845.86,8,Standard,0,62.0,ACH,14,22,4,0
INST_03427,Investment Firm,Middle East,Professional,11,8832,157.89,2948,280,5938.84,7,Standard,8,84.4,ACH,5,27,4,0
INST_03428,Payment Processor,North America,Basic,11,1471,117.53,5177,4,1299.45,10,Standard,6,56.6,ACH,13,31,8,0
INST_03429,Investment Firm,North America,Professional,3,6714,185.67,107307,271,844.66,7,Priority,1,52.1,ACH,1,31,6,0
INST_03430,Investment Firm,North America,Basic,67,1686,82.18,8103,569,3902.4,4,Standard,18,92.8,Wire Transfer,4,29,8,0
INST_03431,Payment Processor,Europe,Enterprise,33,3546,251.1,11348,452,1153.81,9,Standard,8,77.2,Wire Transfer,5,19,5,0
INST_03432,Insurance Company,North America,Basic,1,3872,171.42,13785,104,39748.75,8,Standard,11,37.3,ACH,15,6,4,0
INST_03433,Credit Union,Latin America,Professional,34,1757,633.17,8700,770,623.5,5,Priority,10,84.2,ACH,3,30,3,0
INST_03434,Insurance Company,Middle East,Professional,32,3276,822.42,7786,15,163652.98,11,Premium,0,46.6,Wire Transfer,5,27,6,0
INST_03435,Credit Union,North America,Enterprise,1,1697,551.24,5962,126,7731.34,4,Priority,2,63.4,Wire Transfer,10,27,4,0
INST_03436,Bank,Europe,Professional,11,1686,304.13,180049,104,5453.38,7,Premium,10,72.8,Wire Transfer,0,4,3,0
INST_03437,Investment Firm,North America,Professional,22,14987,294.44,61092,958,2185.5,7,Premium,6,71.5,Wire Transfer,12,30,5,0
INST_03438,Payment Processor,Europe,Enterprise,14,3878,147.75,143161,3,13165.85,6,Standard,0,33.0,Wire Transfer,1,28,4,0
INST_03439,Payment Processor,Europe,Professional,36,5017,152.08,193689,22,3617.68,5,Premium,3,75.9,ACH,2,14,3,0
INST_03440,Bank,North America,Professional,13,334,938.54,648,3446,7713.38,15,Standard,1,65.5,Credit Card,3,17,4,0
INST_03441,Credit Union,North America,Professional,4,5626,50.0,36871,1,17374.08,9,Priority,9,81.9,Wire Transfer,6,34,5,0
INST_03442,Bank,Asia Pacific,Enterprise,89,6605,366.18,9142,642,13412.79,8,Priority,1,80.4,Invoice,0,1,5,0
INST_03443,Payment Processor,Europe,Professional,6,1640,273.63,117620,42,31564.61,12,Priority,6,75.7,Invoice,5,4,6,0
INST_03444,Payment Processor,North America,Basic,30,68019,827.95,7243,234,11012.23,13,Priority,0,34.8,Wire Transfer,0,29,5,0
INST_03445,Investment Firm,Asia Pacific,Enterprise,3,96,72.97,4531,1890,1179.8,7,Standard,8,85.1,Wire Transfer,2,22,8,0
INST_03446,Insurance Company,Europe,Professional,9,9667,409.52,2562,251,500.0,8,Premium,0,55.8,Invoice,4,1,6,1
INST_03447,Insurance Company,Latin America,Professional,14,8683,608.86,13988,1962,6744.96,2,Standard,0,95.1,Credit Card,0,25,6,0
INST_03448,Investment Firm,North America,Enterprise,5,6716,50.0,86891,61,6892.54,7,Premium,4,83.8,ACH,5,13,2,1
INST_03449,Bank,Asia Pacific,Basic,14,3882,111.14,32346,77,88335.27,8,Premium,0,68.8,Invoice,15,16,6,0
INST_03450,Credit Union,Asia Pacific,Professional,4,6809,361.35,3626,611,4130.85,6,Priority,26,58.4,Invoice,15,8,3,0
INST_03451,Investment Firm,North America,Professional,19,10962,747.68,556258,67,8619.12,6,Priority,2,68.4,Wire Transfer,4,6,4,1
INST_03452,Investment Firm,Asia Pacific,Enterprise,26,1003,502.2,58355,434,15768.42,11,Premium,0,58.0,Wire Transfer,3,15,2,0
INST_03453,Credit Union,Europe,Basic,1,4669,790.4,70693,1249,10615.94,7,Standard,13,80.3,ACH,2,21,2,1
INST_03454,Payment Processor,Latin America,Professional,49,2264,110.47,151379,708,17429.43,14,Priority,0,61.1,Wire Transfer,3,7,2,0
INST_03455,Bank,North America,Enterprise,4,577,59.95,1881,8,1440.41,7,Standard,14,80.0,Credit Card,4,16,3,1
INST_03456,Credit Union,Europe,Basic,6,8740,446.49,5613,80,1136.21,5,Standard,11,43.2,Wire Transfer,2,21,6,1
INST_03457,Investment Firm,North America,Basic,25,1278,92.28,75698,246,3226.52,11,Standard,0,70.0,Credit Card,2,17,5,1
INST_03458,Investment Firm,Middle East,Enterprise,15,315,142.82,6528,95,500.0,4,Priority,0,81.2,Credit Card,1,16,6,0
INST_03459,Investment Firm,North America,Basic,16,1327,1234.89,14581,171,4631.47,13,Standard,9,81.1,Credit Card,5,10,3,0
INST_03460,Bank,Middle East,Enterprise,3,899,506.19,19602,252,1827.36,7,Priority,10,41.8,Wire Transfer,10,4,8,1
INST_03461,Bank,Latin America,Basic,39,13942,204.02,3241,57,7969.05,8,Standard,3,86.9,Invoice,0,34,11,0
INST_03462,Investment Firm,North America,Professional,23,3751,174.58,12820,104,3302.37,9,Standard,14,76.3,ACH,16,32,2,0
INST_03463,Investment Firm,Asia Pacific,Professional,3,23708,849.89,86834,17,1071.54,4,Priority,1,69.3,Credit Card,6,33,5,0
INST_03464,Bank,Middle East,Professional,11,1096,520.28,65787,62,35111.55,7,Priority,6,87.4,Invoice,0,19,4,0
INST_03465,Insurance Company,North America,Professional,39,11061,93.93,116952,9,5562.36,6,Premium,3,82.5,Credit Card,0,9,5,0
INST_03466,Credit Union,Europe,Professional,20,210962,50.0,100189,183,17931.03,4,Priority,2,44.0,Wire Transfer,13,11,4,0
INST_03467,Investment Firm,Europe,Enterprise,2,5084,3859.0,40490,104,6472.2,11,Standard,5,96.2,ACH,5,21,5,0
INST_03468,Insurance Company,North America,Basic,11,10856,93.04,35954,28,9857.55,5,Premium,2,62.5,Wire Transfer,0,25,10,0
INST_03469,Bank,North America,Professional,6,8436,759.94,32208,3690,638.11,7,Standard,1,94.3,ACH,2,23,7,1
INST_03470,Bank,North America,Basic,17,353,2472.12,8599,95,33428.2,4,Premium,5,88.4,Credit Card,10,6,4,0
INST_03471,Insurance Company,North America,Professional,44,7177,481.6,4698,248,18361.7,10,Standard,5,85.6,Wire Transfer,9,32,7,0
INST_03472,Investment Firm,Europe,Basic,13,4720,196.27,7829,47,4777.82,5,Priority,11,99.4,Wire Transfer,1,22,7,0
INST_03473,Investment Firm,North America,Professional,13,2019,72.87,13506,70,7570.41,11,Standard,7,88.4,Credit Card,2,31,4,0
INST_03474,Insurance Company,Latin America,Professional,56,791,71.66,8235,266,22112.73,9,Standard,2,63.0,Wire Transfer,6,22,8,0
INST_03475,Insurance Company,Asia Pacific,Basic,20,8442,633.99,40976,81,2812.98,12,Premium,8,82.1,Wire Transfer,5,14,6,0
INST_03476,Payment Processor,North America,Basic,20,693,2301.17,29817,149,500.0,8,Standard,0,63.4,Credit Card,0,3,5,0
INST_03477,Credit Union,Asia Pacific,Professional,7,73164,251.0,35030,634,2893.16,5,Priority,1,54.3,Wire Transfer,4,10,5,0
INST_03478,Credit Union,Asia Pacific,Professional,22,3537,207.09,37313,58,6176.98,8,Standard,6,75.1,Credit Card,0,6,5,0
INST_03479,Credit Union,Middle East,Enterprise,20,475,931.67,132388,13,4681.34,4,Priority,5,74.5,Wire Transfer,2,34,10,0
INST_03480,Bank,North America,Professional,12,1378,177.13,21745,9,35466.69,4,Standard,5,79.9,Wire Transfer,3,14,2,0
INST_03481,Investment Firm,North America,Basic,112,1964,560.81,99962,1976,1164.62,3,Priority,7,79.0,ACH,0,32,2,0
INST_03482,Bank,Latin America,Professional,51,111142,424.18,47804,793,1408.2,2,Standard,1,55.6,Wire Transfer,9,11,6,1
INST_03483,Payment Processor,Latin America,Basic,33,790,246.81,119904,483,1005.19,14,Standard,11,87.9,Credit Card,2,4,5,0
INST_03484,Investment Firm,Asia Pacific,Professional,18,2504,395.98,248188,67,9349.81,7,Standard,14,76.9,ACH,2,29,2,0
INST_03485,Investment Firm,Asia Pacific,Enterprise,14,1330,3346.88,52311,13,500.0,8,Standard,5,82.0,ACH,0,16,10,0
INST_03486,Credit Union,North America,Professional,4,6303,833.34,25736,89,14997.44,12,Priority,8,69.8,Credit Card,3,30,6,1
INST_03487,Bank,Europe,Professional,8,1362,1496.67,25487,125,1212.78,3,Standard,11,61.2,Wire Transfer,0,20,2,1
INST_03488,Bank,North America,Basic,35,539,133.96,10880,19,1541.25,10,Priority,7,97.1,Wire Transfer,0,3,6,0
INST_03489,Credit Union,North America,Professional,14,2223,1502.86,10345,10,69936.14,12,Priority,3,75.2,Wire Transfer,9,1,4,0
INST_03490,Bank,Asia Pacific,Enterprise,51,1902,868.55,85235,6,31221.73,9,Standard,8,90.5,Credit Card,5,5,5,0
INST_03491,Investment Firm,North America,Basic,3,1226,66.72,5190,484,5877.11,12,Standard,18,62.1,Wire Transfer,4,11,4,1
INST_03492,Payment Processor,Europe,Basic,17,1328,771.05,248241,16,687.76,11,Priority,2,49.1,ACH,3,14,3,0
INST_03493,Payment Processor,Latin America,Professional,24,17624,217.91,17543,259,100874.62,6,Standard,11,83.6,ACH,3,31,5,0
INST_03494,Investment Firm,North America,Professional,17,1845,63.12,1612210,72,3661.1,4,Standard,41,70.1,ACH,15,31,4,0
INST_03495,Bank,Middle East,Professional,52,543,471.41,7787,428,7125.05,7,Priority,10,57.9,Credit Card,23,16,3,0
INST_03496,Payment Processor,Middle East,Enterprise,109,1490,770.35,32057,271,19300.78,7,Priority,2,73.0,Invoice,2,23,9,0
INST_03497,Payment Processor,Europe,Basic,2,3234,483.92,12993,97,500.0,9,Priority,0,83.0,Credit Card,0,4,6,1
INST_03498,Bank,North America,Professional,3,401,353.91,6703,187,1881.72,12,Standard,5,79.4,ACH,12,34,2,1
INST_03499,Insurance Company,North America,Professional,3,34165,271.32,108629,121,4437.68,7,Standard,0,84.7,Credit Card,1,12,4,1
INST_03500,Bank,Europe,Basic,27,10953,7784.62,4195,49,5979.42,5,Premium,4,61.8,ACH,12,23,5,0
INST_03501,Insurance Company,North America,Professional,11,25470,97.6,7989,866,695.47,10,Priority,2,66.4,ACH,3,19,6,0
INST_03502,Payment Processor,North America,Basic,31,5367,1149.99,53075,69,8018.5,8,Premium,4,90.5,ACH,16,27,6,1
INST_03503,Bank,Middle East,Basic,12,128,410.96,67335,126,5169.91,5,Standard,2,62.4,Wire Transfer,3,35,4,0
INST_03504,Payment Processor,North America,Basic,23,29821,144.7,2730,11,59932.64,8,Priority,13,97.9,Wire Transfer,2,15,5,0
INST_03505,Investment Firm,Asia Pacific,Enterprise,35,816,380.67,52707,243,22036.08,3,Standard,4,38.4,Wire Transfer,12,10,6,0
INST_03506,Payment Processor,North America,Professional,19,922,75.83,26724,49,3281.7,7,Premium,0,77.2,Credit Card,6,3,4,0
INST_03507,Credit Union,Europe,Professional,18,3768,197.44,5560,62,3662.48,5,Priority,7,99.5,ACH,9,28,8,0
INST_03508,Insurance Company,Latin America,Professional,2,23560,381.34,6745,32,22510.68,13,Priority,10,29.5,Wire Transfer,0,11,5,1
INST_03509,Bank,North America,Professional,12,14471,62.72,1042,118,7520.86,11,Premium,3,89.5,Wire Transfer,4,15,5,0
INST_03510,Bank,North America,Professional,18,11607,740.75,289574,4,628.48,2,Standard,6,81.5,ACH,5,34,8,0
INST_03511,Bank,Asia Pacific,Enterprise,14,1867,126.91,101025,506,113628.12,6,Priority,4,81.2,ACH,0,34,5,0
INST_03512,Payment Processor,Asia Pacific,Professional,55,1823,70.66,3185,138,1113.43,8,Standard,1,87.0,ACH,1,24,6,0
INST_03513,Insurance Company,Asia Pacific,Professional,56,5008,110.33,73010,64,202491.73,5,Standard,6,82.5,Wire Transfer,11,3,6,0
INST_03514,Payment Processor,North America,Basic,41,2452,5492.53,9311,9,9338.79,8,Standard,8,55.6,ACH,1,16,1,0
INST_03515,Payment Processor,North America,Professional,11,11316,50.0,86874,323,1894.74,1,Standard,2,66.8,Invoice,7,32,4,0
INST_03516,Bank,Middle East,Professional,30,10354,680.85,10466,47,500.0,4,Priority,8,91.8,Wire Transfer,0,18,6,0
INST_03517,Credit Union,Latin America,Enterprise,12,7237,163.7,12771,1557,15758.68,9,Standard,13,80.8,Credit Card,1,35,3,0
INST_03518,Bank,Europe,Basic,6,67,265.03,14292,356,500.0,10,Standard,17,59.1,Credit Card,0,6,5,1
INST_03519,Bank,Asia Pacific,Basic,10,3611,832.74,8217,2350,8399.62,11,Priority,1,62.4,Wire Transfer,2,21,5,0
INST_03520,Bank,Europe,Professional,1,2531,785.08,179675,189,89361.84,10,Standard,1,78.7,Wire Transfer,1,6,4,0
INST_03521,Credit Union,Europe,Basic,9,3835,178.25,84777,1032,892.01,5,Standard,14,62.8,Invoice,1,28,2,1
INST_03522,Bank,North America,Basic,14,961,79.09,25975,341,14869.73,13,Priority,8,48.3,ACH,3,33,3,1
INST_03523,Bank,Europe,Enterprise,74,408,851.13,102421,65,1454.77,12,Standard,0,92.6,Invoice,3,2,10,0
INST_03524,Bank,Europe,Professional,9,5971,782.78,1918,207,26895.77,5,Priority,4,82.2,ACH,1,15,6,0
INST_03525,Bank,North America,Enterprise,55,1746,286.59,3488,33,5424.79,11,Standard,9,70.3,Credit Card,9,1,5,0
INST_03526,Payment Processor,Europe,Enterprise,6,7058,685.63,44883,6147,4776.22,6,Premium,1,80.6,Wire Transfer,2,2,1,0
INST_03527,Insurance Company,Asia Pacific,Basic,5,1089,236.28,66390,123,30059.45,8,Premium,16,51.3,ACH,2,13,8,1
INST_03528,Payment Processor,Asia Pacific,Professional,17,24930,149.54,33493,155,12555.81,6,Priority,14,75.8,Wire Transfer,11,20,6,0
INST_03529,Credit Union,Europe,Basic,26,13381,405.35,1307,299,1469.92,11,Standard,6,74.8,ACH,2,30,6,0
INST_03530,Bank,Latin America,Enterprise,1,4652,752.08,4476,20,71730.41,9,Priority,10,80.8,ACH,1,34,5,0
INST_03531,Insurance Company,North America,Professional,5,2164,584.7,41146,1601,500.0,10,Priority,1,94.0,Invoice,0,9,6,1
INST_03532,Bank,Europe,Professional,14,10706,743.22,838783,23,7431.97,12,Standard,1,67.0,Wire Transfer,5,8,7,0
INST_03533,Bank,Asia Pacific,Professional,9,5371,161.95,136881,15,1430.39,9,Standard,10,46.4,ACH,1,5,7,0
INST_03534,Bank,Europe,Professional,29,4263,2692.59,234674,109,528.04,7,Standard,4,78.7,Credit Card,7,0,7,0
INST_03535,Bank,North America,Basic,17,14246,267.51,36665,14,896.71,9,Priority,1,74.6,Wire Transfer,11,19,6,0
INST_03536,Bank,North America,Professional,4,25331,349.78,36269,2468,4564.85,6,Standard,2,90.5,ACH,3,19,6,1
INST_03537,Credit Union,Latin America,Professional,53,455,82.9,4674,97,8304.81,14,Priority,6,93.9,ACH,4,3,8,1
INST_03538,Investment Firm,Europe,Enterprise,8,616,319.7,91833,1,24062.21,13,Standard,0,83.9,Wire Transfer,0,0,5,1
INST_03539,Bank,Latin America,Professional,31,924,764.09,19736,212,44983.67,7,Standard,1,59.5,ACH,5,13,6,0
INST_03540,Bank,Europe,Professional,36,313,1007.28,62261,401,7454.18,5,Priority,1,67.2,Credit Card,12,2,6,0
INST_03541,Insurance Company,Asia Pacific,Enterprise,79,2713,2628.92,23064,69,2528.07,6,Standard,15,65.1,ACH,0,2,1,0
INST_03542,Bank,Asia Pacific,Basic,16,7333,753.16,33479,12,23354.06,4,Priority,15,90.9,ACH,1,17,5,1
INST_03543,Bank,Asia Pacific,Enterprise,22,2886,562.45,19310,123,1954.79,6,Premium,1,84.2,ACH,2,29,8,0
INST_03544,Payment Processor,North America,Basic,9,1337,236.14,30851,62,500.0,11,Priority,6,70.7,Wire Transfer,8,24,8,1
INST_03545,Bank,Europe,Professional,27,16150,182.35,98727,25,20100.85,9,Standard,3,59.7,Credit Card,0,5,5,0
INST_03546,Bank,Asia Pacific,Professional,14,3680,1292.45,3296,21,35805.89,11,Premium,0,70.0,ACH,2,23,4,0
INST_03547,Credit Union,North America,Professional,13,4986,1263.05,2346,196,1432.65,11,Priority,1,71.3,Credit Card,1,12,5,0
INST_03548,Bank,North America,Enterprise,46,16837,110.78,41722,754,93081.87,2,Priority,0,79.9,Invoice,12,3,4,0
INST_03549,Investment Firm,North America,Basic,1,2477,960.75,191159,340,11784.95,9,Standard,29,69.9,ACH,1,13,5,1
INST_03550,Insurance Company,Latin America,Professional,51,65533,880.47,279041,6,9423.32,5,Standard,7,76.2,Credit Card,1,31,3,0
INST_03551,Bank,North America,Professional,45,1522,106.0,3510,449,2264.19,4,Standard,0,74.4,Credit Card,4,7,4,0
INST_03552,Investment Firm,Europe,Enterprise,16,59690,771.66,12036,596,22605.15,4,Priority,9,70.5,ACH,0,17,3,0
INST_03553,Credit Union,Europe,Basic,16,690,114.5,2395,1823,500.0,6,Standard,6,64.7,Invoice,2,12,6,0
INST_03554,Bank,Europe,Enterprise,10,6478,50.0,9643,26,2952.22,10,Standard,1,70.1,Credit Card,1,28,5,0
INST_03555,Investment Firm,Asia Pacific,Professional,120,1137,332.91,118690,134,1636.4,4,Priority,4,40.0,Credit Card,10,21,6,0
INST_03556,Bank,North America,Basic,2,15984,549.7,21604,412,689.94,11,Standard,6,76.3,ACH,7,14,3,1
INST_03557,Credit Union,Europe,Professional,21,1454,351.4,12571,57,17934.49,10,Priority,3,82.7,ACH,13,15,6,0
INST_03558,Bank,Asia Pacific,Basic,27,4611,12588.36,49892,400,8198.51,9,Premium,22,86.6,ACH,1,32,5,0
INST_03559,Credit Union,Asia Pacific,Professional,65,1123,635.63,6683,142,16432.84,6,Standard,0,68.5,ACH,8,9,3,0
INST_03560,Bank,North America,Basic,36,12159,481.34,240257,32,3237.48,11,Priority,0,90.8,ACH,8,3,7,0
INST_03561,Insurance Company,Latin America,Professional,24,1114,675.54,22268,37,21538.97,6,Standard,13,65.6,Wire Transfer,0,30,5,1
INST_03562,Bank,Asia Pacific,Professional,2,37239,237.56,12055,1406,5517.68,10,Priority,2,90.9,ACH,3,17,4,1
INST_03563,Credit Union,Latin America,Professional,11,669,1230.74,53118,24,2420.62,8,Priority,0,80.6,Credit Card,18,1,6,1
INST_03564,Credit Union,Europe,Professional,3,396,622.16,90122,18,1884.97,6,Standard,3,76.2,Credit Card,8,32,3,1
INST_03565,Insurance Company,Europe,Professional,51,12423,588.87,241340,275,500.0,11,Priority,1,43.4,ACH,5,22,5,0
INST_03566,Investment Firm,Latin America,Basic,33,1227,190.77,16075,140,28185.33,11,Standard,4,89.0,Wire Transfer,3,9,9,0
INST_03567,Investment Firm,Latin America,Professional,34,2948,61.73,112317,14,23774.24,13,Priority,9,76.1,ACH,6,25,9,0
INST_03568,Insurance Company,Europe,Enterprise,25,1838,221.04,25637,58,396746.71,4,Premium,9,64.0,Credit Card,8,9,5,0
INST_03569,Payment Processor,North America,Enterprise,16,416,566.32,8803,34,2975.21,7,Standard,2,35.4,Invoice,3,14,2,0
INST_03570,Bank,North America,Basic,3,2655,236.6,6869,46,1807.7,2,Standard,8,74.3,Wire Transfer,6,12,4,0
INST_03571,Credit Union,North America,Basic,9,19878,572.53,4249,10000,500.0,1,Standard,23,91.6,ACH,0,26,8,0
INST_03572,Insurance Company,North America,Enterprise,3,13422,305.26,7240,86,20742.7,7,Standard,0,86.4,Wire Transfer,2,3,6,0
INST_03573,Payment Processor,North America,Professional,30,4220,676.34,117425,30,14687.32,8,Premium,7,92.0,Credit Card,0,10,6,0
INST_03574,Payment Processor,Latin America,Professional,4,15810,124.94,63580,5648,50396.14,14,Priority,4,45.1,Wire Transfer,7,32,4,0
INST_03575,Credit Union,North America,Professional,29,608,508.5,3422,734,1242.69,10,Standard,3,61.4,ACH,1,31,4,1
INST_03576,Bank,Asia Pacific,Professional,28,1829,186.95,1604,547,14393.74,9,Premium,1,21.7,ACH,0,34,3,0
INST_03577,Credit Union,North America,Professional,14,5397,63.69,4152,33,2246.07,7,Priority,0,71.4,Credit Card,2,0,4,1
INST_03578,Insurance Company,North America,Enterprise,3,2451,330.9,6869,1267,36885.52,11,Premium,17,35.5,Wire Transfer,3,4,5,1
INST_03579,Credit Union,North America,Professional,9,2058,2549.32,13976,645,10985.4,10,Priority,0,77.0,Credit Card,0,34,7,0
INST_03580,Credit Union,North America,Basic,9,492,70.08,127937,193,500.0,8,Premium,4,74.2,ACH,2,10,6,1
INST_03581,Insurance Company,Asia Pacific,Basic,28,131,465.57,9685,6,4036.79,6,Priority,1,80.5,Wire Transfer,4,26,7,0
INST_03582,Credit Union,Latin America,Basic,2,10165,1050.57,273963,143,500.0,7,Premium,1,44.5,Credit Card,0,34,1,1
INST_03583,Payment Processor,North America,Professional,42,4293,6374.35,1771,3340,858.41,12,Priority,3,44.2,ACH,1,29,7,1
INST_03584,Credit Union,Europe,Basic,34,11533,223.29,13056,220,939.93,11,Priority,2,39.8,Wire Transfer,1,13,3,0
INST_03585,Bank,Europe,Basic,4,1547,188.97,71562,75,1879.17,9,Standard,4,62.7,ACH,6,22,1,1
INST_03586,Credit Union,Latin America,Enterprise,30,1023,99.48,78496,98,3314.2,9,Premium,4,65.2,ACH,0,15,4,0
INST_03587,Insurance Company,Asia Pacific,Basic,26,3010,1585.44,13312,111,6291.0,11,Standard,4,75.8,Wire Transfer,3,11,6,0
INST_03588,Bank,Europe,Basic,33,10735,142.47,98975,35,5836.1,4,Priority,0,59.5,Credit Card,1,26,2,0
INST_03589,Bank,Asia Pacific,Basic,5,2106,258.6,74480,137,4741.98,10,Standard,1,50.4,ACH,6,35,3,1
INST_03590,Payment Processor,Asia Pacific,Basic,4,9923,50.0,7917,1992,8091.57,3,Premium,2,73.8,ACH,16,16,6,1
INST_03591,Bank,North America,Professional,6,658,1165.34,35326,1624,753.94,8,Standard,0,59.3,Invoice,10,19,2,1
INST_03592,Investment Firm,Europe,Enterprise,10,2339,1619.56,63286,38,5484.98,10,Premium,12,72.1,ACH,3,15,3,0
INST_03593,Investment Firm,Latin America,Enterprise,37,2683,1113.13,8814,1475,42263.9,8,Priority,0,73.9,Wire Transfer,9,35,2,0
INST_03594,Credit Union,Asia Pacific,Professional,32,18761,58.77,279704,584,3832.59,9,Premium,1,78.7,Invoice,6,26,10,0
INST_03595,Investment Firm,Europe,Professional,62,4070,835.96,6291,464,10321.76,7,Priority,7,27.9,Wire Transfer,1,18,9,0
INST_03596,Bank,Europe,Professional,1,40909,54.21,27340,322,8977.14,9,Standard,18,57.2,Credit Card,5,27,1,0
INST_03597,Investment Firm,North America,Basic,1,394,432.53,3378,27,17915.16,8,Standard,1,90.1,Wire Transfer,4,5,11,0
INST_03598,Credit Union,Europe,Basic,28,3622,515.99,25720,71,7560.62,8,Standard,4,62.3,Wire Transfer,1,1,3,0
INST_03599,Investment Firm,Asia Pacific,Enterprise,7,3901,585.36,4444,664,17466.64,8,Standard,2,56.9,Wire Transfer,18,18,6,0
INST_03600,Bank,Europe,Basic,9,7556,766.29,14168,16,10518.99,10,Standard,4,75.2,ACH,8,24,3,0
INST_03601,Investment Firm,Asia Pacific,Basic,18,880,399.56,2038,22,13173.04,3,Priority,4,69.4,Credit Card,7,3,3,0
INST_03602,Bank,Latin America,Professional,2,37297,50.0,73109,257,9539.45,5,Standard,6,59.1,Wire Transfer,18,9,3,1
INST_03603,Bank,North America,Professional,24,3039,766.74,37587,35,1085.52,7,Standard,0,59.6,ACH,22,35,4,0
INST_03604,Bank,Europe,Basic,9,583,453.56,112545,653,848.83,11,Premium,12,86.0,Wire Transfer,3,6,3,1
INST_03605,Bank,Europe,Basic,24,2910,136.57,13072,38,2893.32,3,Standard,0,70.2,Wire Transfer,3,5,3,1
INST_03606,Insurance Company,Asia Pacific,Professional,43,1863,61.36,120664,230,50385.6,10,Standard,5,88.6,ACH,9,13,7,0
INST_03607,Bank,North America,Professional,4,193852,2560.68,23363,267,3799.1,8,Standard,11,65.6,ACH,5,35,5,0
INST_03608,Payment Processor,Europe,Basic,64,14399,1767.92,26101,62,7819.21,5,Priority,0,42.6,Credit Card,0,11,3,0
INST_03609,Payment Processor,Latin America,Professional,18,3211,941.19,524961,96,500.0,5,Premium,8,61.8,Wire Transfer,5,7,6,0
INST_03610,Investment Firm,Europe,Professional,61,2520,179.19,10646,43,6572.26,11,Premium,1,58.0,ACH,3,6,6,0
INST_03611,Bank,Latin America,Enterprise,5,12414,50.0,138855,143,5590.71,12,Premium,1,47.7,Invoice,0,28,3,0
INST_03612,Credit Union,Middle East,Professional,22,13336,1009.91,45230,26,500.0,13,Standard,0,76.6,ACH,12,30,3,0
INST_03613,Insurance Company,North America,Basic,12,37,626.42,9340,99,7603.27,10,Priority,3,40.2,ACH,1,25,7,1
INST_03614,Credit Union,North America,Professional,35,7820,257.34,3060,570,500.0,8,Priority,15,29.7,Credit Card,15,31,5,1
INST_03615,Bank,Middle East,Professional,22,3108,1555.83,4676,19,1655.7,12,Premium,8,67.5,Wire Transfer,3,32,8,0
INST_03616,Investment Firm,Middle East,Basic,16,417,1116.1,120091,61,21844.58,12,Priority,5,31.9,Wire Transfer,5,28,6,1
INST_03617,Insurance Company,North America,Professional,58,11162,498.36,297033,377,6224.06,9,Standard,11,86.2,Wire Transfer,1,23,6,0
INST_03618,Insurance Company,North America,Basic,11,86619,420.76,25264,3,2508.21,11,Priority,12,80.2,Wire Transfer,21,27,3,0
INST_03619,Bank,North America,Basic,5,6871,428.87,27332,4188,2205.89,5,Standard,6,70.0,Wire Transfer,0,34,5,0
INST_03620,Investment Firm,Middle East,Professional,22,15531,912.26,70592,974,2625.46,7,Standard,2,33.0,ACH,9,25,6,1
INST_03621,Bank,North America,Basic,23,44630,144.18,24586,9,6256.23,5,Standard,14,69.4,Wire Transfer,0,26,9,0
INST_03622,Bank,Europe,Enterprise,13,858,672.62,114639,3,811.62,8,Standard,3,63.0,Credit Card,11,12,2,0
INST_03623,Payment Processor,Asia Pacific,Professional,16,183,133.66,34112,156,26545.78,5,Priority,1,77.0,Credit Card,11,17,5,0
INST_03624,Bank,North America,Professional,76,7984,2005.94,26992,19,878.89,10,Priority,5,42.3,Credit Card,2,34,8,0
INST_03625,Bank,Europe,Professional,31,2056,763.99,7716,837,500.0,7,Premium,0,75.9,Credit Card,4,31,8,0
INST_03626,Bank,North America,Professional,2,379,176.64,5335,301,21736.1,12,Priority,1,69.0,Invoice,9,5,5,0
INST_03627,Payment Processor,Latin America,Basic,5,2651,444.4,192,185,2551.96,5,Standard,13,96.0,ACH,1,3,10,1
INST_03628,Insurance Company,North America,Enterprise,89,8877,144.81,140249,53,5462.65,9,Priority,3,76.9,ACH,0,16,5,0
INST_03629,Investment Firm,Asia Pacific,Enterprise,31,2384,2452.68,17678,2643,13120.7,11,Standard,4,75.8,Credit Card,12,6,2,0
INST_03630,Insurance Company,Asia Pacific,Basic,59,915,2828.36,12081,576,1670.44,13,Standard,5,51.2,Credit Card,0,34,1,1
INST_03631,Bank,North America,Basic,8,2131,930.26,1179,439,6037.34,8,Standard,4,89.6,Credit Card,0,27,3,0
INST_03632,Credit Union,North America,Basic,32,2895,2612.3,8432,1287,12995.03,9,Priority,1,94.4,ACH,0,30,9,0
INST_03633,Credit Union,Europe,Professional,30,164,484.03,6922,23,57806.26,15,Premium,17,91.4,ACH,4,23,4,0
INST_03634,Bank,North America,Professional,8,2406,1008.5,6686,1498,2283.38,15,Priority,7,97.8,Wire Transfer,1,28,2,0
INST_03635,Credit Union,Asia Pacific,Enterprise,19,396,1754.03,36288,92,2454.26,10,Standard,7,91.6,Credit Card,4,8,3,0
INST_03636,Payment Processor,Asia Pacific,Professional,23,8010,400.66,26459,271,11441.36,13,Standard,12,95.5,Wire Transfer,7,35,4,0
INST_03637,Bank,Europe,Professional,15,286,439.36,2858,111,6720.31,8,Premium,7,29.9,Wire Transfer,4,21,5,1
INST_03638,Bank,Europe,Professional,42,13616,1236.93,3143,5,4001.59,6,Priority,0,40.8,Credit Card,12,12,4,0
INST_03639,Bank,Europe,Professional,42,1613,876.38,3135,831,53585.56,6,Priority,2,79.4,Wire Transfer,0,35,6,0
INST_03640,Bank,Asia Pacific,Professional,45,1320,162.95,332963,5,500.0,8,Priority,3,70.0,ACH,12,0,1,1
INST_03641,Payment Processor,Europe,Professional,39,4636,50.0,206712,26,582.53,7,Premium,7,86.2,ACH,3,24,4,1
INST_03642,Credit Union,North America,Professional,16,813,326.81,6133,65,500.0,11,Standard,8,79.0,Credit Card,0,29,5,1
INST_03643,Credit Union,North America,Professional,11,4528,50.0,1135,4,29807.64,9,Standard,5,59.4,Wire Transfer,10,3,6,0
INST_03644,Insurance Company,Europe,Professional,42,994,122.83,26690,20,10636.91,6,Standard,3,30.2,Wire Transfer,0,29,4,0
INST_03645,Bank,Europe,Professional,16,1293,141.3,23633,230,628.84,5,Premium,14,69.5,ACH,5,25,6,0
INST_03646,Credit Union,Europe,Professional,6,5475,203.9,35432,79,4086.52,3,Standard,5,51.4,Wire Transfer,1,10,9,0
INST_03647,Credit Union,North America,Professional,16,540,1079.79,66974,92,4714.92,4,Standard,12,81.6,ACH,0,4,2,0
INST_03648,Investment Firm,Asia Pacific,Professional,3,447,1401.38,43371,28,500.0,12,Priority,18,83.4,Credit Card,9,27,5,1
INST_03649,Payment Processor,North America,Professional,28,4325,742.85,4127,161,6518.61,6,Premium,3,77.6,ACH,2,33,6,0
INST_03650,Insurance Company,North America,Professional,9,2863,861.79,34236,82,840.23,6,Standard,2,51.5,Wire Transfer,4,15,5,1
INST_03651,Credit Union,Europe,Basic,7,3839,886.56,79279,7,14185.89,7,Priority,3,79.1,ACH,6,20,7,0
INST_03652,Insurance Company,North America,Basic,75,4872,50.0,7435,103,879.71,7,Premium,0,65.6,Invoice,4,14,4,0
INST_03653,Bank,Europe,Professional,36,3248,408.4,34542,15,6827.68,12,Priority,3,84.9,Invoice,7,27,2,0
INST_03654,Bank,North America,Professional,37,7421,50.0,9612,746,34264.17,5,Priority,4,75.8,ACH,3,30,3,0
INST_03655,Bank,Europe,Enterprise,23,3450,743.2,439878,73,21201.77,4,Priority,1,77.3,Credit Card,2,21,4,0
INST_03656,Bank,Europe,Professional,43,146,50.0,3010,10000,10516.99,8,Priority,1,78.4,Invoice,6,17,3,0
INST_03657,Credit Union,North America,Professional,34,216,324.89,124732,845,4350.28,7,Standard,2,65.2,Wire Transfer,1,25,7,1
INST_03658,Investment Firm,North America,Basic,21,53740,778.46,1796,117,517.93,2,Priority,0,67.8,Wire Transfer,14,15,4,0
INST_03659,Payment Processor,Latin America,Basic,77,2981,105.5,324350,421,2543.65,11,Standard,4,88.9,Credit Card,1,22,6,0
INST_03660,Credit Union,Europe,Professional,5,12398,1279.29,3974,3,3501.65,5,Priority,7,63.6,Invoice,0,18,7,1
INST_03661,Credit Union,Europe,Basic,68,1774,740.96,29275,839,3144.05,9,Priority,6,39.0,Invoice,3,6,3,0
INST_03662,Bank,North America,Professional,12,2732,637.14,1912,33,500.0,9,Priority,2,86.1,Invoice,1,14,5,0
INST_03663,Bank,Europe,Professional,18,1510,932.25,2907,174,9430.01,10,Standard,13,63.7,Wire Transfer,0,9,1,0
INST_03664,Investment Firm,Europe,Professional,3,120438,262.16,84678,40,836.0,9,Priority,0,86.3,ACH,7,9,5,1
INST_03665,Credit Union,Europe,Enterprise,18,4358,484.11,102975,48,49969.27,8,Standard,0,40.6,ACH,4,0,6,1
INST_03666,Insurance Company,Asia Pacific,Professional,22,1336,408.32,31540,107,6136.63,10,Priority,1,73.7,Wire Transfer,4,29,5,0
INST_03667,Bank,North America,Basic,120,250,397.4,66944,170,21351.86,15,Standard,9,78.7,ACH,3,1,9,1
INST_03668,Bank,North America,Enterprise,88,57560,180.11,105589,141,20700.02,13,Priority,10,86.1,Wire Transfer,5,27,5,0
INST_03669,Credit Union,Asia Pacific,Enterprise,81,2333,90.83,7893,147,110956.94,7,Standard,10,59.9,ACH,12,6,2,0
INST_03670,Bank,Latin America,Basic,10,9102,269.28,2701,7,6456.36,7,Standard,2,91.0,Invoice,2,33,7,0
INST_03671,Bank,North America,Basic,113,10764,252.06,21578,9874,2737.79,5,Standard,14,62.9,ACH,5,28,8,0
INST_03672,Insurance Company,Europe,Basic,14,1488,166.65,9266,225,2818.11,10,Priority,15,72.0,Invoice,7,4,4,0
INST_03673,Bank,North America,Basic,45,8173,1121.55,39455,326,46358.22,6,Standard,12,94.6,Wire Transfer,1,28,2,0
INST_03674,Investment Firm,North America,Enterprise,5,1204,98.83,50113,80,678.34,8,Priority,9,58.6,Credit Card,6,12,0,1
INST_03675,Bank,North America,Professional,16,674,328.39,7922,30,1316.61,7,Standard,12,58.2,ACH,2,32,4,0
INST_03676,Bank,North America,Professional,81,17097,1635.34,63333,194,7012.77,6,Standard,7,85.0,Wire Transfer,9,18,6,0
INST_03677,Credit Union,Asia Pacific,Enterprise,70,2351,1201.05,58759,249,3908.09,6,Standard,23,95.4,Wire Transfer,1,26,5,0
INST_03678,Insurance Company,Europe,Professional,27,6488,1736.37,65184,1545,20982.98,9,Priority,6,85.1,ACH,5,0,5,0
INST_03679,Credit Union,North America,Professional,38,5521,198.55,11947,6246,659.82,5,Priority,1,80.8,Credit Card,3,2,2,0
INST_03680,Insurance Company,North America,Enterprise,4,7761,1033.95,70960,2118,4445.2,10,Standard,1,66.2,Wire Transfer,6,0,4,1
INST_03681,Bank,Asia Pacific,Enterprise,30,288,112.67,48050,6,3712.58,11,Standard,3,85.5,Credit Card,8,1,7,0
INST_03682,Insurance Company,North America,Enterprise,23,1239,289.73,57542,64,984.01,4,Standard,8,70.8,Invoice,0,19,4,0
INST_03683,Bank,Europe,Professional,2,1832,324.37,272851,271,18361.11,8,Standard,1,61.7,Credit Card,1,28,5,1
INST_03684,Investment Firm,North America,Professional,2,856,202.15,36013,72,4282.63,9,Priority,1,59.0,Invoice,1,1,7,1
INST_03685,Investment Firm,Europe,Basic,2,5673,261.34,8862,137,4019.4,3,Standard,0,38.9,Invoice,0,9,4,0
INST_03686,Payment Processor,North America,Professional,30,17682,223.17,4164,3,1426.45,8,Priority,1,57.5,Wire Transfer,15,16,4,0
INST_03687,Credit Union,North America,Enterprise,3,22421,124.1,119599,769,2822.0,6,Standard,1,83.1,Credit Card,4,18,5,0
INST_03688,Bank,North America,Basic,15,1792,1127.43,37645,5,1061.63,8,Priority,5,72.6,ACH,1,23,4,1
INST_03689,Bank,North America,Professional,10,4619,324.1,269691,8,17955.46,6,Premium,3,75.0,Credit Card,4,2,10,1
INST_03690,Insurance Company,Europe,Professional,19,5816,513.74,1049,23,23137.82,6,Priority,0,65.3,ACH,8,27,4,0
INST_03691,Credit Union,Asia Pacific,Basic,29,7569,491.04,86335,124,61089.32,10,Priority,1,85.6,Credit Card,0,5,5,0
INST_03692,Insurance Company,North America,Professional,27,798,430.81,14887,7,9424.61,11,Standard,5,85.7,Credit Card,5,14,3,0
INST_03693,Bank,North America,Basic,17,45746,450.95,12961,22,2954.76,12,Standard,0,67.0,Credit Card,0,10,5,0
INST_03694,Bank,Europe,Professional,14,11965,279.64,6993,1173,2432.21,4,Standard,9,77.4,ACH,9,17,9,0
INST_03695,Bank,Europe,Basic,12,12443,2212.94,84910,121,10259.63,6,Standard,0,53.1,ACH,1,7,6,0
INST_03696,Payment Processor,Middle East,Enterprise,47,18127,1005.15,55287,323,6642.84,3,Priority,1,61.4,ACH,4,25,5,1
INST_03697,Investment Firm,Europe,Basic,9,6642,412.43,3969,16,3784.57,14,Premium,14,52.0,ACH,0,22,7,0
INST_03698,Payment Processor,Europe,Basic,7,638,235.93,28208,134,3317.22,8,Priority,5,91.8,Wire Transfer,0,22,3,0
INST_03699,Bank,Europe,Basic,32,2420,349.82,63523,116,28475.11,7,Priority,31,77.7,ACH,5,25,4,0
INST_03700,Investment Firm,Latin America,Enterprise,10,250,665.9,28767,35,2571.46,9,Standard,1,51.3,ACH,0,7,2,1
INST_03701,Investment Firm,Asia Pacific,Professional,45,5555,2440.43,116048,135,37049.64,8,Standard,0,59.4,ACH,1,20,7,0
INST_03702,Bank,North America,Professional,9,2312,77.66,14256,4,6458.84,7,Standard,0,54.5,Credit Card,14,20,3,0
INST_03703,Insurance Company,North America,Professional,29,2805,890.45,748,326,2830.42,1,Priority,19,63.2,ACH,5,23,7,0
INST_03704,Payment Processor,North America,Professional,1,18142,1559.42,29146,72,1513.37,2,Priority,7,71.3,Wire Transfer,1,28,7,0
INST_03705,Payment Processor,Europe,Basic,11,1501,67.76,28880,93,3897.98,7,Standard,2,91.6,Wire Transfer,5,32,1,0
INST_03706,Insurance Company,Asia Pacific,Professional,10,2042,324.61,35128,687,10457.23,4,Standard,3,71.9,ACH,25,4,10,0
INST_03707,Bank,Europe,Basic,40,3080,112.46,115898,323,2791.91,7,Standard,8,93.0,ACH,2,4,5,0
INST_03708,Bank,North America,Enterprise,81,188,676.3,1177,83,17597.35,5,Standard,6,75.8,Credit Card,3,4,5,0
INST_03709,Payment Processor,Asia Pacific,Professional,14,2000,262.43,15402,19,2590.38,9,Priority,3,41.0,Credit Card,3,32,7,0
INST_03710,Bank,Asia Pacific,Professional,41,71,345.1,5519,1622,4075.8,11,Standard,8,44.7,ACH,0,12,5,0
INST_03711,Insurance Company,North America,Basic,28,1238,246.35,3597,13,713.34,5,Standard,2,93.9,ACH,3,24,3,0
INST_03712,Insurance Company,Asia Pacific,Professional,82,10751,957.38,19762,460,11375.48,11,Standard,4,63.3,ACH,4,13,2,0
INST_03713,Investment Firm,Europe,Basic,39,5830,531.04,63116,8,3291.95,8,Priority,13,69.3,Wire Transfer,3,17,6,0
INST_03714,Payment Processor,Latin America,Basic,1,1221,532.25,34593,774,52486.21,4,Standard,0,74.6,Invoice,3,22,1,1
INST_03715,Bank,Asia Pacific,Basic,29,3169,489.19,7853,915,14146.39,12,Standard,3,72.6,Wire Transfer,1,15,7,0
INST_03716,Bank,Europe,Professional,18,594,801.9,17708,4,5578.92,9,Standard,0,68.1,Invoice,4,3,4,0
INST_03717,Bank,Asia Pacific,Professional,1,2970,294.6,88862,333,30876.91,10,Standard,0,61.6,ACH,3,20,7,1
INST_03718,Credit Union,Latin America,Professional,6,241706,3105.5,61371,287,9024.18,8,Priority,23,56.5,Wire Transfer,13,31,5,0
INST_03719,Bank,Europe,Basic,61,47510,91.67,9612,526,22301.08,10,Standard,5,78.0,Wire Transfer,2,18,9,0
INST_03720,Bank,North America,Professional,62,3225,50.85,8723,286,1348.09,7,Priority,26,75.3,ACH,6,32,7,0
INST_03721,Insurance Company,Asia Pacific,Professional,38,3790,50.0,1677,26,9816.14,7,Standard,13,51.6,ACH,7,20,8,0
INST_03722,Payment Processor,North America,Basic,96,685,50.0,11566,100,10447.13,9,Standard,29,73.5,ACH,7,24,4,0
INST_03723,Bank,North America,Basic,39,895,904.88,1629,2970,500.0,11,Priority,19,88.9,Invoice,4,11,6,0
INST_03724,Credit Union,Latin America,Enterprise,1,5132,781.83,489238,20,47095.76,7,Premium,14,59.1,ACH,4,15,6,0
INST_03725,Payment Processor,Asia Pacific,Enterprise,8,1356,1718.71,6107,265,862.21,10,Standard,9,68.1,Credit Card,8,21,5,0
INST_03726,Bank,Europe,Enterprise,1,11570,113.53,116246,1178,700.33,5,Priority,9,96.3,Credit Card,0,28,7,1
INST_03727,Bank,North America,Enterprise,2,31398,986.89,336771,24,500.0,6,Priority,20,94.6,ACH,1,25,3,0
INST_03728,Bank,North America,Basic,5,4909,431.9,30464,11,10004.44,6,Priority,26,64.6,Wire Transfer,3,23,1,1
INST_03729,Investment Firm,North America,Basic,16,3472,492.7,18957,15,500.0,13,Standard,20,86.9,Invoice,6,34,3,0
INST_03730,Bank,North America,Professional,45,239,854.7,3030,302,2263.39,7,Priority,4,61.7,ACH,0,1,4,0
INST_03731,Payment Processor,Asia Pacific,Professional,47,9149,162.79,10333,14,17271.32,7,Standard,14,74.9,Wire Transfer,10,32,5,0
INST_03732,Credit Union,North America,Enterprise,22,536,8997.47,244250,116,6555.63,5,Premium,4,94.9,Invoice,3,15,4,0
INST_03733,Credit Union,Europe,Professional,63,1592,1994.71,37304,1751,1928.42,5,Priority,5,82.3,Credit Card,2,6,4,0
INST_03734,Bank,North America,Professional,16,12573,213.14,22983,135,500.0,9,Standard,12,95.3,Wire Transfer,0,3,11,0
INST_03735,Credit Union,Middle East,Basic,52,13969,108.97,157658,36,4182.15,1,Premium,12,97.5,Credit Card,4,35,2,0
INST_03736,Investment Firm,North America,Enterprise,14,1480,363.04,62594,185,17728.22,7,Premium,12,92.0,Invoice,7,34,10,0
INST_03737,Insurance Company,North America,Enterprise,7,1614,502.06,17644,131,14062.33,8,Standard,12,43.9,Credit Card,1,35,10,0
INST_03738,Insurance Company,North America,Basic,59,1044,1449.16,30466,335,71694.64,6,Priority,3,69.6,ACH,3,21,4,0
INST_03739,Investment Firm,Europe,Enterprise,11,494,99.24,6959,2736,1844.22,7,Premium,5,78.4,ACH,0,18,4,0
INST_03740,Payment Processor,Europe,Basic,16,1150,568.26,9494,303,681.6,5,Standard,2,60.9,Wire Transfer,1,24,2,0
INST_03741,Insurance Company,Europe,Basic,9,265,64.4,16164,5772,7823.81,5,Priority,4,74.7,ACH,5,11,2,0
INST_03742,Insurance Company,Europe,Professional,26,8304,681.05,50828,336,6748.88,9,Standard,22,55.4,Credit Card,16,11,6,1
INST_03743,Bank,North America,Professional,120,5387,354.6,3391,37,4879.07,6,Standard,11,88.5,Credit Card,4,20,2,0
INST_03744,Bank,Europe,Basic,1,6910,4121.68,24695,9126,1604.24,5,Priority,3,54.9,Invoice,4,31,5,0
INST_03745,Bank,Europe,Professional,55,712,63.1,12273,118,500.0,9,Priority,7,69.9,Credit Card,10,34,9,0
INST_03746,Investment Firm,North America,Enterprise,1,496,2089.6,5702,22,1085.81,7,Standard,2,22.5,Wire Transfer,1,12,2,1
INST_03747,Credit Union,North America,Professional,10,3230,52.22,12372,9727,11334.46,6,Standard,1,75.9,ACH,8,32,3,0
INST_03748,Credit Union,North America,Professional,4,3281,82.05,677,39,7524.69,7,Priority,3,41.8,Wire Transfer,9,4,6,1
INST_03749,Payment Processor,North America,Basic,33,2390,53.92,7070,36,20908.19,11,Standard,1,29.6,Wire Transfer,5,4,4,1
INST_03750,Payment Processor,Europe,Basic,1,1930,544.8,4233,55,8248.39,9,Premium,5,60.1,Wire Transfer,0,34,4,1
INST_03751,Payment Processor,North America,Basic,19,38799,98.65,14474,199,14824.34,9,Standard,3,78.1,ACH,13,33,4,0
INST_03752,Bank,North America,Basic,8,5647,80.0,720,792,15476.81,9,Priority,1,61.5,Invoice,4,4,7,0
INST_03753,Investment Firm,North America,Basic,3,57297,514.56,29329,1,5068.06,10,Standard,8,78.0,Credit Card,1,32,3,0
INST_03754,Bank,Middle East,Basic,35,19999,693.76,86174,786,5121.73,8,Standard,8,87.6,ACH,3,17,5,0
INST_03755,Bank,Latin America,Professional,5,38365,423.19,18472,54,500.0,3,Priority,15,69.2,ACH,4,30,4,1
INST_03756,Bank,North America,Professional,6,594,332.07,46545,70,1835.59,9,Standard,8,76.0,Wire Transfer,0,10,6,1
INST_03757,Bank,North America,Enterprise,7,7257,3621.67,10207,3253,1958.43,17,Standard,1,69.4,ACH,4,25,7,1
INST_03758,Credit Union,North America,Basic,21,1559,480.58,2138,217,4174.69,16,Standard,7,73.6,ACH,4,31,3,0
INST_03759,Insurance Company,Europe,Professional,25,245,1060.85,22082,332,1217.42,6,Standard,26,60.5,ACH,7,28,7,1
INST_03760,Bank,North America,Basic,1,28113,478.91,61118,135,20057.25,5,Standard,13,87.0,Wire Transfer,12,12,5,1
INST_03761,Insurance Company,Asia Pacific,Professional,6,1918,108.05,3021,586,1309.94,3,Premium,3,60.1,Credit Card,3,2,3,1
INST_03762,Credit Union,Europe,Basic,13,612,780.45,10961,2730,25684.65,7,Standard,8,84.5,Wire Transfer,1,30,6,1
INST_03763,Bank,Latin America,Enterprise,9,1600,183.65,15204,1,1162.43,10,Priority,0,58.0,ACH,5,13,8,0
INST_03764,Credit Union,North America,Professional,51,902,361.7,1586611,1045,1986.9,10,Standard,1,83.8,ACH,0,21,4,1
INST_03765,Bank,Asia Pacific,Professional,37,1053,582.01,30793,2403,1772.74,11,Premium,3,47.1,Wire Transfer,0,0,8,1
INST_03766,Investment Firm,Asia Pacific,Basic,23,2137,50.0,1263,365,2334.72,5,Standard,3,68.3,Credit Card,7,34,4,0
INST_03767,Credit Union,North America,Professional,9,39983,58.47,871,43,28795.0,11,Standard,14,85.8,Invoice,9,4,5,0
INST_03768,Bank,North America,Professional,28,1097,1201.53,65890,18,3009.03,5,Standard,31,64.6,Credit Card,8,23,3,0
INST_03769,Bank,North America,Basic,44,35914,181.91,915795,10000,3126.02,16,Priority,4,89.9,ACH,11,29,3,0
INST_03770,Credit Union,North America,Professional,21,10649,192.56,14451,29,1615.35,5,Standard,3,58.0,ACH,1,3,4,0
INST_03771,Payment Processor,North America,Enterprise,36,5401,492.61,13210,2279,3328.61,11,Priority,0,70.7,Credit Card,4,20,4,0
INST_03772,Bank,Europe,Professional,33,9156,253.96,42030,299,6799.97,8,Priority,1,72.1,Credit Card,4,34,5,0
INST_03773,Insurance Company,Europe,Enterprise,20,3042,665.88,6651,5898,3559.08,14,Standard,1,86.0,Invoice,0,32,6,0
INST_03774,Investment Firm,Latin America,Enterprise,8,20518,379.42,484,83,3922.81,10,Priority,2,76.1,Invoice,0,9,2,0
INST_03775,Payment Processor,North America,Enterprise,32,6977,512.0,104390,8,22562.52,13,Standard,9,95.3,Wire Transfer,10,34,6,0
INST_03776,Insurance Company,Middle East,Professional,5,245,173.78,8779,148,7409.17,7,Standard,0,53.1,Wire Transfer,0,34,6,1
INST_03777,Investment Firm,North America,Professional,36,4648,508.93,106422,10,874.52,10,Standard,14,54.2,Wire Transfer,6,16,3,0
INST_03778,Investment Firm,Asia Pacific,Professional,39,9662,1519.45,7034,10000,4324.72,6,Priority,8,74.7,Credit Card,2,5,7,0
INST_03779,Payment Processor,North America,Professional,41,1932,204.12,26440,460,2191.79,8,Standard,3,77.8,Invoice,0,2,3,0
INST_03780,Credit Union,North America,Enterprise,15,3602,1210.01,79399,602,10737.94,8,Standard,5,69.8,Wire Transfer,9,16,4,0
INST_03781,Bank,Latin America,Basic,5,1188,379.22,109702,602,5735.38,8,Priority,0,76.9,Wire Transfer,2,19,7,0
INST_03782,Bank,North America,Professional,2,377,973.97,31240,42,26781.49,5,Premium,10,61.0,ACH,6,9,8,0
INST_03783,Insurance Company,Asia Pacific,Basic,32,291,470.84,28994,117,1619.61,4,Standard,10,54.7,ACH,3,0,3,1
INST_03784,Insurance Company,Europe,Basic,52,297,387.57,55801,181,3682.58,12,Priority,3,69.0,Wire Transfer,10,4,4,0
INST_03785,Bank,Europe,Basic,25,8132,613.8,44190,4909,996.08,10,Standard,2,27.4,Credit Card,3,8,9,0
INST_03786,Investment Firm,Europe,Professional,3,71,1730.76,3175,18,4616.05,11,Standard,6,54.5,Credit Card,7,11,4,1
INST_03787,Credit Union,Asia Pacific,Basic,65,1096,535.56,3267,39,500.0,5,Standard,2,62.9,Wire Transfer,4,14,5,0
INST_03788,Bank,North America,Professional,108,945,716.4,931,77,7960.34,11,Standard,8,85.3,Wire Transfer,7,25,7,0
INST_03789,Payment Processor,Asia Pacific,Professional,13,1952,259.26,69547,44,4522.46,8,Standard,8,78.2,Wire Transfer,0,28,2,0
INST_03790,Bank,Latin America,Basic,21,184,2657.29,12166,10,6202.93,5,Standard,26,60.4,Credit Card,2,12,4,0
INST_03791,Bank,North America,Basic,36,5463,869.92,75379,1,16029.76,9,Priority,3,75.4,Credit Card,2,33,4,0
INST_03792,Investment Firm,North America,Professional,31,441,442.86,40358,5,6885.71,10,Premium,0,61.6,ACH,0,6,4,1
INST_03793,Insurance Company,Asia Pacific,Professional,82,16294,348.21,4896,1073,724.03,7,Standard,15,64.5,Credit Card,11,11,5,1
INST_03794,Bank,Europe,Enterprise,2,1173,1304.39,18391,146,2134.93,12,Standard,0,71.6,ACH,1,5,12,0
INST_03795,Investment Firm,Europe,Enterprise,20,2582,194.91,11134,667,4357.82,4,Standard,4,50.8,Credit Card,7,24,4,0
INST_03796,Credit Union,North America,Enterprise,28,2997,50.0,8832,52,3004.45,4,Premium,2,91.6,Wire Transfer,3,7,3,0
INST_03797,Bank,Europe,Professional,52,4299,440.05,86936,124,3608.56,6,Priority,3,42.1,Wire Transfer,10,24,5,0
INST_03798,Bank,North America,Enterprise,49,3151,1682.45,951804,2707,55948.04,8,Standard,1,92.4,Credit Card,6,1,5,0
INST_03799,Investment Firm,Europe,Enterprise,91,1570,2723.22,117513,2428,5713.19,7,Standard,7,77.6,Credit Card,7,7,9,0
INST_03800,Bank,Asia Pacific,Enterprise,17,4986,354.69,21153,808,8720.13,6,Standard,5,66.7,Wire Transfer,3,17,7,0
INST_03801,Payment Processor,North America,Basic,42,5998,425.09,145693,213,500.0,9,Priority,3,74.1,Wire Transfer,2,27,7,0
INST_03802,Insurance Company,Europe,Enterprise,13,946,752.53,287608,377,15048.1,3,Standard,7,58.4,ACH,3,5,6,0
INST_03803,Payment Processor,Middle East,Professional,13,5650,293.77,2728,289,354315.42,12,Priority,0,54.7,ACH,3,7,5,0
INST_03804,Bank,Asia Pacific,Professional,7,17811,749.71,138314,109,36992.9,5,Priority,13,73.5,Credit Card,0,21,3,0
INST_03805,Payment Processor,Asia Pacific,Basic,40,8594,364.13,69879,71,2539.48,14,Standard,4,33.7,Wire Transfer,0,29,4,0
INST_03806,Credit Union,Europe,Professional,102,12071,1357.83,130898,1119,150480.1,14,Standard,6,43.1,Credit Card,1,20,2,0
INST_03807,Bank,Asia Pacific,Basic,7,3857,960.62,74602,14,5121.71,10,Premium,2,63.9,ACH,2,22,5,1
INST_03808,Bank,North America,Basic,1,731,1066.64,15652,2158,7783.95,8,Standard,25,76.0,ACH,0,35,11,0
INST_03809,Bank,North America,Basic,40,884,315.33,464773,90,3290.67,9,Priority,4,52.6,ACH,3,28,8,0
INST_03810,Investment Firm,North America,Enterprise,23,4816,4068.84,36658,13,3165.36,9,Standard,1,65.3,Credit Card,4,16,6,0
INST_03811,Credit Union,Europe,Basic,77,12260,721.04,11481,55,500.0,10,Premium,1,53.7,Wire Transfer,16,3,3,0
INST_03812,Bank,Asia Pacific,Professional,6,194632,542.81,47050,30,16014.36,6,Priority,2,65.7,ACH,0,31,3,1
INST_03813,Investment Firm,North America,Basic,1,13000,161.88,94711,52,3147.94,7,Standard,10,77.0,Credit Card,8,29,8,0
INST_03814,Bank,Asia Pacific,Professional,16,515,359.07,25390,50,3706.74,6,Priority,2,88.9,Credit Card,6,15,3,0
INST_03815,Investment Firm,Asia Pacific,Basic,2,943,462.78,39723,47,7405.71,6,Standard,0,82.7,Wire Transfer,6,28,3,1
INST_03816,Credit Union,Europe,Basic,7,90923,156.77,25148,85,2638.94,8,Standard,4,57.7,Credit Card,9,26,6,0
INST_03817,Insurance Company,North America,Professional,3,2161,284.07,8183,132,7300.81,12,Priority,1,89.5,Credit Card,16,7,9,1
INST_03818,Insurance Company,Europe,Professional,6,3201,330.64,6420,586,29869.43,9,Standard,17,59.3,Credit Card,5,6,7,0
INST_03819,Credit Union,North America,Basic,2,705,431.43,2685,95,9020.18,11,Standard,3,62.4,Wire Transfer,10,28,5,1
INST_03820,Credit Union,North America,Basic,73,31183,50.0,214707,266,3903.99,9,Priority,2,70.1,ACH,0,20,7,0
INST_03821,Credit Union,Middle East,Basic,7,6313,342.98,15754,150,4083.69,5,Priority,4,59.6,Credit Card,1,16,3,1
INST_03822,Insurance Company,North America,Enterprise,14,932,256.51,128,392,6640.15,12,Standard,0,79.4,Invoice,2,13,4,0
INST_03823,Bank,North America,Professional,54,671,393.44,39926,161,1410.61,7,Premium,5,74.1,Credit Card,0,25,5,0
INST_03824,Bank,Latin America,Professional,27,4725,1397.35,38705,46,6712.92,7,Priority,30,77.8,ACH,1,14,5,0
INST_03825,Bank,North America,Basic,23,3185,4735.65,1339,28,13723.38,12,Standard,2,78.1,Credit Card,19,0,6,1
INST_03826,Credit Union,Asia Pacific,Professional,29,10385,910.55,6319,216,5604.21,4,Standard,19,82.8,Wire Transfer,6,11,3,0
INST_03827,Credit Union,North America,Basic,42,6771,91.72,5916,1468,2601.39,12,Priority,0,77.9,Invoice,6,32,8,0
INST_03828,Insurance Company,North America,Basic,50,2004,266.54,7234,98,3195.01,12,Standard,6,64.9,Wire Transfer,3,13,3,0
INST_03829,Bank,North America,Professional,24,1318,824.81,135830,42,13072.33,5,Priority,1,67.4,Wire Transfer,1,1,6,1
INST_03830,Credit Union,North America,Professional,52,2345,720.5,17618,93,943.63,11,Standard,14,55.0,ACH,0,26,6,0
INST_03831,Insurance Company,Europe,Basic,18,1305,1319.21,11604,54,1444.21,11,Priority,9,58.8,ACH,3,9,8,1
INST_03832,Insurance Company,Asia Pacific,Professional,7,2452,358.95,118608,44,500.0,6,Priority,14,75.2,Invoice,5,2,3,0
INST_03833,Credit Union,Europe,Enterprise,50,3055,260.81,46305,11,5171.91,6,Premium,8,74.9,Invoice,4,28,3,0
INST_03834,Credit Union,Latin America,Professional,18,775,3304.06,1617,95,17904.93,8,Standard,7,69.3,ACH,3,0,12,1
INST_03835,Bank,North America,Professional,56,7677,432.86,8734,226,36214.78,11,Priority,5,86.8,Credit Card,0,5,3,0
INST_03836,Payment Processor,Europe,Enterprise,1,1710,119.1,35701,21,50161.28,6,Premium,5,66.6,Wire Transfer,4,7,2,1
INST_03837,Bank,Europe,Enterprise,12,843,2368.85,5427,30,1744.61,6,Standard,10,62.9,Wire Transfer,3,24,5,1
INST_03838,Payment Processor,Latin America,Professional,70,1759,67.0,462467,26,7151.28,4,Standard,5,59.7,Wire Transfer,1,4,3,0
INST_03839,Investment Firm,North America,Professional,6,4287,50.0,26090,12,2687.94,10,Standard,3,38.0,Credit Card,7,25,9,0
INST_03840,Credit Union,Europe,Basic,68,3376,1015.63,7114,26,58189.83,13,Standard,8,79.8,Credit Card,5,11,8,0
INST_03841,Bank,Latin America,Professional,73,5614,1203.32,4087,103,34723.41,12,Standard,23,87.1,Credit Card,17,18,4,0
INST_03842,Credit Union,North America,Basic,51,11470,663.03,88547,13,6324.0,11,Premium,16,59.4,ACH,3,29,2,0
INST_03843,Credit Union,Latin America,Basic,19,21108,84.53,8334,115,1941.02,10,Priority,2,80.9,Credit Card,0,15,3,1
INST_03844,Bank,North America,Professional,24,4574,375.91,38944,41,500.0,5,Standard,3,95.3,ACH,13,5,8,0
INST_03845,Investment Firm,Asia Pacific,Basic,48,599,288.93,3915,27,572.26,7,Standard,22,59.3,Invoice,3,4,4,1
INST_03846,Payment Processor,Latin America,Professional,35,1990,211.72,24472,292,500.0,7,Premium,1,81.8,ACH,25,13,5,0
INST_03847,Investment Firm,Asia Pacific,Professional,23,660,2196.2,8485,46,561.52,8,Priority,0,96.0,Credit Card,3,5,4,0
INST_03848,Insurance Company,Europe,Professional,96,37997,114.89,13724,63,82311.94,7,Standard,4,79.3,Invoice,2,22,6,0
INST_03849,Bank,North America,Basic,27,58753,589.53,6671,1535,704.46,9,Premium,4,35.9,ACH,0,21,5,1
INST_03850,Credit Union,Latin America,Basic,89,7906,1690.63,102584,28,1000.83,11,Standard,5,67.4,Wire Transfer,0,25,9,1
INST_03851,Bank,Europe,Professional,1,10804,637.61,10545,2486,1235.48,8,Standard,0,57.6,Wire Transfer,0,21,6,1
INST_03852,Investment Firm,North America,Enterprise,3,4343,1788.87,17761,79,242272.18,4,Standard,1,81.8,Credit Card,5,12,2,0
INST_03853,Payment Processor,Asia Pacific,Basic,14,5162,793.5,19097,19,4475.27,8,Standard,11,84.5,ACH,3,21,2,0
INST_03854,Investment Firm,Europe,Basic,11,271,675.34,247311,54,21835.81,9,Priority,3,89.7,Wire Transfer,21,31,5,0
INST_03855,Bank,North America,Enterprise,36,2668,626.53,83739,167,6393.86,7,Standard,17,73.0,Credit Card,2,1,5,0
INST_03856,Credit Union,North America,Basic,4,794,842.3,72115,1419,500.0,9,Standard,5,70.5,Credit Card,0,3,6,1
INST_03857,Investment Firm,North America,Enterprise,89,4546,254.0,2065,625,48969.81,4,Standard,0,81.0,Wire Transfer,1,35,2,0
INST_03858,Credit Union,Europe,Professional,9,2725,84.58,8228,166,8970.04,5,Priority,26,76.7,Invoice,8,27,1,0
INST_03859,Insurance Company,Europe,Professional,13,55283,1267.56,130996,1433,4094.63,8,Premium,2,83.8,Wire Transfer,8,2,4,0
INST_03860,Insurance Company,Europe,Professional,7,11789,1626.35,3803,5,68884.83,9,Standard,3,58.4,Invoice,0,33,5,0
INST_03861,Investment Firm,Asia Pacific,Basic,20,4567,545.87,24984,232,2922.45,4,Priority,16,96.8,Wire Transfer,21,33,5,0
INST_03862,Credit Union,Latin America,Professional,1,1997,208.92,4456,259,3957.54,6,Standard,14,75.8,Invoice,2,24,7,0
INST_03863,Bank,Europe,Enterprise,3,36828,62.22,5180,265,2928.79,11,Standard,8,84.3,Invoice,2,33,4,0
INST_03864,Bank,North America,Professional,32,2849,447.18,274080,8,24697.0,12,Standard,0,35.3,ACH,1,12,7,0
INST_03865,Credit Union,Asia Pacific,Professional,4,4902,79.94,64789,23,16659.47,4,Premium,0,70.2,ACH,7,14,2,0
INST_03866,Credit Union,Europe,Professional,6,3175,67.57,96250,109,7464.61,6,Priority,1,90.0,Credit Card,13,15,6,0
INST_03867,Investment Firm,Europe,Basic,37,1625,393.52,71368,1103,1014.7,15,Priority,10,66.9,Credit Card,6,32,7,0
INST_03868,Investment Firm,Europe,Professional,2,3148,161.33,17873,4663,2820.44,1,Standard,12,73.1,Credit Card,0,33,4,0
INST_03869,Bank,North America,Professional,13,157,610.56,7805,44,1014.22,7,Standard,1,70.3,Invoice,7,21,5,1
INST_03870,Credit Union,Latin America,Professional,1,292,333.23,12050,14,28016.58,10,Priority,0,84.2,Wire Transfer,7,32,4,0
INST_03871,Bank,North America,Professional,10,5036,194.81,16518,644,500.0,7,Standard,3,77.5,ACH,5,30,7,0
INST_03872,Bank,Asia Pacific,Professional,28,31329,52.15,316294,10000,53720.87,2,Standard,18,85.4,Wire Transfer,1,15,5,0
INST_03873,Insurance Company,North America,Enterprise,2,5025,144.97,2967,1088,33910.48,7,Standard,5,87.8,Wire Transfer,3,25,0,1
INST_03874,Bank,Latin America,Professional,52,1011,151.51,9599,38,1239.18,8,Priority,9,70.4,Wire Transfer,0,6,7,0
INST_03875,Credit Union,North America,Basic,57,342,92.72,5600,10000,2631.41,7,Standard,8,82.4,Wire Transfer,1,5,7,0
INST_03876,Bank,North America,Professional,2,9670,271.82,107466,510,1688.09,9,Standard,13,72.3,ACH,5,24,3,1
INST_03877,Payment Processor,North America,Professional,112,1273,101.83,355287,35,9370.77,6,Standard,29,82.1,ACH,2,15,11,0
INST_03878,Investment Firm,North America,Professional,8,7823,331.46,35002,4825,40891.29,5,Priority,27,49.0,ACH,0,25,7,0
INST_03879,Bank,North America,Enterprise,2,5349,538.34,39597,31,29098.12,3,Standard,5,65.1,Wire Transfer,0,28,5,0
INST_03880,Credit Union,Europe,Professional,1,6108,149.69,25260,48,2567.29,4,Premium,2,90.1,Invoice,7,15,7,0
INST_03881,Insurance Company,Europe,Professional,12,3135,672.16,42455,548,32280.24,2,Standard,10,83.5,Credit Card,1,34,6,0
INST_03882,Payment Processor,North America,Professional,23,5300,78.76,70244,141,28502.1,10,Priority,8,84.4,ACH,16,32,7,0
INST_03883,Bank,North America,Basic,9,2491,106.21,41708,158,3702.45,8,Premium,10,95.3,Credit Card,6,3,2,0
INST_03884,Payment Processor,Asia Pacific,Basic,43,1149,352.18,46548,159,4845.53,9,Priority,2,90.0,ACH,2,4,5,0
INST_03885,Payment Processor,Asia Pacific,Enterprise,30,702,920.07,70482,1103,49640.94,10,Standard,6,70.9,Invoice,2,4,6,0
INST_03886,Payment Processor,Asia Pacific,Professional,10,83,1142.39,1529,2,24041.65,8,Standard,1,82.2,Wire Transfer,0,19,4,0
INST_03887,Investment Firm,Asia Pacific,Basic,31,2271,2792.99,22092,247,30858.76,7,Premium,1,79.2,Invoice,6,16,2,0
INST_03888,Investment Firm,North America,Basic,67,29116,256.75,34815,88,237536.4,5,Priority,3,40.5,Credit Card,3,31,5,0
INST_03889,Credit Union,North America,Professional,2,8911,346.19,41118,38,11169.04,12,Standard,8,88.9,Invoice,8,13,8,0
INST_03890,Insurance Company,North America,Professional,8,4194,116.84,17045,38,8010.41,5,Priority,2,72.0,Credit Card,1,16,5,0
INST_03891,Credit Union,Asia Pacific,Enterprise,14,991,89.61,28032,1,37680.81,16,Premium,2,63.5,Wire Transfer,2,31,4,0
INST_03892,Investment Firm,Middle East,Basic,16,13306,530.75,7481,35,96928.74,6,Standard,11,82.4,ACH,3,19,2,0
INST_03893,Credit Union,Europe,Enterprise,18,2492,159.01,1537,1514,1964.34,10,Priority,17,76.2,ACH,6,21,3,0
INST_03894,Insurance Company,North America,Professional,8,31647,1770.21,96250,663,3630.81,8,Standard,12,93.9,Credit Card,9,4,8,0
INST_03895,Insurance Company,North America,Professional,26,684,69.77,4017,105,1066.51,13,Standard,1,73.4,Invoice,15,1,2,0
INST_03896,Bank,North America,Professional,24,967,723.16,17314,11,8218.35,14,Priority,4,60.3,Credit Card,0,28,4,1
INST_03897,Insurance Company,Europe,Basic,20,836,120.68,7160,651,18655.34,8,Standard,8,60.1,ACH,9,10,3,1
INST_03898,Credit Union,North America,Enterprise,2,322,150.73,238116,1568,1184.04,3,Premium,8,93.7,ACH,0,18,6,0
INST_03899,Insurance Company,Latin America,Basic,15,731,770.42,19546,954,26921.84,8,Priority,3,42.5,ACH,20,30,8,1
INST_03900,Credit Union,North America,Basic,10,3480,179.28,13826,25,2489.93,9,Premium,3,91.2,ACH,0,14,6,0
INST_03901,Credit Union,Latin America,Enterprise,16,1024,217.25,67629,31,2203.53,12,Standard,6,92.7,Credit Card,1,33,5,0
INST_03902,Payment Processor,Asia Pacific,Professional,61,10,152.23,559451,2923,26766.53,6,Standard,7,87.1,Invoice,34,24,7,1
INST_03903,Bank,Asia Pacific,Enterprise,15,14934,3435.91,40478,16,1924.25,3,Standard,0,93.1,Wire Transfer,1,2,3,0
INST_03904,Insurance Company,Europe,Professional,1,238,192.29,12504,350,598.69,6,Standard,7,55.2,Wire Transfer,9,4,2,1
INST_03905,Credit Union,Europe,Professional,13,7214,429.17,62623,6,14995.2,5,Priority,5,64.0,Credit Card,8,29,4,0
INST_03906,Credit Union,Europe,Enterprise,41,3123,316.62,2081,86,4033.73,4,Standard,0,47.2,ACH,1,35,5,0
INST_03907,Bank,Europe,Basic,36,71400,526.21,23615,425,29646.17,5,Priority,0,95.9,Credit Card,3,6,7,0
INST_03908,Investment Firm,Europe,Enterprise,17,13298,192.93,438421,140,17145.41,9,Priority,1,87.3,Credit Card,0,20,2,0
INST_03909,Bank,Middle East,Basic,6,1398,317.04,27906,381,500.0,3,Standard,3,85.9,Wire Transfer,0,15,5,0
INST_03910,Bank,Asia Pacific,Enterprise,15,1039,647.26,25891,16,35358.77,11,Priority,10,59.8,Credit Card,2,12,4,0
INST_03911,Bank,Asia Pacific,Basic,19,28398,143.22,22718,33,84933.59,8,Standard,2,91.3,ACH,11,26,8,0
INST_03912,Bank,Latin America,Professional,120,325,1490.98,12170,353,23165.17,8,Standard,10,79.6,Credit Card,5,0,3,1
INST_03913,Payment Processor,North America,Enterprise,24,3969,1673.34,35303,520,24607.11,7,Priority,4,81.2,ACH,4,24,2,0
INST_03914,Payment Processor,North America,Professional,28,2448,835.3,70467,220,3389.68,10,Priority,1,84.1,Wire Transfer,15,4,5,0
INST_03915,Credit Union,Europe,Professional,16,1781,438.72,13390,816,2404.16,5,Priority,10,79.4,ACH,7,14,6,0
INST_03916,Insurance Company,Europe,Enterprise,10,5065,50.0,525,7,6759.25,10,Priority,8,85.9,Credit Card,25,13,8,0
INST_03917,Bank,Asia Pacific,Professional,40,3961,671.26,44286,64,19532.95,7,Priority,0,62.7,ACH,3,11,4,0
INST_03918,Investment Firm,Europe,Enterprise,16,5920,252.25,540196,3947,18809.18,5,Standard,9,77.3,ACH,1,34,5,0
INST_03919,Insurance Company,Europe,Professional,120,3671,300.21,12526,1495,2548.67,3,Premium,7,56.2,ACH,2,23,9,0
INST_03920,Payment Processor,Europe,Basic,14,5577,50.0,2424,464,2189.13,9,Premium,3,70.9,ACH,2,14,5,0
INST_03921,Credit Union,North America,Basic,1,3429,729.46,60847,112,525.72,11,Standard,6,74.8,ACH,7,4,4,0
INST_03922,Insurance Company,Europe,Basic,27,1108,70.93,301265,955,12969.81,9,Premium,1,61.7,ACH,1,3,3,1
INST_03923,Bank,Asia Pacific,Basic,1,2998,465.03,48730,321,2738.95,9,Premium,6,90.7,ACH,3,25,5,0
INST_03924,Payment Processor,North America,Professional,6,1020,1194.63,292742,9,3128.89,8,Priority,1,90.7,Credit Card,2,6,6,0
INST_03925,Bank,Europe,Basic,10,924,229.71,72439,891,65631.61,10,Standard,0,46.7,Credit Card,3,24,7,1
INST_03926,Investment Firm,Europe,Basic,32,1800,1735.87,63594,31,12059.2,11,Standard,1,39.7,ACH,0,34,6,1
INST_03927,Investment Firm,North America,Basic,16,2492,164.62,10127,582,7977.24,6,Priority,0,83.4,Credit Card,4,26,3,0
INST_03928,Investment Firm,North America,Enterprise,1,3142,829.25,33796,8,17073.72,10,Standard,0,46.1,ACH,5,16,5,0
INST_03929,Bank,Middle East,Professional,23,11784,84.29,21073,2639,41395.23,9,Priority,15,72.2,Wire Transfer,0,23,1,0
INST_03930,Payment Processor,North America,Professional,12,1411,1390.41,20018,90,500.0,8,Standard,16,67.4,Wire Transfer,0,5,4,1
INST_03931,Bank,North America,Enterprise,61,4004,1154.23,15051,20,2103.92,3,Standard,9,72.8,Wire Transfer,0,14,10,0
INST_03932,Investment Firm,North America,Basic,16,3558,707.71,30897,42,3469.61,10,Standard,10,61.2,Credit Card,1,19,1,1
INST_03933,Bank,Asia Pacific,Enterprise,29,1196,251.65,3151,80,1132.84,9,Premium,3,90.1,ACH,0,11,4,0
INST_03934,Bank,Europe,Professional,5,3329,75.01,74427,146,3301.62,7,Standard,5,69.1,Credit Card,2,20,5,0
INST_03935,Credit Union,Europe,Basic,34,13414,252.45,5903,1591,500.0,9,Priority,11,43.1,ACH,1,5,8,1
INST_03936,Credit Union,North America,Professional,30,3943,1529.0,15132,168,19599.69,9,Priority,4,51.1,Wire Transfer,6,28,1,0
INST_03937,Bank,Latin America,Professional,56,4187,471.52,36164,2,2261.41,6,Priority,9,67.5,Credit Card,13,13,11,0
INST_03938,Bank,North America,Professional,1,1034,62.57,5481,16,6643.77,4,Priority,3,33.5,Wire Transfer,3,7,3,1
INST_03939,Credit Union,North America,Enterprise,14,57141,104.62,1153,10000,5307.96,3,Premium,2,89.5,Wire Transfer,2,17,5,0
INST_03940,Insurance Company,Europe,Basic,27,1127,1814.89,12399,189,11340.43,10,Priority,13,82.7,Wire Transfer,4,21,10,0
INST_03941,Payment Processor,North America,Basic,2,244,724.51,2574,821,500.0,11,Priority,2,65.6,ACH,0,18,2,1
INST_03942,Bank,Latin America,Basic,12,10832,91.76,64117,85,9656.59,6,Premium,4,57.8,Wire Transfer,8,2,3,0
INST_03943,Credit Union,Latin America,Basic,68,2509,50.0,3903,24,3253.1,8,Standard,0,92.4,Wire Transfer,3,11,2,0
INST_03944,Bank,North America,Basic,13,1892,190.56,204379,62,9047.97,7,Standard,4,66.9,Credit Card,0,7,8,0
INST_03945,Bank,Latin America,Enterprise,101,1315,50.0,21835,186,837.83,5,Priority,6,86.5,Credit Card,3,28,7,0
INST_03946,Investment Firm,Asia Pacific,Basic,1,49393,334.62,24070,64,9140.87,4,Standard,3,61.1,Credit Card,4,34,3,1
INST_03947,Investment Firm,Latin America,Professional,30,5074,7646.1,1128,4690,34467.35,6,Priority,7,81.4,Invoice,0,24,5,0
INST_03948,Bank,North America,Professional,20,6799,59.36,27372,48,6533.18,4,Priority,4,61.5,ACH,2,33,3,0
INST_03949,Bank,Europe,Enterprise,16,3804,322.71,19530,22,1675.96,6,Priority,3,55.0,Wire Transfer,1,29,8,0
INST_03950,Bank,North America,Enterprise,84,4469,1947.52,3138,636,1789.52,6,Premium,3,55.8,Wire Transfer,3,1,3,0
INST_03951,Insurance Company,Asia Pacific,Professional,3,24292,991.19,25107,794,11665.16,9,Premium,13,71.2,Wire Transfer,3,29,8,0
INST_03952,Payment Processor,North America,Enterprise,54,2046,337.48,12126,156,11550.3,12,Standard,9,77.2,ACH,10,25,6,0
INST_03953,Bank,Europe,Professional,28,335,338.45,15911,50,8390.14,6,Standard,4,91.7,Credit Card,10,9,7,0
INST_03954,Bank,North America,Enterprise,7,10960,100.78,22898,4,4645.77,9,Priority,7,66.7,ACH,1,11,7,0
INST_03955,Payment Processor,North America,Professional,55,6279,292.6,10859,1335,6663.77,11,Priority,12,70.8,Credit Card,6,27,7,0
INST_03956,Payment Processor,Europe,Basic,13,3505,540.3,31878,708,4458.81,8,Standard,4,90.7,Wire Transfer,0,33,4,0
INST_03957,Credit Union,Latin America,Professional,40,6039,1519.5,19344,67,2775.76,6,Standard,13,44.1,ACH,2,7,8,0
INST_03958,Bank,Europe,Professional,11,1709,191.67,44763,165,15309.29,8,Standard,1,95.9,Wire Transfer,2,27,0,0
INST_03959,Bank,Latin America,Professional,45,3074,321.24,9966,98,7825.75,8,Premium,6,68.7,Invoice,9,26,4,0
INST_03960,Investment Firm,North America,Basic,24,2446,129.15,4458,2784,34057.74,8,Standard,3,78.5,Credit Card,0,28,4,0
INST_03961,Credit Union,Europe,Professional,3,1227,528.68,7606,22,26246.77,8,Standard,0,41.0,ACH,3,17,1,0
INST_03962,Bank,Europe,Enterprise,25,17743,1033.32,191757,48,7451.87,11,Priority,15,78.8,Wire Transfer,2,1,8,0
INST_03963,Investment Firm,North America,Basic,5,358,858.84,92406,40,12004.91,10,Standard,4,75.3,Wire Transfer,4,4,7,1
INST_03964,Bank,Europe,Professional,12,102880,99.06,135953,259,1169.37,8,Standard,5,74.3,ACH,10,15,10,0
INST_03965,Insurance Company,Asia Pacific,Professional,4,11114,481.18,150854,164,4374.8,6,Standard,5,75.8,ACH,0,26,3,0
INST_03966,Bank,Europe,Enterprise,1,207,178.97,10943,212,8217.28,9,Standard,5,49.6,Credit Card,19,29,5,1
INST_03967,Bank,Asia Pacific,Enterprise,5,2129,1357.31,34328,30,500.0,8,Premium,6,73.3,Invoice,5,28,3,0
INST_03968,Investment Firm,Europe,Professional,18,2315,332.43,24680,2149,9359.37,6,Standard,14,96.2,Wire Transfer,7,25,5,0
INST_03969,Credit Union,North America,Professional,15,5365,65.14,59237,65,1165.8,11,Standard,20,47.2,ACH,2,29,8,0
INST_03970,Payment Processor,North America,Basic,16,675,309.9,14274,1258,1374.2,7,Premium,6,49.0,Invoice,14,20,3,1
INST_03971,Credit Union,Europe,Professional,6,3127,699.36,25322,10000,2221.13,7,Standard,3,80.8,Wire Transfer,2,0,4,1
INST_03972,Bank,North America,Professional,27,2485,540.67,24548,30,4694.94,7,Standard,5,74.2,Wire Transfer,7,22,7,0
INST_03973,Insurance Company,North America,Enterprise,29,985,218.29,48942,274,670.46,7,Priority,8,79.3,ACH,8,31,6,0
INST_03974,Bank,Europe,Professional,10,800,199.87,58898,117,17764.64,7,Priority,5,66.7,ACH,5,18,7,0
INST_03975,Payment Processor,Europe,Basic,51,11827,123.35,25349,5742,6413.29,11,Priority,2,65.8,Credit Card,7,22,4,0
INST_03976,Credit Union,North America,Professional,24,233,251.21,26528,89,88209.38,13,Standard,6,63.5,Credit Card,0,31,7,0
INST_03977,Credit Union,Asia Pacific,Professional,29,6104,144.49,30910,232,7708.82,5,Standard,15,63.0,Wire Transfer,0,32,4,0
INST_03978,Bank,Europe,Basic,7,9860,1292.2,260361,223,11570.43,8,Premium,0,54.9,Wire Transfer,4,26,3,0
INST_03979,Credit Union,North America,Basic,1,2147,136.82,1644,123,1365.4,7,Standard,0,81.2,ACH,2,9,4,0
INST_03980,Insurance Company,Asia Pacific,Basic,48,3224,467.19,5143,578,834.88,9,Priority,25,95.2,Credit Card,9,3,3,0
INST_03981,Insurance Company,Europe,Enterprise,41,17072,430.59,60507,175,12440.77,7,Standard,11,35.2,Wire Transfer,1,10,2,0
INST_03982,Bank,Europe,Basic,3,1035,1254.89,33013,353,953.43,8,Standard,3,53.7,Wire Transfer,5,35,3,1
INST_03983,Bank,Europe,Basic,11,1208,1491.06,32667,217,12871.54,6,Premium,0,55.3,Wire Transfer,1,18,6,1
INST_03984,Insurance Company,North America,Enterprise,25,1417,929.98,59948,49,63562.99,8,Priority,18,74.6,Wire Transfer,0,28,4,0
INST_03985,Payment Processor,Asia Pacific,Professional,25,17119,616.16,30363,91,20305.62,7,Standard,11,74.3,Credit Card,1,9,5,0
INST_03986,Bank,North America,Basic,47,20711,114.62,9519,403,11564.21,12,Priority,6,78.5,Credit Card,1,30,3,0
INST_03987,Credit Union,Latin America,Basic,3,367,111.87,56568,400,7363.17,12,Standard,11,85.0,Credit Card,8,11,4,1
INST_03988,Bank,Asia Pacific,Basic,13,13485,146.23,22727,1395,2762.97,8,Premium,6,79.0,Wire Transfer,29,34,4,1
INST_03989,Payment Processor,Europe,Basic,2,10181,994.56,11255,4215,4138.79,9,Standard,7,73.3,ACH,3,20,4,0
INST_03990,Bank,North America,Basic,11,30650,440.54,62040,58,2104.55,8,Standard,16,91.7,ACH,0,31,3,0
INST_03991,Bank,North America,Professional,1,5311,1144.12,58486,189,683.27,5,Priority,3,70.9,ACH,7,0,2,1
INST_03992,Insurance Company,North America,Basic,54,2789,1343.94,30398,104,5183.01,4,Priority,5,91.6,Invoice,0,12,5,0
INST_03993,Bank,Europe,Professional,17,16611,168.82,289432,20,25895.74,7,Priority,10,81.7,Wire Transfer,1,13,1,0
INST_03994,Credit Union,North America,Enterprise,45,8504,419.26,161174,410,711.09,10,Standard,2,70.6,Credit Card,15,23,1,1
INST_03995,Credit Union,Europe,Professional,1,86452,397.19,98991,601,40044.42,9,Priority,6,73.0,ACH,1,19,6,1
INST_03996,Bank,North America,Enterprise,6,12557,272.23,1034623,21,30508.98,11,Standard,3,49.0,ACH,4,24,2,0
INST_03997,Credit Union,Middle East,Professional,7,3753,212.34,17682,75,8915.07,10,Standard,0,48.0,Invoice,11,15,10,0
INST_03998,Credit Union,North America,Professional,11,512,1671.88,10968,63,9023.32,12,Premium,1,82.9,Wire Transfer,6,9,8,0
INST_03999,Bank,Latin America,Professional,38,1247,429.39,80061,9,3716.84,7,Standard,0,79.3,ACH,7,34,4,0
INST_04000,Investment Firm,Latin America,Basic,11,345,409.84,15078,139,5234.49,10,Standard,5,60.3,ACH,1,7,6,1
INST_04001,Insurance Company,Europe,Basic,5,2159,153.96,22424,18,2451.91,9,Priority,0,77.5,Invoice,9,30,2,1
INST_04002,Insurance Company,Asia Pacific,Professional,1,11957,907.1,5019,197,5153.63,4,Priority,5,81.8,Invoice,1,32,9,0
INST_04003,Bank,Europe,Professional,1,2964,120.77,54720,240,6061.66,7,Standard,9,46.0,Invoice,3,9,5,1
INST_04004,Bank,Europe,Professional,34,13802,696.37,2424,301,82608.35,5,Priority,6,88.7,Invoice,3,20,5,0
INST_04005,Bank,North America,Enterprise,14,4946,719.59,19059,328,11480.72,5,Standard,9,87.0,Wire Transfer,3,26,5,0
INST_04006,Credit Union,North America,Professional,31,1628,245.91,21524,2334,3589.96,7,Premium,4,83.1,Wire Transfer,8,31,6,0
INST_04007,Credit Union,Europe,Professional,27,3399,590.63,11452,34,4237.12,10,Standard,9,79.5,Invoice,2,29,6,0
INST_04008,Investment Firm,Europe,Professional,3,6052,504.11,1578,37,1686.0,6,Standard,10,77.7,Wire Transfer,9,29,6,1
INST_04009,Bank,Europe,Enterprise,3,3673,384.82,1560,482,2158.9,8,Standard,2,74.1,Invoice,12,2,5,0
INST_04010,Bank,North America,Enterprise,33,3736,409.74,7192,117,19264.97,9,Priority,13,51.6,ACH,10,35,7,0
INST_04011,Credit Union,North America,Enterprise,30,940,434.47,49442,1125,2342.68,8,Premium,19,87.5,ACH,12,18,6,0
INST_04012,Investment Firm,North America,Basic,11,1557,471.49,33975,407,1946.32,9,Standard,9,33.3,ACH,1,11,5,0
INST_04013,Bank,North America,Professional,1,88229,433.67,21490,4687,2020.76,10,Premium,24,77.2,Wire Transfer,7,7,1,0
INST_04014,Investment Firm,North America,Basic,1,18820,107.27,5843,125,1646.21,7,Premium,0,98.6,Wire Transfer,2,34,6,1
INST_04015,Bank,North America,Basic,8,326,336.08,36742,10,26656.22,6,Priority,1,83.5,ACH,8,2,7,1
INST_04016,Payment Processor,North America,Enterprise,1,85,554.43,1482,274,6087.88,12,Priority,16,78.5,Credit Card,2,33,12,1
INST_04017,Payment Processor,Asia Pacific,Basic,6,3341,453.39,604,130,3218.04,8,Standard,0,77.5,Credit Card,4,7,1,0
INST_04018,Bank,North America,Enterprise,13,11386,1267.12,15296,388,5135.45,5,Standard,6,75.8,Credit Card,0,35,7,0
INST_04019,Bank,Asia Pacific,Basic,3,1366,849.04,9710,489,6808.56,14,Standard,2,81.0,Wire Transfer,3,1,5,1
INST_04020,Credit Union,North America,Enterprise,2,13800,141.95,100685,56,1602.08,6,Priority,4,71.8,Wire Transfer,1,4,3,0
INST_04021,Bank,Latin America,Basic,54,3259,330.32,27916,24,611.31,9,Priority,3,87.5,ACH,3,0,5,1
INST_04022,Investment Firm,Europe,Professional,21,2334,277.66,262000,114,36598.19,12,Premium,1,72.2,ACH,7,0,6,1
INST_04023,Insurance Company,North America,Basic,65,9266,401.33,9678,2,21634.31,10,Standard,6,85.3,ACH,1,33,3,0
INST_04024,Investment Firm,Europe,Professional,10,1342,401.99,45713,171,8662.03,7,Priority,1,48.1,ACH,8,27,5,1
INST_04025,Insurance Company,North America,Professional,27,1939,840.36,15086,71,19512.12,3,Standard,3,38.7,ACH,8,32,11,0
INST_04026,Credit Union,Europe,Professional,5,8145,499.09,175006,699,86815.99,4,Premium,10,66.0,Wire Transfer,9,1,9,1
INST_04027,Bank,North America,Basic,23,2843,1766.32,16218,4,2201.5,10,Premium,7,75.1,Invoice,0,2,4,1
INST_04028,Insurance Company,Middle East,Basic,3,52217,538.72,79348,150,915.94,8,Standard,7,72.0,Credit Card,0,35,11,1
INST_04029,Credit Union,Europe,Basic,1,8440,148.9,4374,2533,13256.92,6,Priority,4,74.9,Credit Card,5,17,8,1
INST_04030,Investment Firm,North America,Professional,64,7655,230.27,11815,500,544.44,7,Standard,1,58.2,Credit Card,0,4,2,0
INST_04031,Bank,Asia Pacific,Enterprise,19,2767,832.59,19417,867,5202.84,6,Standard,4,39.1,ACH,2,16,6,0
INST_04032,Bank,North America,Enterprise,62,11071,58.15,146550,273,3141.18,9,Priority,4,70.5,Wire Transfer,11,3,5,0
INST_04033,Payment Processor,Asia Pacific,Basic,9,1837,80.23,815,7,13505.22,8,Standard,1,68.8,Wire Transfer,1,35,7,0
INST_04034,Bank,Europe,Professional,9,4553,408.64,13373,200,2384.13,8,Standard,6,74.0,Wire Transfer,1,25,2,0
INST_04035,Payment Processor,Asia Pacific,Professional,12,754,1262.82,12711,309,29722.35,4,Standard,5,60.0,Invoice,4,7,12,0
INST_04036,Payment Processor,North America,Basic,29,14173,1936.12,977,21,1603.07,10,Standard,2,42.5,ACH,21,20,7,0
INST_04037,Insurance Company,Asia Pacific,Professional,20,4609,310.9,10981,118,14167.43,6,Priority,1,48.3,Credit Card,0,26,7,0
INST_04038,Investment Firm,Asia Pacific,Professional,62,58324,1440.86,2184,1,1808.73,9,Standard,1,82.4,Wire Transfer,16,26,2,0
INST_04039,Investment Firm,North America,Basic,1,107844,439.98,667,81,11188.95,8,Premium,14,82.3,Wire Transfer,5,10,9,1
INST_04040,Payment Processor,North America,Basic,29,9367,64.22,14861,67,1072.8,6,Premium,19,86.5,Credit Card,7,2,2,1
INST_04041,Bank,North America,Basic,9,3303,399.54,14126,1852,4740.17,4,Standard,11,66.8,Credit Card,0,31,2,1
INST_04042,Credit Union,Middle East,Professional,4,721,191.96,15253,50,35708.26,8,Priority,6,92.3,ACH,4,33,7,1
INST_04043,Investment Firm,North America,Basic,17,11581,1214.24,32186,91,5840.13,8,Priority,22,93.6,Wire Transfer,0,19,4,0
INST_04044,Credit Union,Europe,Basic,16,4086,391.19,5889,128,28987.38,10,Priority,4,67.4,Wire Transfer,3,31,6,0
INST_04045,Credit Union,North America,Professional,3,6681,87.05,323283,51,4724.84,8,Standard,0,38.9,Credit Card,2,19,5,0
INST_04046,Bank,North America,Basic,5,39921,66.71,20953,542,2304.06,7,Standard,3,79.4,Wire Transfer,6,9,4,1
INST_04047,Investment Firm,Europe,Basic,12,865,393.4,151697,4,6361.21,11,Standard,1,86.1,ACH,2,23,4,0
INST_04048,Payment Processor,Middle East,Enterprise,12,745,50.0,1772,1148,12426.6,8,Standard,8,80.7,ACH,0,20,3,0
INST_04049,Bank,Europe,Basic,9,2090,216.63,6299,145,500.0,11,Premium,2,72.3,ACH,14,32,6,1
INST_04050,Payment Processor,Asia Pacific,Professional,3,10216,532.32,61665,1545,10758.24,11,Standard,4,56.5,Wire Transfer,0,33,5,1
INST_04051,Investment Firm,Europe,Professional,1,6852,113.47,15680,1,1200.2,5,Standard,19,71.8,ACH,2,15,5,1
INST_04052,Insurance Company,North America,Professional,84,777,1329.8,4403,1,826.62,8,Priority,34,55.6,Credit Card,3,6,1,1
INST_04053,Investment Firm,North America,Professional,68,9272,1684.47,1396,87,11024.39,6,Priority,5,54.2,Wire Transfer,10,28,7,0
INST_04054,Insurance Company,Europe,Basic,15,491,119.1,66158,368,36598.2,3,Priority,2,82.3,Wire Transfer,0,8,2,0
INST_04055,Bank,Middle East,Enterprise,120,848,282.12,58536,54,6799.53,6,Standard,4,79.5,ACH,5,20,7,0
INST_04056,Insurance Company,Latin America,Professional,26,2506,1330.93,31728,424,643.48,8,Standard,14,81.1,Invoice,2,24,7,0
INST_04057,Bank,North America,Enterprise,1,1299,402.8,10468,868,1797.51,5,Standard,1,97.8,Invoice,7,30,8,0
INST_04058,Payment Processor,North America,Professional,3,11325,75.69,4147,492,2624.38,8,Standard,0,77.2,Credit Card,10,7,7,1
INST_04059,Payment Processor,North America,Enterprise,59,4580,339.68,20343,178,6595.52,9,Standard,11,50.3,Wire Transfer,1,30,12,0
INST_04060,Bank,Latin America,Professional,23,42122,144.96,3062,176,4412.43,11,Priority,5,53.5,ACH,4,18,2,0
INST_04061,Bank,Latin America,Enterprise,44,2057,1525.13,7133,49,10330.38,7,Standard,15,56.7,ACH,3,19,4,0
INST_04062,Insurance Company,Asia Pacific,Professional,54,2481,834.74,146075,134,22025.57,11,Premium,8,66.7,Wire Transfer,4,33,3,0
INST_04063,Bank,North America,Professional,14,18316,276.85,1371,23,8242.98,3,Priority,0,80.8,Credit Card,9,13,4,0
INST_04064,Payment Processor,Europe,Professional,1,2600,478.46,60857,36,18903.85,6,Standard,10,71.4,ACH,1,1,7,1
INST_04065,Bank,Europe,Enterprise,5,28029,83.95,207169,374,3279.46,10,Standard,1,75.3,ACH,1,9,8,1
INST_04066,Bank,North America,Enterprise,1,6709,163.28,74935,64,500000.0,6,Standard,0,81.8,ACH,6,27,12,0
INST_04067,Payment Processor,Europe,Professional,5,87,2601.74,40027,39,11268.55,10,Standard,5,91.6,ACH,3,30,8,1
INST_04068,Investment Firm,North America,Professional,12,17437,430.19,10988,333,13712.63,9,Standard,4,66.0,ACH,4,18,7,0
INST_04069,Insurance Company,North America,Basic,3,11720,1231.64,8359,294,68632.48,5,Premium,2,78.9,Wire Transfer,7,16,7,0
INST_04070,Bank,Latin America,Professional,4,12419,532.94,755,100,5609.79,2,Priority,6,78.9,Credit Card,2,12,8,1
INST_04071,Investment Firm,Asia Pacific,Basic,14,169,1953.03,23283,113,1866.35,5,Standard,9,80.3,Credit Card,1,29,3,1
INST_04072,Investment Firm,Europe,Professional,9,1102,50.0,12047,313,34879.38,6,Priority,4,66.3,ACH,2,14,6,0
INST_04073,Investment Firm,Europe,Enterprise,15,1232,321.87,7730,849,38090.28,10,Premium,10,72.7,ACH,0,8,0,0
INST_04074,Investment Firm,North America,Basic,13,844,2903.69,21372,213,6187.33,6,Priority,3,90.4,ACH,8,26,4,0
INST_04075,Investment Firm,Asia Pacific,Professional,24,40655,1270.81,24186,17,68833.19,11,Priority,4,79.2,ACH,2,18,4,0
INST_04076,Credit Union,Asia Pacific,Professional,66,2928,1979.2,8490,99,4337.58,7,Standard,5,75.1,ACH,2,2,5,0
INST_04077,Bank,Asia Pacific,Basic,2,2821,400.17,247612,71,19898.99,4,Standard,2,63.5,Credit Card,7,24,9,0
INST_04078,Insurance Company,Asia Pacific,Professional,2,6822,211.76,65900,22,47729.2,6,Standard,3,71.6,Wire Transfer,1,14,3,1
INST_04079,Bank,North America,Professional,45,7002,117.61,84492,363,5695.85,8,Priority,5,59.9,Credit Card,0,30,7,1
INST_04080,Investment Firm,North America,Basic,16,20,108.17,18864,417,9751.7,10,Standard,15,87.9,Wire Transfer,12,33,4,1
INST_04081,Bank,Europe,Enterprise,34,1130,1062.6,47422,548,22902.99,6,Priority,5,78.7,Credit Card,12,34,5,0
INST_04082,Investment Firm,North America,Enterprise,5,358,746.84,5747,24,2837.62,5,Standard,0,80.1,Wire Transfer,7,35,5,1
INST_04083,Insurance Company,Asia Pacific,Basic,42,5434,372.45,59837,197,1449.21,7,Priority,9,87.2,ACH,0,30,7,0
INST_04084,Bank,North America,Basic,61,1932,742.36,16210,146,36296.36,16,Standard,5,32.2,Credit Card,8,13,3,0
INST_04085,Bank,North America,Professional,24,3050,478.64,4755,258,7786.52,8,Premium,3,71.6,ACH,13,9,2,0
INST_04086,Bank,North America,Professional,2,131,1280.06,21286,187,2302.19,10,Priority,8,90.5,Wire Transfer,9,7,3,1
INST_04087,Investment Firm,Middle East,Basic,54,1872,1265.5,14213,145,5659.98,12,Priority,1,68.0,Wire Transfer,2,26,3,0
INST_04088,Insurance Company,North America,Basic,37,15878,112.27,718272,116,10538.58,6,Standard,10,63.7,Wire Transfer,0,23,7,0
INST_04089,Bank,Europe,Professional,33,24690,560.25,42323,1088,500.0,9,Standard,8,63.8,Credit Card,2,20,4,0
INST_04090,Insurance Company,Europe,Enterprise,1,8763,54.45,235525,31,14385.69,8,Priority,1,93.4,Credit Card,0,14,3,1
INST_04091,Bank,North America,Professional,38,402,473.25,120202,108,9069.47,6,Standard,13,58.3,Wire Transfer,3,27,2,1
INST_04092,Credit Union,Europe,Professional,3,19714,833.11,23310,1039,58844.2,8,Premium,1,70.6,ACH,0,14,7,1
INST_04093,Payment Processor,Asia Pacific,Enterprise,6,8830,83.39,11321,34,3538.69,3,Priority,7,73.2,Invoice,4,16,5,0
INST_04094,Bank,Europe,Professional,20,2500,244.75,1619,37,38780.63,4,Standard,3,76.2,Credit Card,2,12,2,0
INST_04095,Credit Union,Latin America,Professional,7,142,408.07,5964,556,4596.41,10,Priority,9,90.6,ACH,2,16,6,0
INST_04096,Bank,North America,Professional,25,12461,534.16,59523,11,6055.74,5,Priority,0,65.0,Credit Card,1,4,2,0
INST_04097,Bank,North America,Enterprise,22,1226,288.78,13999,487,7490.77,6,Priority,2,74.6,ACH,8,33,8,1
INST_04098,Bank,Latin America,Professional,2,5010,98.82,38705,61,113536.54,5,Standard,4,43.5,Wire Transfer,3,27,1,0
INST_04099,Bank,North America,Enterprise,25,3303,378.11,1047,310,765.68,10,Standard,8,73.7,Credit Card,1,20,5,0
INST_04100,Investment Firm,Europe,Professional,61,29959,55.55,43489,16,10327.99,6,Priority,6,54.8,Credit Card,5,31,7,0
INST_04101,Credit Union,Asia Pacific,Professional,4,2469,305.16,114087,1252,5236.18,5,Premium,21,63.0,Credit Card,4,5,3,1
INST_04102,Credit Union,North America,Basic,21,2914,237.54,1535,16,4708.84,5,Priority,5,79.4,Credit Card,1,4,7,1
INST_04103,Bank,Asia Pacific,Professional,10,31822,343.39,38458,547,11784.21,6,Priority,2,75.3,ACH,22,27,2,0
INST_04104,Bank,North America,Professional,14,1110,206.19,165264,17,25822.5,7,Priority,3,69.7,ACH,7,13,7,0
INST_04105,Investment Firm,North America,Basic,8,10112,66.07,273793,3846,10910.14,7,Priority,0,90.1,ACH,5,28,9,0
INST_04106,Payment Processor,North America,Professional,10,2212,259.92,10350,130,31344.91,9,Priority,0,80.4,Wire Transfer,0,28,3,1
INST_04107,Bank,Asia Pacific,Basic,1,662,1232.73,70961,4971,3373.0,3,Premium,5,49.8,ACH,0,32,3,1
INST_04108,Payment Processor,North America,Enterprise,95,2986,1833.08,188091,33,4569.56,8,Priority,26,69.2,Credit Card,4,11,2,0
INST_04109,Investment Firm,Asia Pacific,Basic,23,8413,7534.15,40218,66,1095.2,6,Standard,1,86.5,Wire Transfer,12,1,5,0
INST_04110,Investment Firm,Latin America,Enterprise,16,22710,3071.68,151390,1311,96216.73,12,Premium,10,92.9,Wire Transfer,3,17,7,0
INST_04111,Credit Union,Europe,Professional,11,27229,95.94,20872,11,3714.25,7,Premium,3,66.3,Wire Transfer,0,2,4,1
INST_04112,Bank,Europe,Basic,18,1915,247.12,39793,42,3146.91,10,Priority,0,80.5,ACH,3,18,4,0
INST_04113,Bank,Europe,Professional,11,677,392.55,8669,361,12209.8,4,Standard,1,83.6,ACH,14,31,3,1
INST_04114,Investment Firm,North America,Basic,10,1848,364.06,17207,23,25864.31,9,Priority,6,68.4,Credit Card,4,19,8,0
INST_04115,Bank,Europe,Professional,14,506,438.54,42216,379,1740.41,8,Standard,1,86.1,Invoice,9,6,2,0
INST_04116,Payment Processor,Europe,Professional,7,2151,7252.56,7747,201,29144.78,14,Standard,13,77.8,Wire Transfer,9,8,8,0
INST_04117,Credit Union,Middle East,Basic,4,1785,110.12,15750,9,3118.31,12,Standard,3,68.6,Wire Transfer,1,31,2,0
INST_04118,Bank,Latin America,Enterprise,19,8877,171.36,68961,847,42021.19,5,Standard,1,98.4,Wire Transfer,3,30,7,0
INST_04119,Insurance Company,Latin America,Basic,44,108,2900.36,478703,15,2183.4,7,Priority,10,63.7,ACH,0,16,5,0
INST_04120,Bank,Latin America,Professional,3,991,192.64,1018,594,14811.67,9,Standard,1,62.2,ACH,0,27,1,0
INST_04121,Credit Union,Europe,Professional,1,1003,646.97,427139,187,5239.94,5,Standard,21,73.1,Wire Transfer,2,0,11,1
INST_04122,Investment Firm,Asia Pacific,Professional,6,17688,1396.31,14916,65,907.26,9,Priority,1,89.2,Wire Transfer,0,31,3,0
INST_04123,Payment Processor,Latin America,Professional,93,560,723.28,93652,20,587.6,9,Standard,11,90.7,Credit Card,0,7,9,0
INST_04124,Insurance Company,North America,Professional,42,4188,507.82,125698,268,1612.55,9,Standard,5,74.4,ACH,1,8,3,0
INST_04125,Investment Firm,Middle East,Professional,21,2459,1244.31,230209,30,21781.92,11,Standard,9,92.5,ACH,6,19,2,0
INST_04126,Investment Firm,Europe,Professional,63,14250,138.15,7391,1305,500.0,11,Priority,1,96.2,Credit Card,0,16,6,0
INST_04127,Payment Processor,Europe,Basic,14,7286,222.37,15710,1394,8110.53,3,Standard,1,87.8,Wire Transfer,7,5,4,0
INST_04128,Bank,Asia Pacific,Professional,98,3575,767.21,20324,2851,7117.67,11,Premium,1,86.0,Wire Transfer,4,25,4,0
INST_04129,Bank,Middle East,Basic,8,1297,50.0,12885,246,500.0,9,Standard,1,82.0,Wire Transfer,20,20,6,0
INST_04130,Bank,North America,Basic,6,185,2208.13,159235,71,1487.21,10,Priority,2,73.6,ACH,0,32,5,1
INST_04131,Bank,Asia Pacific,Professional,24,4318,580.61,19628,86,1483.0,7,Standard,12,63.7,ACH,8,34,3,0
INST_04132,Investment Firm,Europe,Professional,11,6606,484.75,1943,76,5318.98,13,Priority,9,85.6,Credit Card,3,14,7,0
INST_04133,Investment Firm,North America,Professional,23,280,57.02,8522,231,44333.85,10,Standard,2,90.5,ACH,0,13,7,0
INST_04134,Investment Firm,Asia Pacific,Professional,8,468,86.15,2063,325,24647.8,6,Priority,3,89.1,ACH,8,30,4,0
INST_04135,Bank,Europe,Professional,23,4352,250.06,15638,1362,2862.75,4,Standard,9,77.6,Credit Card,3,4,5,0
INST_04136,Insurance Company,Asia Pacific,Professional,7,4957,1063.07,60404,153,1416.4,7,Standard,12,60.0,Wire Transfer,2,1,4,1
INST_04137,Bank,North America,Basic,1,674,50.0,8252,11,500.0,7,Standard,3,80.9,Credit Card,5,0,5,1
INST_04138,Investment Firm,Europe,Professional,58,1260,1039.02,12033,71,2785.23,11,Standard,9,83.9,Wire Transfer,2,34,2,0
INST_04139,Investment Firm,Europe,Professional,51,189,261.9,14586,2441,1276.43,14,Standard,5,89.8,Credit Card,3,15,7,0
INST_04140,Bank,Europe,Professional,84,23526,308.55,27203,9,4655.38,9,Standard,33,60.4,Wire Transfer,1,23,8,0
INST_04141,Bank,North America,Professional,30,424,546.92,47768,561,4927.64,0,Standard,8,89.7,Invoice,1,4,6,0
INST_04142,Bank,Middle East,Professional,27,6723,557.34,73930,73,2408.17,7,Priority,9,76.3,ACH,2,1,4,0
INST_04143,Insurance Company,Europe,Professional,19,2828,171.59,649056,30,2485.01,5,Priority,12,88.6,Wire Transfer,2,31,4,0
INST_04144,Payment Processor,Asia Pacific,Professional,3,20627,853.97,26509,302,1735.95,2,Standard,1,58.0,ACH,0,26,5,0
INST_04145,Investment Firm,Europe,Professional,5,908,50.0,66415,2464,2278.52,7,Premium,3,89.1,ACH,1,27,3,0
INST_04146,Bank,North America,Professional,8,3267,234.98,2035,273,42356.32,6,Standard,4,32.8,Credit Card,0,16,2,0
INST_04147,Credit Union,Europe,Basic,53,233,485.13,12471,92,10686.24,4,Priority,1,75.4,Wire Transfer,1,22,9,0
INST_04148,Insurance Company,Europe,Basic,4,162,266.68,14681,14,10905.53,6,Standard,3,68.5,Wire Transfer,3,22,6,1
INST_04149,Insurance Company,Europe,Basic,61,7291,50.0,4788,124,22424.61,14,Standard,8,86.9,Wire Transfer,4,35,4,0
INST_04150,Bank,Europe,Professional,17,204,1001.88,9857,13,19639.22,3,Premium,2,49.7,Wire Transfer,8,16,7,0
INST_04151,Bank,Europe,Enterprise,30,2116,90.19,18746,84,41653.75,9,Premium,4,81.0,ACH,3,14,6,0
INST_04152,Insurance Company,North America,Professional,2,13588,372.03,10332,132,11880.18,6,Premium,1,76.6,Wire Transfer,1,25,5,1
INST_04153,Credit Union,Europe,Basic,7,9136,484.75,1091159,2,6685.64,13,Priority,0,79.9,Invoice,3,24,4,0
INST_04154,Bank,North America,Professional,76,1100,413.14,47496,1806,2026.05,5,Standard,3,77.7,ACH,15,21,13,0
INST_04155,Bank,North America,Enterprise,7,275,1640.59,443092,15,1427.63,8,Standard,9,63.2,Invoice,9,14,2,0
INST_04156,Credit Union,Latin America,Enterprise,8,6401,378.45,206690,106,18460.45,9,Standard,5,45.5,Credit Card,6,15,4,1
INST_04157,Payment Processor,Europe,Professional,5,22323,673.81,8443,387,4160.61,13,Standard,6,95.0,ACH,2,8,7,1
INST_04158,Payment Processor,Asia Pacific,Enterprise,3,1103,377.25,23303,1564,639.18,7,Priority,3,88.0,Credit Card,1,8,4,0
INST_04159,Investment Firm,Europe,Basic,6,893,841.8,11473,35,500.0,13,Priority,6,73.0,Credit Card,3,31,2,1
INST_04160,Credit Union,Latin America,Basic,24,1356,2147.79,17279,1,123184.9,7,Priority,4,74.0,Wire Transfer,5,7,6,1
INST_04161,Bank,Europe,Basic,14,7026,475.83,5091,1034,1120.01,8,Priority,3,43.7,Invoice,10,30,7,1
INST_04162,Credit Union,Asia Pacific,Professional,19,18821,1030.93,11358,15,1755.73,7,Standard,0,82.8,Wire Transfer,14,6,5,0
INST_04163,Credit Union,North America,Basic,3,464,2313.22,37770,283,31011.61,8,Standard,13,77.2,Wire Transfer,7,19,6,1
INST_04164,Investment Firm,Middle East,Professional,38,315,2056.21,36303,316,802.02,9,Priority,21,67.3,ACH,4,17,4,1
INST_04165,Credit Union,Asia Pacific,Professional,36,99707,254.08,32212,1,10906.51,8,Premium,5,67.6,ACH,0,27,2,0
INST_04166,Bank,Latin America,Professional,1,2284,1399.29,20140,8,75581.38,3,Standard,4,72.5,Credit Card,5,31,8,0
INST_04167,Bank,North America,Enterprise,11,4356,543.77,80106,64,117095.54,6,Standard,10,91.3,ACH,6,9,8,0
INST_04168,Bank,North America,Basic,1,1055,1541.75,14979,1,2511.98,7,Premium,0,85.1,Credit Card,9,16,2,1
INST_04169,Bank,North America,Professional,37,6216,798.2,177606,13,4826.83,8,Premium,1,62.6,ACH,2,6,7,0
INST_04170,Bank,North America,Professional,32,12582,561.61,1378,185,2711.95,13,Priority,2,56.0,Wire Transfer,0,12,3,0
INST_04171,Payment Processor,Latin America,Basic,55,4673,679.1,58995,126,4784.2,9,Standard,0,60.4,ACH,0,8,3,0
INST_04172,Credit Union,North America,Professional,6,40590,548.01,45823,255,34454.93,6,Priority,0,58.2,ACH,2,34,3,1
INST_04173,Credit Union,North America,Enterprise,14,1826,574.33,8007,333,602.47,10,Standard,19,78.3,Invoice,5,15,2,0
INST_04174,Payment Processor,North America,Enterprise,4,2009,333.42,12928,7,12990.0,8,Priority,1,50.0,Wire Transfer,3,9,7,0
INST_04175,Payment Processor,North America,Enterprise,11,4217,298.25,44231,14,3665.62,10,Standard,6,56.5,Credit Card,5,3,3,0
INST_04176,Investment Firm,North America,Professional,17,5987,3346.97,87020,584,38282.63,7,Standard,5,79.1,ACH,4,12,6,0
INST_04177,Insurance Company,Asia Pacific,Professional,1,4196,715.54,1596,2307,35352.69,10,Standard,2,47.0,ACH,14,32,4,0
INST_04178,Bank,Europe,Basic,30,434,202.76,56521,26,2668.58,7,Priority,7,97.2,ACH,7,25,8,1
INST_04179,Bank,North America,Basic,18,4763,289.19,11086,236,4162.32,11,Priority,2,87.0,ACH,8,5,4,0
INST_04180,Credit Union,Europe,Basic,42,1700,1432.98,119125,634,18753.66,11,Priority,4,79.2,ACH,5,0,3,0
INST_04181,Investment Firm,Europe,Professional,7,1247,166.76,1395,227,21482.23,11,Standard,3,74.3,Invoice,0,21,4,0
INST_04182,Investment Firm,North America,Enterprise,56,3129,68.14,862808,94,500.0,9,Standard,16,95.9,Credit Card,19,34,4,0
INST_04183,Bank,Asia Pacific,Professional,120,704,74.43,5830,46,18663.51,12,Premium,18,65.6,ACH,0,10,5,0
INST_04184,Bank,Asia Pacific,Professional,60,542,50.66,188140,5289,58088.49,9,Standard,3,53.3,Wire Transfer,2,13,7,1
INST_04185,Investment Firm,Asia Pacific,Professional,36,58,84.9,19855,176,7211.37,6,Premium,1,38.5,Wire Transfer,8,29,6,1
INST_04186,Bank,Asia Pacific,Professional,40,40980,97.8,6451,298,20440.32,7,Standard,9,91.6,Wire Transfer,1,13,10,0
INST_04187,Investment Firm,North America,Enterprise,20,6860,2126.61,32783,266,33460.94,7,Standard,2,68.6,ACH,4,19,6,0
INST_04188,Investment Firm,Middle East,Basic,5,2502,381.68,103124,34,6852.65,8,Priority,4,78.3,Credit Card,11,1,3,0
INST_04189,Insurance Company,Asia Pacific,Professional,27,1095,260.89,2145,162,16669.67,11,Premium,5,87.7,Credit Card,8,24,3,0
INST_04190,Insurance Company,Latin America,Professional,29,39,71.37,63094,83,5009.19,5,Premium,30,71.6,Wire Transfer,4,0,5,1
INST_04191,Payment Processor,North America,Basic,101,999,339.76,21627,80,4544.84,2,Priority,3,86.5,Credit Card,3,13,8,0
INST_04192,Credit Union,Latin America,Professional,18,8723,50.16,52342,262,1822.0,11,Priority,3,44.2,Credit Card,1,3,8,0
INST_04193,Insurance Company,Asia Pacific,Enterprise,7,12249,258.97,22392,28,6371.14,8,Priority,0,90.8,Wire Transfer,4,1,6,0
INST_04194,Investment Firm,Asia Pacific,Basic,27,7812,4804.91,9341,16,83306.78,3,Priority,7,86.2,Credit Card,5,0,6,0
INST_04195,Bank,North America,Basic,93,3780,894.77,4147,366,1269.35,5,Priority,1,52.2,Wire Transfer,4,0,7,1
INST_04196,Bank,Asia Pacific,Basic,4,21074,313.64,60413,57,12398.23,10,Standard,6,60.5,Invoice,1,21,4,1
INST_04197,Bank,Middle East,Professional,9,1821,932.39,59928,79,7954.02,9,Priority,1,35.8,Wire Transfer,9,0,6,1
INST_04198,Credit Union,Asia Pacific,Professional,18,15180,215.76,59480,4,44902.18,13,Premium,20,62.9,Wire Transfer,3,2,4,0
INST_04199,Investment Firm,Europe,Professional,4,1674,154.34,41831,840,59536.21,9,Premium,0,26.8,ACH,0,14,5,1
INST_04200,Insurance Company,Latin America,Professional,1,794,3118.03,90857,381,1228.54,8,Standard,18,84.5,ACH,0,14,5,1
INST_04201,Bank,Europe,Enterprise,9,659,102.44,181516,530,2076.99,6,Standard,5,86.5,Wire Transfer,9,9,5,0
INST_04202,Bank,Europe,Professional,48,603,263.76,1319,298,2254.36,7,Standard,19,83.2,Credit Card,1,23,8,0
INST_04203,Payment Processor,Europe,Enterprise,1,8011,582.45,656,9,2377.25,5,Priority,4,70.3,ACH,4,2,2,0
INST_04204,Bank,Latin America,Enterprise,13,978,131.17,289792,224,2703.57,12,Standard,0,70.0,Credit Card,3,10,5,0
INST_04205,Credit Union,North America,Professional,34,632,880.71,2946,49,8271.71,8,Standard,1,72.4,Wire Transfer,3,25,7,0
INST_04206,Investment Firm,Europe,Professional,73,8695,279.24,4318,26,1370.48,9,Standard,3,55.6,ACH,6,3,6,0
INST_04207,Credit Union,Asia Pacific,Enterprise,101,4875,894.88,14308,365,1692.25,9,Standard,19,90.5,ACH,7,25,4,0
INST_04208,Bank,Asia Pacific,Enterprise,13,12630,814.99,1842,2937,1501.34,7,Standard,9,85.5,ACH,17,0,1,1
INST_04209,Bank,Europe,Basic,72,6431,301.38,12426,2182,10290.09,6,Standard,6,69.9,ACH,6,25,5,0
INST_04210,Bank,Latin America,Basic,1,963,3142.55,5312,454,4466.44,10,Standard,4,67.7,ACH,1,28,4,1
INST_04211,Investment Firm,Latin America,Enterprise,32,3341,181.56,15521,140,3422.23,7,Standard,4,66.8,Wire Transfer,5,25,6,0
INST_04212,Credit Union,North America,Basic,24,3596,2035.8,33515,100,1390.17,12,Standard,7,79.0,Wire Transfer,4,27,3,0
INST_04213,Bank,Europe,Enterprise,6,750,1652.29,13156,29,500.0,6,Standard,8,61.1,Wire Transfer,3,29,5,0
INST_04214,Investment Firm,North America,Professional,16,568,3378.07,12196,91,56800.51,4,Priority,4,77.6,Credit Card,0,16,8,0
INST_04215,Insurance Company,North America,Basic,3,1073,497.14,32435,761,3187.23,9,Standard,11,56.3,Invoice,8,13,6,0
INST_04216,Bank,Europe,Basic,49,63251,156.6,105496,3950,286570.16,5,Premium,5,42.3,Wire Transfer,13,23,4,0
INST_04217,Credit Union,Latin America,Basic,10,1605,4876.37,243883,34,15665.05,8,Priority,5,80.5,ACH,1,20,6,1
INST_04218,Investment Firm,Asia Pacific,Basic,23,18945,269.98,15870,4,76410.79,8,Priority,7,89.0,Invoice,0,25,2,0
INST_04219,Bank,North America,Professional,4,1475,151.98,340215,57,21812.34,2,Standard,11,54.7,Credit Card,0,29,8,0
INST_04220,Bank,North America,Professional,5,11307,321.26,82048,755,6234.0,6,Standard,6,84.6,ACH,28,1,10,1
INST_04221,Investment Firm,Europe,Enterprise,115,11541,124.21,3470,6186,2005.23,9,Standard,17,68.4,ACH,5,21,2,0
INST_04222,Payment Processor,Europe,Professional,33,12442,758.53,3321,1568,1135.4,9,Priority,14,75.3,Wire Transfer,2,21,4,0
INST_04223,Insurance Company,North America,Professional,78,5333,195.04,9265,1500,26356.67,8,Premium,10,89.8,Credit Card,1,26,2,0
INST_04224,Investment Firm,Latin America,Professional,8,23530,285.72,192318,32,7314.04,4,Standard,4,61.3,Wire Transfer,22,32,10,1
INST_04225,Insurance Company,Latin America,Professional,4,5258,1288.63,10383,33,12391.32,7,Premium,6,85.1,Wire Transfer,1,8,7,0
INST_04226,Credit Union,Europe,Professional,16,38960,852.72,1288,13,16679.49,8,Priority,4,66.8,ACH,1,32,6,0
INST_04227,Investment Firm,Latin America,Basic,16,262,411.04,15625,44,8383.0,7,Priority,0,44.6,ACH,2,27,9,0
INST_04228,Credit Union,North America,Basic,4,5026,495.24,1129,769,2421.67,7,Priority,7,69.9,Wire Transfer,2,8,3,1
INST_04229,Bank,Asia Pacific,Basic,31,4559,409.41,4525,2763,22450.18,7,Standard,17,84.3,ACH,0,23,3,0
INST_04230,Insurance Company,Europe,Basic,10,731,240.47,9131,276,3650.87,6,Priority,5,73.1,Wire Transfer,6,24,5,1
INST_04231,Investment Firm,North America,Professional,4,7110,402.21,27570,93,5629.94,6,Standard,1,62.8,ACH,19,11,2,1
INST_04232,Credit Union,Latin America,Basic,9,318,727.06,102359,21,14415.88,7,Priority,4,77.8,ACH,1,13,6,1
INST_04233,Payment Processor,Europe,Enterprise,19,1117,346.75,62392,121,4498.75,10,Standard,0,55.8,ACH,4,3,7,0
INST_04234,Bank,Asia Pacific,Enterprise,31,148,667.62,3755,213,500.0,9,Priority,9,71.5,Credit Card,1,18,7,0
INST_04235,Bank,North America,Enterprise,15,30882,147.82,12612,10,23409.13,4,Priority,7,74.1,ACH,3,35,4,0
INST_04236,Bank,North America,Enterprise,17,2106,195.45,24700,779,32286.14,10,Priority,7,50.5,ACH,8,2,4,0
INST_04237,Insurance Company,North America,Basic,3,76904,167.14,14863,69,500.0,10,Standard,3,44.7,ACH,3,21,2,1
INST_04238,Insurance Company,Europe,Professional,59,9941,204.76,14706,699,1027.68,5,Standard,3,79.7,Credit Card,8,0,2,1
INST_04239,Bank,Asia Pacific,Basic,63,5838,1890.54,1662,145,102315.8,6,Standard,2,71.4,ACH,4,1,5,0
INST_04240,Investment Firm,North America,Enterprise,27,1237,964.15,3908,253,6960.82,6,Standard,17,85.9,ACH,20,21,6,0
INST_04241,Credit Union,Asia Pacific,Enterprise,1,620,110.8,12035,41,4941.02,5,Priority,3,76.1,Credit Card,3,25,9,1
INST_04242,Insurance Company,Asia Pacific,Enterprise,18,6531,681.98,212,79,2592.62,8,Standard,5,62.0,ACH,6,22,5,0
INST_04243,Credit Union,Asia Pacific,Professional,23,2677,252.47,57582,471,1047.27,7,Priority,4,79.3,ACH,1,18,6,0
INST_04244,Credit Union,Europe,Professional,120,399,177.89,2810,117,3671.57,4,Priority,7,56.3,Wire Transfer,1,27,9,0
INST_04245,Payment Processor,Latin America,Basic,120,306,67.84,61713,20,21197.41,4,Standard,28,70.6,Credit Card,2,6,8,0
INST_04246,Bank,Europe,Basic,46,707,1295.05,54088,181,4800.54,11,Standard,6,77.4,ACH,1,33,4,0
INST_04247,Bank,Europe,Professional,1,45773,78.52,9744,297,12276.3,7,Standard,3,74.6,Credit Card,0,25,4,1
INST_04248,Investment Firm,North America,Professional,73,82447,379.04,98796,1756,69463.78,9,Standard,6,69.7,Wire Transfer,1,27,6,0
INST_04249,Payment Processor,North America,Enterprise,22,4054,129.6,67157,1181,2057.57,4,Standard,0,83.8,Credit Card,3,1,1,0
INST_04250,Credit Union,North America,Basic,38,3727,1023.53,13857,132,7741.2,8,Standard,16,54.7,Wire Transfer,5,20,4,0
INST_04251,Bank,Europe,Enterprise,12,1799,270.1,11700,55,22172.11,12,Standard,1,90.2,ACH,4,18,6,0
INST_04252,Bank,North America,Professional,9,733,343.31,114216,98,1212.75,10,Priority,5,87.3,Invoice,1,30,5,0
INST_04253,Credit Union,North America,Enterprise,14,23453,357.49,31195,57,6419.4,6,Premium,3,94.1,Credit Card,0,28,4,0
INST_04254,Bank,Asia Pacific,Enterprise,3,49531,580.03,105561,369,81510.47,10,Standard,13,72.0,ACH,8,11,1,0
INST_04255,Investment Firm,North America,Enterprise,10,780,409.77,611,967,2950.19,6,Standard,23,46.7,Credit Card,7,5,1,0
INST_04256,Payment Processor,North America,Basic,46,2632,383.01,25533,1382,24404.43,7,Premium,0,94.3,ACH,1,9,5,0
INST_04257,Credit Union,North America,Enterprise,1,1518,216.57,2067,70,3977.05,2,Priority,1,68.6,ACH,3,32,7,1
INST_04258,Credit Union,Asia Pacific,Basic,3,1587,60.97,21190,59,73085.15,9,Standard,13,67.4,Wire Transfer,5,13,5,1
INST_04259,Credit Union,North America,Basic,3,17656,105.4,64262,69,500.0,4,Standard,4,75.2,Wire Transfer,5,33,3,1
INST_04260,Bank,Europe,Professional,12,416,955.44,299152,4,5417.74,7,Standard,7,65.9,Wire Transfer,3,13,5,1
INST_04261,Payment Processor,Europe,Enterprise,120,6001,279.5,5392,17,534.71,2,Priority,3,74.3,Wire Transfer,3,35,3,0
INST_04262,Credit Union,Asia Pacific,Professional,4,8887,181.85,10011,139,1717.6,4,Priority,5,51.5,Wire Transfer,3,10,4,0
INST_04263,Credit Union,Europe,Enterprise,3,2408,74.67,19085,293,1702.36,3,Premium,2,52.6,ACH,4,15,6,1
INST_04264,Investment Firm,Asia Pacific,Professional,59,11379,51.24,5106,359,3293.04,12,Standard,6,63.2,Credit Card,3,11,5,0
INST_04265,Credit Union,North America,Basic,51,3719,173.5,95591,36,826.8,12,Premium,3,59.6,ACH,3,35,5,0
INST_04266,Investment Firm,North America,Enterprise,1,18503,1171.06,19828,61,4413.36,13,Priority,8,74.4,Wire Transfer,8,15,1,1
INST_04267,Bank,North America,Basic,33,303,206.75,26447,91,9805.51,7,Priority,6,84.9,ACH,1,29,2,1
INST_04268,Insurance Company,North America,Enterprise,25,1766,652.35,55840,74,500.0,16,Standard,1,39.0,Wire Transfer,3,5,2,0
INST_04269,Payment Processor,North America,Professional,35,2676,195.65,19780,512,1896.19,8,Standard,1,64.9,ACH,5,3,5,1
INST_04270,Investment Firm,North America,Professional,16,54,868.39,6461,14,222234.45,8,Standard,0,70.0,Wire Transfer,3,32,4,1
INST_04271,Payment Processor,Europe,Professional,114,584,264.52,20039,18,8053.45,9,Standard,3,88.5,ACH,1,14,8,1
INST_04272,Bank,Asia Pacific,Basic,1,879,92.0,6098,86,500.0,7,Priority,2,64.8,ACH,0,25,4,1
INST_04273,Credit Union,North America,Professional,6,12361,292.15,25899,12,601.42,6,Priority,0,95.0,Wire Transfer,5,15,4,0
INST_04274,Investment Firm,Asia Pacific,Basic,12,1032,3643.87,98263,4,6897.1,8,Priority,7,94.0,Wire Transfer,6,29,8,0
INST_04275,Investment Firm,North America,Basic,14,873,3455.98,3780,10,5715.85,13,Priority,8,79.2,ACH,0,22,1,1
INST_04276,Credit Union,North America,Basic,61,10160,723.31,2211,95,2036.19,5,Standard,7,90.2,Wire Transfer,6,26,5,0
INST_04277,Bank,Europe,Professional,19,263,342.25,23715,461,131922.83,8,Priority,1,83.3,Wire Transfer,8,27,5,0
INST_04278,Bank,North America,Professional,1,133,580.96,6962,479,249719.42,7,Priority,6,95.4,ACH,11,6,7,1
INST_04279,Credit Union,North America,Professional,12,1733,590.06,23100,2586,3305.77,6,Priority,3,37.1,ACH,21,12,3,1
INST_04280,Bank,Europe,Enterprise,12,339,384.57,35617,178,18204.7,6,Standard,0,66.5,Credit Card,4,11,6,0
INST_04281,Insurance Company,Latin America,Professional,80,359,684.8,884,227,19628.72,6,Standard,23,96.7,ACH,20,22,6,0
INST_04282,Bank,Asia Pacific,Professional,21,7045,517.95,61992,94,23952.06,7,Standard,8,87.1,ACH,3,1,5,1
INST_04283,Bank,North America,Professional,24,11091,276.12,3810,103,1881.59,15,Priority,1,49.5,Wire Transfer,5,5,5,1
INST_04284,Investment Firm,Asia Pacific,Professional,29,9733,96.13,21300,6279,90144.92,4,Priority,2,70.1,ACH,5,0,4,1
INST_04285,Investment Firm,Asia Pacific,Professional,35,15727,232.28,8192,237,4434.21,4,Standard,15,48.1,Wire Transfer,6,14,6,0
INST_04286,Payment Processor,Europe,Basic,24,19181,1053.03,9624,277,9255.64,9,Priority,2,82.0,Credit Card,7,15,3,1
INST_04287,Investment Firm,Asia Pacific,Enterprise,6,122,388.48,279550,18,4929.86,8,Standard,0,74.8,Credit Card,4,6,5,0
INST_04288,Bank,Europe,Professional,49,5858,578.45,35557,310,3985.71,4,Standard,12,87.2,ACH,7,6,6,0
INST_04289,Insurance Company,North America,Basic,31,1346,287.26,85565,485,7462.21,7,Priority,8,86.9,ACH,1,15,6,0
INST_04290,Credit Union,Europe,Professional,32,971,113.12,27623,1095,829.79,9,Priority,5,79.7,Credit Card,3,8,7,0
INST_04291,Bank,Europe,Basic,120,6909,302.97,55827,461,500.0,8,Standard,5,71.9,Credit Card,0,2,5,0
INST_04292,Investment Firm,Europe,Basic,38,222,118.28,41194,118,3568.6,11,Priority,8,83.1,ACH,2,33,3,0
INST_04293,Payment Processor,Europe,Basic,42,215,109.56,32263,109,1312.07,12,Premium,16,63.1,ACH,2,31,3,1
INST_04294,Credit Union,Latin America,Professional,72,7710,1714.31,115929,130,11173.0,9,Standard,12,79.5,Wire Transfer,0,1,5,0
INST_04295,Bank,Latin America,Professional,3,6196,243.69,27854,179,9420.89,13,Standard,1,77.6,Credit Card,1,7,6,1
INST_04296,Bank,Latin America,Enterprise,16,3659,165.71,678556,1453,5015.16,8,Standard,7,77.0,Invoice,6,25,3,0
INST_04297,Bank,Asia Pacific,Basic,20,796,2811.72,93041,1023,45358.92,8,Priority,7,96.2,Wire Transfer,3,2,6,0
INST_04298,Credit Union,Latin America,Professional,9,9097,1072.75,3986,575,4869.07,11,Priority,12,58.8,Invoice,12,33,5,0
INST_04299,Investment Firm,North America,Professional,43,8270,258.32,16901,5724,551.57,8,Premium,16,78.2,Credit Card,2,0,3,1
INST_04300,Bank,North America,Basic,34,3387,673.96,39959,1,3514.08,4,Priority,0,74.9,ACH,3,19,4,0
INST_04301,Payment Processor,Europe,Professional,30,509,304.01,23546,64,28465.6,8,Standard,0,62.8,Wire Transfer,7,14,6,0
INST_04302,Insurance Company,Asia Pacific,Basic,120,1575,175.7,61716,145,500.0,9,Premium,0,68.9,Invoice,0,17,3,0
INST_04303,Investment Firm,Europe,Basic,7,10475,713.11,72803,44,4268.19,10,Standard,8,70.3,Credit Card,12,26,15,0
INST_04304,Insurance Company,Asia Pacific,Professional,31,21824,273.37,2865,27,11651.53,7,Priority,18,71.2,Invoice,3,0,5,1
INST_04305,Bank,North America,Professional,19,1826,441.69,150484,6,262593.77,9,Standard,6,71.1,Credit Card,6,22,3,0
INST_04306,Credit Union,North America,Basic,9,2049,1374.21,10454,84,30103.19,10,Premium,5,85.6,Credit Card,6,30,5,0
INST_04307,Investment Firm,Asia Pacific,Basic,4,2338,1204.06,9010,741,5996.46,6,Priority,12,81.9,ACH,1,25,7,1
INST_04308,Insurance Company,North America,Basic,54,4502,208.49,8967,597,10733.65,10,Standard,34,53.2,ACH,38,13,3,1
INST_04309,Insurance Company,North America,Basic,21,1246,722.88,74077,38,500.0,5,Priority,19,76.5,Wire Transfer,0,6,3,1
INST_04310,Bank,North America,Basic,41,38,104.23,14755,220,1017.82,7,Premium,6,77.7,ACH,13,25,5,1
INST_04311,Payment Processor,North America,Professional,18,17839,692.63,8141,1709,13048.57,5,Standard,41,92.7,Invoice,0,13,6,1
INST_04312,Bank,Asia Pacific,Professional,5,44003,482.12,11661,9,6258.85,13,Priority,8,62.4,ACH,1,28,1,1
INST_04313,Payment Processor,North America,Professional,9,1189,635.73,1492,111,7578.81,9,Standard,8,86.0,ACH,11,0,6,0
INST_04314,Payment Processor,Europe,Professional,11,601,282.33,6227,248,5172.81,6,Premium,0,62.8,ACH,1,0,8,1
INST_04315,Bank,North America,Professional,86,2426,4919.12,3431,151,4877.38,8,Premium,2,80.0,Wire Transfer,0,17,7,0
INST_04316,Insurance Company,Asia Pacific,Basic,1,2250,136.79,14709,686,5735.3,7,Standard,6,52.7,ACH,6,4,3,1
INST_04317,Bank,North America,Basic,101,13270,1294.48,59652,10,1008.23,15,Priority,8,65.3,ACH,1,29,6,0
INST_04318,Credit Union,Europe,Enterprise,94,3235,116.98,50554,24,3486.35,9,Priority,1,85.7,Credit Card,2,3,4,0
INST_04319,Credit Union,Asia Pacific,Basic,120,907,738.94,145092,506,760.4,7,Premium,11,82.5,Wire Transfer,2,34,2,0
INST_04320,Investment Firm,North America,Basic,15,412,805.09,103877,6,1940.31,3,Priority,14,65.9,ACH,5,10,2,1
INST_04321,Payment Processor,Latin America,Basic,79,10921,430.94,9967,639,29550.55,6,Standard,13,58.7,Wire Transfer,6,31,6,0
INST_04322,Investment Firm,Europe,Professional,12,7326,222.65,22665,333,3747.6,6,Priority,5,92.4,ACH,2,9,5,0
INST_04323,Credit Union,Europe,Professional,1,14630,477.88,20976,564,12013.17,19,Standard,2,95.5,Credit Card,11,14,5,1
INST_04324,Insurance Company,North America,Enterprise,6,697,555.8,874,63,5842.66,6,Standard,12,93.5,ACH,1,7,4,1
INST_04325,Payment Processor,Latin America,Enterprise,69,46988,3456.2,3547,371,2759.11,5,Priority,9,71.5,Credit Card,7,1,12,0
INST_04326,Bank,Asia Pacific,Professional,1,217,141.63,17138,17,1082.63,6,Priority,0,74.3,ACH,6,21,4,1
INST_04327,Payment Processor,North America,Professional,18,8642,207.04,16994,70,2697.06,5,Standard,4,60.0,ACH,3,29,7,0
INST_04328,Bank,North America,Basic,1,169,567.75,47500,158,6468.94,5,Priority,12,58.7,ACH,17,26,5,1
INST_04329,Insurance Company,Asia Pacific,Basic,8,910,296.7,44155,29,11733.82,8,Standard,5,94.2,Wire Transfer,3,34,9,1
INST_04330,Bank,Asia Pacific,Basic,2,30993,357.79,1546,219,5904.71,12,Standard,2,80.4,ACH,9,32,4,0
INST_04331,Bank,Asia Pacific,Basic,47,10373,1457.42,47949,18,13019.72,4,Standard,0,72.1,Wire Transfer,0,5,9,0
INST_04332,Credit Union,Europe,Basic,21,1313,50.0,28792,240,502.57,9,Premium,1,68.6,Wire Transfer,2,22,5,0
INST_04333,Investment Firm,Asia Pacific,Basic,55,1368,196.85,56109,3412,18033.63,7,Premium,6,72.4,ACH,1,17,3,0
INST_04334,Credit Union,North America,Professional,27,3466,50.0,109130,15,904.71,10,Standard,2,62.9,Wire Transfer,9,6,5,0
INST_04335,Bank,North America,Enterprise,84,6445,96.06,17777,142,21488.15,6,Priority,0,84.4,Invoice,2,27,6,0
INST_04336,Investment Firm,Europe,Professional,17,19484,7226.78,142683,8,10442.18,10,Premium,0,68.2,Credit Card,3,17,5,0
INST_04337,Payment Processor,Middle East,Enterprise,24,1503,827.0,5801,33,500.0,4,Priority,3,53.9,ACH,5,25,3,0
INST_04338,Credit Union,North America,Professional,20,265,1263.8,5331,525,14845.38,4,Standard,4,82.3,Credit Card,2,2,8,0
INST_04339,Bank,Europe,Professional,15,3772,366.27,41904,68,21865.08,8,Standard,9,95.8,Invoice,2,4,5,0
INST_04340,Credit Union,Asia Pacific,Professional,44,1500,1002.7,12668,564,32429.3,6,Standard,5,50.5,Wire Transfer,2,15,3,0
INST_04341,Bank,Europe,Basic,24,423,50.0,32612,281,1551.69,10,Standard,10,72.1,ACH,7,0,7,1
INST_04342,Insurance Company,Asia Pacific,Basic,38,4658,1402.42,437780,132,6432.49,9,Priority,1,92.3,Credit Card,21,6,4,0
INST_04343,Insurance Company,Asia Pacific,Enterprise,37,2165,150.84,39745,23,13928.25,10,Standard,3,78.0,ACH,1,30,3,0
INST_04344,Investment Firm,North America,Enterprise,5,4720,213.24,30280,509,14831.23,7,Priority,5,68.7,Invoice,5,16,7,1
INST_04345,Credit Union,Middle East,Basic,25,779,739.65,5979,256,9084.1,5,Standard,0,45.3,Wire Transfer,10,25,3,1
INST_04346,Insurance Company,Asia Pacific,Basic,5,6186,589.77,1719,9,2591.64,6,Priority,22,90.3,ACH,20,5,6,1
INST_04347,Investment Firm,Latin America,Professional,21,413,446.55,19755,26,21631.71,7,Standard,17,47.5,ACH,4,13,4,1
INST_04348,Insurance Company,Asia Pacific,Basic,27,861,78.59,109131,1,21823.22,8,Premium,7,85.9,Credit Card,1,29,6,0
INST_04349,Investment Firm,Latin America,Professional,120,2070,454.76,13569,12,3899.42,10,Standard,1,46.6,Invoice,3,1,4,0
INST_04350,Insurance Company,North America,Basic,1,40648,1277.52,40222,84,1517.27,7,Standard,1,75.1,ACH,5,11,4,1
INST_04351,Investment Firm,North America,Professional,2,9674,212.94,187165,22,1649.36,9,Priority,15,71.6,ACH,3,18,4,1
INST_04352,Credit Union,Latin America,Basic,1,14999,1954.57,180281,33,38071.7,6,Standard,2,82.1,Wire Transfer,1,22,4,1
INST_04353,Payment Processor,North America,Professional,12,24974,141.57,41907,1813,20455.71,8,Standard,3,63.8,Wire Transfer,1,5,5,0
INST_04354,Credit Union,North America,Basic,41,662813,406.61,28428,945,4769.23,15,Premium,3,98.0,Wire Transfer,8,33,8,0
INST_04355,Investment Firm,Asia Pacific,Professional,44,3172,2546.29,2257,42,3645.47,6,Priority,1,68.0,Wire Transfer,16,26,5,0
INST_04356,Bank,Asia Pacific,Enterprise,32,25099,178.1,8558,619,500.0,8,Priority,9,83.6,Wire Transfer,5,2,3,0
INST_04357,Investment Firm,North America,Professional,54,13615,1429.07,14456,1321,4330.33,6,Standard,5,80.3,ACH,3,16,1,0
INST_04358,Investment Firm,Latin America,Enterprise,9,13280,4313.84,6133,451,823.31,7,Standard,15,92.4,Wire Transfer,1,32,5,0
INST_04359,Bank,Asia Pacific,Enterprise,2,42674,495.34,31974,254,6238.53,6,Priority,1,87.6,ACH,0,32,6,0
INST_04360,Bank,Europe,Enterprise,1,1589,214.34,387500,1071,29081.89,9,Priority,2,70.0,ACH,1,31,6,1
INST_04361,Investment Firm,Asia Pacific,Professional,45,1410,159.61,214623,592,1129.27,10,Standard,4,93.1,ACH,0,4,8,0
INST_04362,Insurance Company,Europe,Professional,31,4815,1930.48,31755,16,7029.57,12,Standard,4,82.9,ACH,2,18,3,0
INST_04363,Credit Union,North America,Enterprise,28,2266,1866.9,70908,105,21953.23,9,Priority,27,76.6,ACH,0,16,6,0
INST_04364,Bank,North America,Basic,9,4806,2296.57,7384,54,6839.32,4,Priority,6,66.2,ACH,0,15,2,1
INST_04365,Investment Firm,Europe,Professional,11,31073,387.84,198022,1181,2239.54,9,Priority,3,65.8,Wire Transfer,0,13,5,1
INST_04366,Bank,Europe,Enterprise,76,1455,1401.6,2115,52,4991.94,6,Standard,2,95.0,ACH,11,30,6,0
INST_04367,Credit Union,Asia Pacific,Professional,1,1887,380.46,86616,38,20658.31,6,Standard,6,73.2,Wire Transfer,1,28,1,0
INST_04368,Bank,Asia Pacific,Enterprise,35,3871,139.82,46322,942,7287.14,4,Standard,5,81.8,Invoice,3,6,4,0
INST_04369,Bank,Europe,Professional,8,2116,1554.66,7088,236,4889.98,7,Priority,4,78.0,Wire Transfer,1,28,4,0
INST_04370,Bank,Asia Pacific,Enterprise,1,168,2865.92,16103,6642,27839.6,8,Standard,20,69.6,Credit Card,5,24,7,0
INST_04371,Credit Union,North America,Professional,32,1248,118.54,4018,31,10640.01,9,Priority,4,72.5,Wire Transfer,0,1,1,1
INST_04372,Bank,North America,Professional,9,8358,115.89,4283,58,808.88,12,Standard,1,74.0,Invoice,2,3,3,0
INST_04373,Credit Union,Latin America,Professional,30,25753,423.26,2025,1118,12671.61,3,Priority,1,72.7,ACH,1,34,6,0
INST_04374,Credit Union,North America,Enterprise,29,527,1270.74,69652,14,20421.39,5,Premium,16,75.7,Credit Card,3,19,2,0
INST_04375,Credit Union,North America,Enterprise,18,523,103.48,134324,1596,768.18,8,Priority,42,57.3,Credit Card,0,35,5,1
INST_04376,Credit Union,Asia Pacific,Enterprise,36,3119,529.76,860,16,500.0,13,Standard,6,81.9,Wire Transfer,4,34,5,0
INST_04377,Insurance Company,Europe,Professional,20,132,198.64,347131,445,1029.78,9,Standard,9,93.2,Credit Card,6,27,1,1
INST_04378,Bank,Latin America,Professional,8,1529,935.42,21633,5,4214.35,1,Priority,3,82.6,ACH,2,11,6,0
INST_04379,Credit Union,North America,Basic,31,220,154.86,34022,160,22352.26,7,Priority,13,68.0,Invoice,14,6,4,0
INST_04380,Bank,North America,Enterprise,21,23239,1018.58,2419,12,1291.52,5,Standard,2,71.3,Invoice,1,0,2,1
INST_04381,Bank,North America,Professional,1,940,333.67,159729,4756,11301.38,7,Standard,0,53.9,Invoice,0,5,3,0
INST_04382,Investment Firm,Europe,Basic,55,35569,131.03,29743,21,500.0,7,Standard,0,93.1,Wire Transfer,0,31,6,0
INST_04383,Investment Firm,North America,Basic,18,15839,435.47,121569,33,6441.14,4,Priority,12,80.5,Invoice,2,25,5,0
INST_04384,Payment Processor,Europe,Enterprise,48,1130,50.0,137487,389,2670.15,6,Premium,3,83.2,Wire Transfer,0,30,5,0
INST_04385,Investment Firm,Latin America,Enterprise,51,597,206.25,163131,50,114450.55,7,Priority,24,15.7,ACH,0,30,5,0
INST_04386,Payment Processor,Latin America,Enterprise,14,2229,604.79,8329,523,500.0,6,Standard,3,88.6,ACH,1,35,7,0
INST_04387,Bank,North America,Professional,17,2547,50.0,16123,41,4809.02,9,Priority,20,59.9,ACH,1,25,4,0
INST_04388,Bank,Europe,Professional,12,5010,50.0,8799,35,500.0,7,Standard,4,84.8,Invoice,0,20,2,0
INST_04389,Bank,Europe,Professional,14,930,50.0,84342,141,2154.77,6,Standard,8,61.3,Wire Transfer,2,21,6,0
INST_04390,Bank,Latin America,Basic,54,9132,1983.37,36291,16,500.0,9,Premium,2,82.6,Credit Card,15,24,4,0
INST_04391,Credit Union,Middle East,Enterprise,37,4438,367.93,109504,302,155000.42,7,Standard,5,24.4,Credit Card,12,16,9,0
INST_04392,Investment Firm,North America,Basic,3,1788,212.95,116903,719,2883.26,9,Premium,2,28.6,Credit Card,0,24,5,1
INST_04393,Bank,Asia Pacific,Professional,22,1024,1254.12,1650,401,3581.21,7,Priority,7,72.9,Invoice,8,21,6,0
INST_04394,Payment Processor,North America,Professional,120,2258,248.31,167067,472,4609.61,9,Priority,1,95.4,Wire Transfer,1,5,5,0
INST_04395,Insurance Company,North America,Professional,21,875,556.77,91701,4,899.27,7,Standard,3,89.9,Wire Transfer,3,4,9,1
INST_04396,Bank,North America,Enterprise,36,3254,416.09,12659,64,23929.28,5,Premium,7,94.7,Credit Card,3,7,8,0
INST_04397,Bank,Europe,Basic,35,3388,229.25,37223,98,12839.62,6,Standard,2,90.3,Credit Card,20,27,6,0
INST_04398,Bank,Europe,Professional,10,4414,574.2,18297,2034,19475.4,9,Premium,2,61.1,ACH,4,9,2,0
INST_04399,Bank,North America,Basic,11,42165,1020.36,55496,52,790.81,9,Priority,3,55.6,ACH,4,30,6,0
INST_04400,Bank,Asia Pacific,Basic,30,2443,323.15,12618,2,26983.28,8,Standard,6,89.6,Wire Transfer,13,10,7,0
INST_04401,Credit Union,North America,Professional,16,13452,232.14,45179,24,22691.87,8,Priority,2,64.0,ACH,0,22,5,0
INST_04402,Bank,Europe,Basic,20,4206,267.46,24366,45,3468.27,5,Priority,3,54.5,Credit Card,3,31,4,1
INST_04403,Credit Union,North America,Professional,29,2085,50.0,11518,3,18817.29,15,Priority,0,73.2,Credit Card,0,30,2,0
INST_04404,Payment Processor,North America,Professional,36,2493,566.61,29295,848,7398.31,12,Standard,8,75.5,Credit Card,0,30,3,0
INST_04405,Investment Firm,Europe,Basic,7,2729,94.54,1276591,8,500.0,13,Standard,11,66.5,ACH,6,29,4,1
INST_04406,Payment Processor,North America,Basic,3,4535,858.91,7876,331,3736.08,9,Premium,12,55.8,ACH,4,24,5,0
INST_04407,Bank,Europe,Professional,8,706,361.94,15139,20,2386.86,9,Priority,5,39.5,ACH,0,25,4,1
INST_04408,Credit Union,North America,Enterprise,17,330,457.67,8085,2236,5586.62,11,Standard,3,81.9,Invoice,3,34,5,0
INST_04409,Investment Firm,Europe,Professional,10,7954,934.86,9463,90,22735.65,15,Standard,1,86.9,Wire Transfer,14,28,4,0
INST_04410,Bank,North America,Professional,20,11466,132.71,74881,62,500.0,9,Standard,7,85.0,ACH,0,5,7,0
INST_04411,Bank,Asia Pacific,Professional,1,9122,628.35,64461,384,2526.61,10,Standard,6,65.0,ACH,0,8,7,0
INST_04412,Investment Firm,Asia Pacific,Professional,17,3761,556.21,21833,24,1432.6,6,Standard,3,36.3,Credit Card,5,12,3,0
INST_04413,Investment Firm,North America,Basic,11,9422,323.2,102687,418,1527.92,6,Standard,6,90.1,Credit Card,1,3,10,0
INST_04414,Credit Union,Europe,Professional,18,8691,132.45,72414,62,1429.87,16,Priority,21,46.4,Invoice,7,31,3,1
INST_04415,Credit Union,North America,Professional,13,9715,824.1,17266,50,5443.92,8,Priority,1,78.0,ACH,12,15,6,0
INST_04416,Credit Union,Europe,Professional,8,821,938.37,2206,126,10772.62,8,Standard,23,86.4,ACH,0,15,1,0
INST_04417,Bank,North America,Professional,56,575,462.35,76471,20,8287.37,8,Premium,5,68.3,Credit Card,1,14,7,0
INST_04418,Bank,Europe,Enterprise,4,1664,111.68,28410,105,6493.15,9,Priority,12,61.1,Credit Card,4,17,3,1
INST_04419,Bank,Europe,Basic,27,2904,214.23,22773,273,12489.16,1,Standard,35,92.7,ACH,3,7,6,1
INST_04420,Bank,Latin America,Enterprise,62,2073,375.25,10948,2,174641.26,8,Standard,18,69.8,Wire Transfer,3,26,7,0
INST_04421,Payment Processor,Europe,Professional,18,178,921.68,67303,1058,6025.99,9,Standard,3,69.8,ACH,5,31,5,0
INST_04422,Investment Firm,Europe,Professional,50,39440,60.33,37150,644,22736.06,6,Priority,4,84.8,Credit Card,8,25,6,0
INST_04423,Insurance Company,Europe,Basic,3,1976,205.09,15440,5,20874.32,10,Priority,6,87.0,Wire Transfer,1,9,9,0
INST_04424,Bank,Latin America,Professional,16,3862,248.84,3504,3,70734.68,7,Standard,7,67.5,Credit Card,6,1,4,0
INST_04425,Credit Union,Asia Pacific,Professional,14,19279,365.09,109304,675,11393.27,8,Standard,1,86.6,Credit Card,0,5,2,0
INST_04426,Bank,North America,Professional,1,88,84.64,54576,587,1385.1,7,Standard,20,96.3,Wire Transfer,6,24,7,1
INST_04427,Bank,Asia Pacific,Basic,14,1383,310.74,32309,455,7764.54,9,Standard,12,74.8,Wire Transfer,8,27,4,0
INST_04428,Bank,Europe,Professional,11,1667,277.94,409,11,7163.17,5,Priority,0,76.9,Invoice,13,17,4,0
INST_04429,Insurance Company,Asia Pacific,Basic,26,1799,116.15,20809,3990,16693.49,6,Premium,33,79.8,Invoice,5,0,2,1
INST_04430,Investment Firm,Asia Pacific,Enterprise,66,2297,350.18,15339,38,1325.98,10,Standard,38,93.4,Credit Card,1,17,6,0
INST_04431,Credit Union,North America,Enterprise,2,26126,210.73,8710,228,32842.6,5,Premium,3,41.9,Wire Transfer,5,31,8,1
INST_04432,Credit Union,Asia Pacific,Basic,9,8186,731.21,68278,233,4953.53,6,Standard,13,76.5,ACH,0,4,2,1
INST_04433,Payment Processor,North America,Enterprise,14,12544,139.44,64362,2610,17310.51,6,Premium,2,52.7,ACH,5,32,6,0
INST_04434,Bank,North America,Enterprise,14,3199,449.35,42414,185,7820.55,11,Standard,1,79.2,Credit Card,10,34,7,0
INST_04435,Bank,North America,Professional,35,365,152.92,104488,313,5906.96,4,Standard,13,66.1,Credit Card,15,23,5,0
INST_04436,Bank,Asia Pacific,Professional,14,131,196.43,4753,129,6979.86,8,Standard,5,78.5,Wire Transfer,1,2,8,1
INST_04437,Insurance Company,North America,Professional,1,300,576.37,11153,17,13466.87,5,Priority,0,79.1,Wire Transfer,4,12,10,1
INST_04438,Payment Processor,North America,Professional,29,5113,534.68,24641,2,92779.61,10,Standard,12,87.4,ACH,19,31,2,0
INST_04439,Bank,Asia Pacific,Professional,51,3126,244.59,8664,157,500.0,9,Priority,3,93.6,ACH,4,25,4,0
INST_04440,Payment Processor,North America,Professional,17,2174,291.99,65562,11,11048.0,10,Standard,1,87.1,Wire Transfer,14,17,1,0
INST_04441,Insurance Company,North America,Professional,20,1714,70.5,10063,278,5249.83,10,Standard,5,75.0,ACH,2,5,7,0
INST_04442,Bank,North America,Basic,4,60936,2171.81,154439,193,3768.15,8,Premium,4,51.7,Credit Card,7,17,9,1
INST_04443,Credit Union,North America,Enterprise,5,867,920.53,5449,185,500.0,8,Standard,11,59.3,ACH,0,3,4,1
INST_04444,Credit Union,Europe,Professional,6,11988,881.6,539272,22,11734.77,5,Priority,4,62.9,ACH,1,22,2,0
INST_04445,Payment Processor,North America,Professional,13,2989,59.5,462289,958,4074.67,7,Premium,7,81.4,Credit Card,0,28,8,0
INST_04446,Bank,Middle East,Enterprise,63,2720,197.44,19108,348,1405.79,8,Standard,3,85.2,Wire Transfer,0,22,11,0
INST_04447,Insurance Company,Asia Pacific,Professional,17,17412,270.03,122915,17,5238.13,11,Priority,0,57.9,Wire Transfer,2,0,4,1
INST_04448,Bank,North America,Professional,5,26736,50.0,12080,6144,3167.87,8,Standard,0,59.0,Wire Transfer,9,24,4,1
INST_04449,Insurance Company,North America,Enterprise,7,2081,1173.73,100702,101,500.0,10,Standard,2,87.1,Credit Card,1,17,6,1
INST_04450,Credit Union,Europe,Enterprise,11,9885,2309.21,16916,13,5609.84,6,Priority,7,23.2,Invoice,1,15,5,0
INST_04451,Investment Firm,Europe,Basic,23,5145,4790.17,3202,37,11732.41,9,Standard,0,90.3,Wire Transfer,7,10,3,0
INST_04452,Insurance Company,North America,Professional,13,3014,115.0,110,9,2156.3,6,Standard,2,70.1,Wire Transfer,1,4,5,0
INST_04453,Insurance Company,North America,Enterprise,11,4049,464.42,14719,1714,7277.69,6,Standard,1,54.2,Credit Card,4,20,4,0
INST_04454,Payment Processor,Latin America,Professional,19,1062,1973.14,33476,1037,5780.05,11,Priority,4,88.9,ACH,0,29,2,0
INST_04455,Bank,North America,Professional,6,1883,297.57,162019,561,23581.98,10,Premium,9,87.9,Credit Card,2,35,5,0
INST_04456,Investment Firm,North America,Basic,1,1247,204.31,23270,400,4206.82,3,Standard,5,87.0,ACH,3,22,4,0
INST_04457,Bank,Latin America,Basic,1,11522,50.0,99147,1403,16344.35,4,Standard,6,67.0,Wire Transfer,29,11,7,1
INST_04458,Credit Union,Asia Pacific,Professional,6,2584,1570.5,11148,96,3071.65,10,Standard,20,60.3,Wire Transfer,9,14,2,0
INST_04459,Credit Union,North America,Professional,2,425,394.21,13280,317,93993.69,16,Priority,4,73.8,Wire Transfer,0,26,5,0
INST_04460,Credit Union,Asia Pacific,Enterprise,9,1007,168.14,107050,34,2552.27,9,Priority,11,61.2,Wire Transfer,5,17,2,0
INST_04461,Credit Union,North America,Professional,35,24,567.15,546,112,1759.0,8,Standard,2,87.0,Wire Transfer,5,18,5,0
INST_04462,Payment Processor,Asia Pacific,Basic,30,1419,484.74,22459,333,4227.06,7,Standard,6,91.7,ACH,3,5,1,0
INST_04463,Bank,Europe,Basic,22,3154,493.69,12089,1,1649.08,9,Premium,10,55.0,Wire Transfer,0,19,4,0
INST_04464,Investment Firm,Asia Pacific,Enterprise,45,2430,310.9,169552,48,755.22,8,Premium,12,68.6,Wire Transfer,1,34,5,0
INST_04465,Credit Union,Middle East,Professional,7,58118,2826.6,9972,199,14638.4,5,Standard,1,80.3,Credit Card,1,12,4,0
INST_04466,Bank,Latin America,Professional,51,7061,343.64,47804,129,500.0,9,Priority,2,81.9,Credit Card,0,6,8,0
INST_04467,Bank,Latin America,Enterprise,12,6605,2816.32,87752,65,1675.22,11,Premium,3,75.0,Credit Card,10,17,4,0
INST_04468,Payment Processor,Europe,Professional,12,253,793.89,2347,428,656.78,5,Priority,2,72.7,Wire Transfer,4,18,4,1
INST_04469,Payment Processor,North America,Basic,12,1725,614.87,17871,41,6083.01,10,Priority,5,43.9,Credit Card,1,35,6,0
INST_04470,Payment Processor,Europe,Enterprise,2,1436,352.15,11528,16,500.0,6,Priority,11,42.0,ACH,10,7,5,1
INST_04471,Payment Processor,Asia Pacific,Enterprise,89,916,1298.22,91075,1249,11178.82,9,Premium,1,94.9,Wire Transfer,9,19,5,0
INST_04472,Bank,Latin America,Basic,3,898,462.01,60634,969,13149.45,6,Standard,3,98.8,ACH,1,13,3,1
INST_04473,Credit Union,North America,Enterprise,10,197,131.82,15524,50,500.0,11,Standard,9,79.9,Wire Transfer,1,26,6,1
INST_04474,Investment Firm,Latin America,Professional,9,439,126.65,4577,131,6541.38,9,Priority,8,74.8,Wire Transfer,0,31,6,0
INST_04475,Credit Union,Asia Pacific,Professional,1,11060,669.8,104529,680,10658.24,3,Standard,1,69.6,ACH,1,27,8,1
INST_04476,Credit Union,Middle East,Enterprise,3,2405,135.79,19900,160,20139.75,9,Standard,7,82.6,Wire Transfer,6,6,5,0
INST_04477,Credit Union,Latin America,Enterprise,1,1394,374.4,1943,385,542.73,8,Standard,23,83.0,Credit Card,1,23,1,1
INST_04478,Investment Firm,North America,Basic,8,2956,1434.57,2211,349,500.0,9,Standard,6,82.4,Wire Transfer,8,8,5,1
INST_04479,Investment Firm,North America,Basic,48,17172,581.01,42465,83,46815.7,8,Premium,2,89.3,Credit Card,17,35,4,0
INST_04480,Bank,North America,Basic,9,2999,169.6,3249,375,1432.48,6,Standard,5,91.7,Wire Transfer,0,20,5,1
INST_04481,Credit Union,North America,Professional,3,6704,2190.72,358423,26,2228.08,4,Priority,2,90.9,Wire Transfer,3,15,8,0
INST_04482,Investment Firm,Europe,Basic,24,837,778.56,5401,301,12703.61,6,Standard,5,75.0,ACH,0,23,9,1
INST_04483,Investment Firm,Asia Pacific,Professional,120,1178,1368.34,22014,129,850.82,4,Priority,12,94.1,Credit Card,2,21,3,0
INST_04484,Bank,Latin America,Basic,6,5069,50.0,27963,77,3298.51,5,Priority,1,60.0,Invoice,13,33,6,1
INST_04485,Insurance Company,Europe,Professional,7,50969,600.06,7375,15,18725.03,7,Premium,3,45.7,ACH,2,18,6,0
INST_04486,Bank,North America,Basic,85,25454,1108.31,765,188,583.09,11,Priority,7,92.0,ACH,5,27,6,0
INST_04487,Credit Union,North America,Enterprise,4,7145,3103.69,29329,159,2321.56,12,Standard,4,62.9,Credit Card,3,35,4,1
INST_04488,Insurance Company,North America,Basic,17,3741,69.65,7116,32,906.79,8,Standard,10,62.9,Invoice,4,22,5,1
INST_04489,Investment Firm,North America,Professional,6,24382,1715.29,26233,8,1539.32,8,Standard,1,77.8,ACH,25,4,2,0
INST_04490,Bank,Europe,Enterprise,64,9818,2902.29,18333,7,29099.4,7,Standard,14,72.5,Wire Transfer,8,35,6,0
INST_04491,Investment Firm,North America,Professional,95,95,50.0,32693,93,40440.84,3,Priority,26,46.2,ACH,12,23,3,0
INST_04492,Investment Firm,North America,Basic,40,613,716.45,229304,257,7235.47,7,Standard,3,35.0,Wire Transfer,5,35,5,0
INST_04493,Insurance Company,North America,Basic,9,4950,846.53,9708,4146,10919.6,8,Premium,0,76.6,Wire Transfer,2,18,8,0
INST_04494,Insurance Company,Europe,Professional,12,204,272.49,10902,136,10480.61,4,Standard,30,58.6,ACH,2,1,5,0
INST_04495,Investment Firm,Europe,Professional,6,775,224.05,1810,7,1792.73,10,Standard,3,89.4,Invoice,17,33,6,1
INST_04496,Credit Union,Europe,Professional,53,1043,899.13,16435,102,7024.97,17,Priority,4,84.7,Invoice,1,31,2,0
INST_04497,Bank,Europe,Professional,59,2029,192.87,40733,1411,704.18,9,Premium,1,79.6,Credit Card,1,17,5,0
INST_04498,Bank,Middle East,Professional,13,1936,310.85,10665,43,1166.95,11,Standard,0,54.7,ACH,0,12,5,0
INST_04499,Credit Union,North America,Professional,25,1932,1069.47,41136,1111,4314.76,8,Priority,0,94.2,ACH,3,5,4,0
INST_04500,Investment Firm,Europe,Professional,4,10280,3310.49,16877,203,1000.79,9,Priority,1,68.0,Credit Card,6,33,6,1
INST_04501,Credit Union,Asia Pacific,Enterprise,13,2002,769.38,3123,475,728.44,9,Standard,30,86.3,Credit Card,3,18,7,0
INST_04502,Bank,Europe,Basic,23,1674,473.51,35171,4213,1689.44,6,Priority,11,63.7,ACH,11,28,6,0
INST_04503,Bank,Latin America,Professional,11,393,217.09,16175,5,27432.96,7,Standard,3,65.7,ACH,6,22,5,0
INST_04504,Credit Union,North America,Basic,10,13856,119.97,26479,745,50802.9,10,Priority,2,80.7,Credit Card,0,4,4,0
INST_04505,Bank,Europe,Professional,1,1088,1527.66,9410,125,4680.5,7,Standard,1,59.4,Wire Transfer,15,1,3,1
INST_04506,Insurance Company,North America,Enterprise,39,583,335.58,8241,26,11769.87,8,Standard,4,90.3,Invoice,5,13,6,0
INST_04507,Bank,Europe,Professional,52,4103,1604.94,27892,123,2110.67,10,Priority,16,86.2,Credit Card,0,0,5,0
INST_04508,Investment Firm,North America,Enterprise,83,943,271.66,15585,3114,500.0,6,Priority,34,59.5,Credit Card,2,7,5,1
INST_04509,Payment Processor,North America,Professional,30,1354,185.09,292557,1640,1286.55,3,Priority,16,83.3,Invoice,3,33,5,0
INST_04510,Bank,Europe,Enterprise,19,4392,668.45,72991,4,3094.82,10,Priority,0,73.0,Wire Transfer,4,20,3,0
INST_04511,Credit Union,Europe,Professional,7,1826,368.03,49886,37,6072.06,10,Standard,1,43.0,ACH,15,24,2,0
INST_04512,Bank,North America,Basic,120,95550,94.95,16878,810,4223.99,10,Standard,1,75.4,ACH,2,28,6,0
INST_04513,Investment Firm,Asia Pacific,Basic,21,2664,3571.86,1054,142,3221.27,14,Premium,1,83.4,Credit Card,4,34,2,0
INST_04514,Investment Firm,Europe,Professional,27,7530,190.11,6559,143,2075.69,17,Priority,0,65.4,Credit Card,2,5,10,0
INST_04515,Credit Union,North America,Basic,27,161,1227.96,8342,8,8232.08,9,Standard,0,85.8,ACH,11,20,6,0
INST_04516,Credit Union,Europe,Professional,44,819,1107.91,14581,38,635.34,11,Standard,3,71.2,ACH,15,13,4,0
INST_04517,Payment Processor,Asia Pacific,Professional,1,583,89.0,20951,12,16368.17,9,Priority,1,52.6,Credit Card,6,13,4,1
INST_04518,Bank,Europe,Enterprise,5,712,121.16,58930,7,2039.53,8,Standard,1,76.7,Wire Transfer,1,24,4,0
INST_04519,Bank,North America,Professional,26,5559,280.95,33180,15,109168.45,9,Premium,5,63.9,Invoice,4,7,8,0
INST_04520,Payment Processor,North America,Professional,54,14091,142.77,125342,27,3062.62,5,Standard,1,72.7,Wire Transfer,1,22,4,0
INST_04521,Investment Firm,Europe,Enterprise,27,4998,3202.69,13796,37,2391.64,10,Priority,0,85.3,Credit Card,4,13,6,0
INST_04522,Payment Processor,Latin America,Enterprise,12,2121,317.28,32394,32,2113.23,11,Priority,8,96.3,Wire Transfer,2,4,8,0
INST_04523,Investment Firm,Asia Pacific,Basic,10,1157,1173.44,36892,931,2427.69,6,Priority,2,50.4,Credit Card,7,30,3,0
INST_04524,Insurance Company,North America,Professional,32,15841,747.22,31843,28,12220.16,6,Standard,9,77.4,Wire Transfer,11,5,1,0
INST_04525,Credit Union,Europe,Professional,32,66628,553.81,150668,1933,4612.78,10,Standard,15,58.7,ACH,0,18,10,0
INST_04526,Insurance Company,Latin America,Professional,22,3650,423.43,73545,62,21603.76,9,Priority,18,40.3,Credit Card,12,9,8,0
INST_04527,Payment Processor,North America,Professional,8,12198,1780.34,3043,327,9863.85,7,Premium,1,77.6,Wire Transfer,1,34,2,0
INST_04528,Investment Firm,Middle East,Enterprise,62,4989,149.89,18555,346,5152.51,10,Standard,7,67.0,Credit Card,6,22,4,0
INST_04529,Bank,Latin America,Professional,19,9258,3202.23,21569,29,8599.26,8,Standard,0,75.5,Wire Transfer,1,22,6,0
INST_04530,Bank,North America,Professional,37,519,86.08,555326,82,29570.14,6,Standard,4,73.7,Credit Card,2,19,8,0
INST_04531,Bank,Latin America,Enterprise,5,1433,1030.52,13430,60,13161.4,9,Priority,3,87.1,Wire Transfer,4,32,4,0
INST_04532,Bank,North America,Basic,10,5394,74.72,5045,290,7486.34,9,Standard,1,76.0,Credit Card,0,10,4,0
INST_04533,Bank,Asia Pacific,Professional,49,18374,276.21,42509,117,9266.06,9,Priority,10,63.2,Wire Transfer,1,20,5,0
INST_04534,Investment Firm,Europe,Professional,1,873,451.23,46419,38,872.16,10,Priority,17,79.3,Wire Transfer,3,8,7,0
INST_04535,Investment Firm,Europe,Basic,17,141,224.97,19719,183,232709.06,6,Standard,2,70.8,ACH,0,7,4,0
INST_04536,Credit Union,Europe,Professional,15,1411,324.41,15829,273,10852.91,5,Priority,2,90.4,ACH,0,17,5,0
INST_04537,Investment Firm,Asia Pacific,Basic,33,13564,76.37,91432,4146,12605.29,10,Standard,1,67.9,Credit Card,5,9,7,0
INST_04538,Bank,North America,Enterprise,7,277,123.35,6121,167,4707.73,9,Standard,8,61.8,ACH,33,26,4,0
INST_04539,Bank,Europe,Professional,5,510,733.57,13207,151,500.0,9,Standard,0,50.0,ACH,21,1,7,1
INST_04540,Bank,North America,Professional,62,3766,418.05,10064,320,3301.01,6,Priority,0,94.7,Credit Card,3,4,3,0
INST_04541,Credit Union,North America,Professional,20,2504,176.16,113645,26,5507.8,9,Priority,1,80.7,Wire Transfer,7,22,5,0
INST_04542,Bank,North America,Basic,2,7271,1976.6,33800,6,1430.45,9,Priority,5,88.5,Wire Transfer,4,2,4,1
INST_04543,Bank,Europe,Basic,5,471,93.32,4458,84,1411.87,3,Standard,2,87.9,ACH,0,11,5,1
INST_04544,Credit Union,North America,Professional,120,1830,261.41,5183,1022,2954.61,7,Standard,30,94.7,Credit Card,11,22,7,0
INST_04545,Insurance Company,North America,Professional,5,17903,219.91,365902,1367,15635.41,6,Standard,3,87.1,Credit Card,7,7,4,0
INST_04546,Bank,North America,Professional,22,498,843.91,111840,5,32326.14,5,Priority,4,66.4,Credit Card,1,28,6,1
INST_04547,Investment Firm,North America,Professional,13,27319,427.43,77833,492,6351.49,11,Priority,0,69.9,ACH,17,34,5,0
INST_04548,Investment Firm,Europe,Professional,52,601,354.32,22434,2,2098.4,8,Standard,8,59.6,ACH,2,33,5,1
INST_04549,Insurance Company,Middle East,Professional,33,10658,50.0,211654,339,2853.85,9,Priority,10,83.3,Credit Card,2,3,5,0
INST_04550,Payment Processor,North America,Professional,21,1703,1139.15,4208,304,5706.16,12,Standard,2,40.7,Invoice,5,25,1,1
INST_04551,Bank,Latin America,Basic,1,535,310.63,68148,6,6816.12,11,Premium,9,83.3,Credit Card,5,27,4,1
INST_04552,Bank,Asia Pacific,Professional,50,1414,463.49,11328,897,9437.43,9,Premium,1,54.6,ACH,5,6,7,0
INST_04553,Payment Processor,Europe,Enterprise,14,6750,164.3,15163,3425,2542.65,9,Priority,11,85.4,ACH,0,3,3,0
INST_04554,Credit Union,Europe,Basic,64,2950,136.05,65426,132,10871.9,13,Standard,5,90.6,ACH,2,3,13,0
INST_04555,Investment Firm,Asia Pacific,Professional,16,15957,2438.52,17759,191,9656.2,15,Standard,3,86.6,Credit Card,0,17,2,0
INST_04556,Investment Firm,North America,Professional,28,25683,50.0,11475,2126,2717.21,11,Standard,8,73.3,ACH,2,31,5,0
INST_04557,Investment Firm,Europe,Professional,1,505,113.86,10480,19,500.0,5,Priority,6,78.1,Wire Transfer,9,11,5,1
INST_04558,Payment Processor,Asia Pacific,Professional,32,452,2384.13,1119,20,1303.22,11,Standard,5,77.2,ACH,1,5,5,1
INST_04559,Payment Processor,Europe,Basic,9,421,870.35,69203,32,51605.99,10,Premium,1,82.4,Wire Transfer,0,21,4,0
INST_04560,Insurance Company,Asia Pacific,Professional,10,773,272.99,4866,158,500.0,6,Priority,13,77.8,ACH,12,13,6,1
INST_04561,Bank,North America,Basic,3,15620,1800.67,357758,157,35464.35,6,Priority,3,63.1,Credit Card,1,35,8,1
INST_04562,Payment Processor,Asia Pacific,Professional,3,6908,689.68,14308,54,500.0,5,Standard,4,78.8,ACH,3,19,3,0
INST_04563,Bank,Europe,Enterprise,4,1316,533.36,157024,86,1541.14,8,Priority,1,52.6,Wire Transfer,2,0,8,1
INST_04564,Bank,North America,Professional,9,2931,528.83,1460,56,2801.53,8,Standard,18,65.1,Invoice,0,27,3,1
INST_04565,Payment Processor,North America,Basic,53,24500,705.06,65987,61,71214.71,8,Priority,5,71.5,Invoice,1,33,5,0
INST_04566,Bank,Europe,Enterprise,11,52157,740.13,97035,37,5111.24,7,Standard,4,63.9,Wire Transfer,4,27,6,0
INST_04567,Bank,Latin America,Enterprise,30,4398,5626.08,155646,37,3565.26,10,Premium,26,74.4,ACH,0,10,3,0
INST_04568,Bank,Europe,Professional,2,55,319.3,2225,4,1208.31,5,Premium,3,96.1,ACH,0,31,2,0
INST_04569,Payment Processor,Asia Pacific,Professional,21,4656,331.34,7676,99,10753.01,7,Priority,0,81.6,ACH,0,21,4,0
INST_04570,Credit Union,Europe,Basic,15,12114,91.44,52300,4,2277.7,6,Priority,1,87.0,ACH,1,18,1,0
INST_04571,Investment Firm,North America,Enterprise,91,4175,379.07,27519,573,3485.94,9,Priority,9,65.1,Wire Transfer,6,6,2,0
INST_04572,Bank,North America,Professional,44,8864,3772.39,34202,54,2871.15,13,Priority,1,66.7,Credit Card,3,15,5,0
INST_04573,Insurance Company,North America,Enterprise,14,5092,1314.72,12830,119,14469.43,6,Premium,1,55.4,Credit Card,3,24,6,0
INST_04574,Insurance Company,North America,Professional,35,467,210.1,225527,75,15408.6,6,Premium,4,80.7,ACH,2,29,7,0
INST_04575,Bank,North America,Professional,5,788,418.24,1102067,95,1292.61,9,Priority,4,98.4,Wire Transfer,7,31,5,1
INST_04576,Credit Union,Asia Pacific,Enterprise,19,1841,85.14,25744,1442,1918.14,7,Standard,4,63.8,ACH,0,19,5,0
INST_04577,Bank,Asia Pacific,Professional,1,14737,126.1,43483,13,1654.38,10,Standard,1,64.5,Credit Card,4,31,5,1
INST_04578,Payment Processor,North America,Basic,10,944,482.67,23965,7,6470.63,10,Standard,1,49.6,Wire Transfer,15,34,6,1
INST_04579,Investment Firm,North America,Basic,6,5906,222.88,151157,183,19149.7,6,Priority,10,71.9,Credit Card,4,25,4,0
INST_04580,Payment Processor,North America,Professional,30,4701,115.18,76395,60,6601.14,5,Premium,6,74.9,ACH,6,31,5,0
INST_04581,Bank,Europe,Basic,16,32186,726.19,4448,283,500.0,4,Priority,2,49.4,Wire Transfer,0,34,4,0
INST_04582,Insurance Company,North America,Professional,33,2800,365.51,8786,539,15361.66,7,Priority,1,94.2,Credit Card,4,12,4,0
INST_04583,Insurance Company,North America,Professional,17,214,61.49,4846,20,649.7,11,Standard,14,82.8,Credit Card,1,29,3,1
INST_04584,Investment Firm,Latin America,Professional,2,7866,50.0,1254482,439,1680.99,8,Standard,1,79.3,Wire Transfer,6,22,5,1
INST_04585,Payment Processor,Asia Pacific,Professional,31,73650,203.57,57123,23,6618.65,6,Premium,6,84.1,ACH,0,27,5,0
INST_04586,Credit Union,North America,Enterprise,42,8678,59.98,9013,169,4333.68,9,Standard,6,34.7,ACH,4,4,1,0
INST_04587,Bank,Europe,Basic,56,914,50.0,7995,16,18198.65,11,Priority,13,39.7,Invoice,3,32,5,0
INST_04588,Investment Firm,North America,Professional,20,588,1563.63,73706,188,1966.23,11,Priority,0,94.7,ACH,6,25,7,1
INST_04589,Insurance Company,Asia Pacific,Basic,33,713,358.79,85594,142,1152.95,8,Standard,2,73.1,ACH,5,9,6,1
INST_04590,Investment Firm,Europe,Professional,33,60172,293.38,72923,20,3079.54,7,Priority,23,69.2,ACH,6,24,9,0
INST_04591,Bank,North America,Enterprise,4,1824,321.79,11633,12,21280.13,7,Premium,5,65.9,ACH,12,23,5,1
INST_04592,Credit Union,Asia Pacific,Enterprise,4,1103,102.99,34848,573,12638.58,4,Standard,3,87.9,Invoice,4,19,1,1
INST_04593,Bank,North America,Professional,1,2350,660.62,26013,65,5601.12,10,Standard,2,85.0,Invoice,2,6,1,1
INST_04594,Credit Union,North America,Professional,9,1853,344.87,5407,917,35916.24,8,Standard,1,65.6,ACH,3,18,5,0
INST_04595,Investment Firm,North America,Enterprise,15,31303,162.57,5487,55,27372.23,5,Priority,1,69.9,ACH,5,22,4,0
INST_04596,Insurance Company,Europe,Enterprise,120,650,194.58,40861,1546,16038.11,9,Priority,10,83.2,ACH,1,19,1,0
INST_04597,Bank,North America,Enterprise,13,17517,92.49,29574,26,839.68,9,Standard,1,72.2,Credit Card,1,12,4,0
INST_04598,Credit Union,North America,Professional,31,3580,247.77,50515,2102,15912.47,9,Standard,1,86.1,Credit Card,0,25,5,0
INST_04599,Bank,North America,Enterprise,28,18224,302.61,72152,203,3628.09,6,Standard,2,81.8,Credit Card,2,23,5,0
INST_04600,Bank,North America,Basic,5,32013,240.15,208787,304,2717.82,7,Priority,9,82.8,Credit Card,0,8,5,1
INST_04601,Insurance Company,Asia Pacific,Basic,1,3385,431.03,6878,24,1765.47,8,Premium,3,66.9,Wire Transfer,0,13,6,0
INST_04602,Payment Processor,North America,Basic,18,1858,367.16,56690,551,3798.74,12,Priority,0,64.4,ACH,10,16,4,0
INST_04603,Credit Union,North America,Basic,28,3292,532.15,67764,587,1922.48,9,Standard,5,42.3,ACH,4,30,9,0
INST_04604,Insurance Company,Asia Pacific,Professional,120,2585,1251.02,13791,82,6339.98,4,Priority,2,51.1,Wire Transfer,15,3,3,0
INST_04605,Payment Processor,Asia Pacific,Enterprise,10,248,821.91,26444,3,3791.76,6,Priority,4,97.2,ACH,2,14,5,0
INST_04606,Insurance Company,Asia Pacific,Professional,54,30598,1268.4,14330,20,6841.81,4,Premium,15,84.4,Wire Transfer,2,3,4,0
INST_04607,Bank,Europe,Professional,11,4309,145.87,520677,20,11270.09,12,Standard,1,70.8,Wire Transfer,9,24,7,0
INST_04608,Payment Processor,North America,Professional,28,520,219.13,25778,333,3160.39,9,Priority,2,75.2,Credit Card,4,14,6,0
INST_04609,Credit Union,Asia Pacific,Professional,21,134,883.88,43358,64,1626.3,15,Priority,20,66.3,ACH,4,10,5,1
INST_04610,Bank,Asia Pacific,Professional,1,90,903.05,14824,66,500.0,4,Priority,10,78.6,Invoice,4,30,4,1
INST_04611,Bank,North America,Enterprise,1,9468,178.69,10727,53,15614.9,12,Standard,2,60.2,ACH,8,35,7,0
INST_04612,Credit Union,Latin America,Professional,1,1177,840.42,3124,2089,5531.13,4,Priority,0,94.9,Wire Transfer,5,26,5,0
INST_04613,Bank,North America,Professional,11,1506,130.03,114668,161,3773.41,7,Standard,19,52.0,Credit Card,1,0,5,1
INST_04614,Bank,Middle East,Professional,32,6199,718.57,69748,211,28506.13,9,Priority,1,66.4,Wire Transfer,6,35,7,0
INST_04615,Bank,Latin America,Enterprise,4,1374,390.9,14021,48,711.39,10,Standard,3,57.0,Invoice,3,5,2,0
INST_04616,Insurance Company,Asia Pacific,Basic,22,6766,76.61,5706,140,5347.37,9,Standard,2,84.3,Invoice,0,10,7,0
INST_04617,Payment Processor,Latin America,Professional,8,3438,239.63,28849,25,1157.38,12,Standard,0,58.3,Credit Card,1,14,1,1
INST_04618,Bank,Asia Pacific,Professional,38,2627,5534.31,10440,275,13147.79,8,Priority,0,79.9,Credit Card,7,5,9,0
INST_04619,Payment Processor,North America,Professional,38,281,514.57,15786,18,500.0,1,Priority,2,65.4,ACH,13,15,6,1
INST_04620,Payment Processor,Europe,Enterprise,35,871,6377.55,3309,566,16416.19,5,Standard,3,54.6,Credit Card,3,32,6,0
INST_04621,Insurance Company,North America,Professional,17,7359,71.33,30503,39,15428.79,4,Premium,24,47.1,Wire Transfer,6,9,8,1
INST_04622,Bank,North America,Professional,8,1071,993.16,31429,818,1230.88,10,Premium,5,53.6,Credit Card,0,9,4,0
INST_04623,Investment Firm,Asia Pacific,Enterprise,39,18179,50.0,113787,4596,5429.0,7,Standard,16,71.7,Credit Card,3,21,5,0
INST_04624,Payment Processor,North America,Professional,4,100669,403.31,17568,148,1271.2,8,Standard,0,79.0,Credit Card,3,24,3,1
INST_04625,Investment Firm,North America,Professional,8,7979,860.45,13355,1573,9333.77,10,Priority,1,89.5,ACH,26,21,5,1
INST_04626,Bank,Europe,Professional,4,27980,1102.65,2132,573,16820.33,3,Priority,1,72.0,Credit Card,28,2,5,1
INST_04627,Credit Union,Latin America,Basic,26,8787,154.61,114856,11,1088.47,4,Premium,3,72.3,ACH,3,31,11,0
INST_04628,Investment Firm,North America,Professional,27,1337,1403.76,84055,181,702.66,5,Premium,17,89.7,ACH,0,26,5,0
INST_04629,Credit Union,North America,Basic,25,4024,212.63,22996,365,25454.7,8,Premium,2,83.8,Invoice,3,20,5,0
INST_04630,Bank,North America,Enterprise,12,61082,331.32,2999,435,90377.98,6,Priority,6,82.4,Credit Card,5,16,6,0
INST_04631,Bank,Asia Pacific,Professional,2,1359,239.85,3562,204,10318.26,11,Standard,17,89.9,ACH,6,35,8,1
INST_04632,Insurance Company,North America,Basic,58,627,103.17,9694,199,11529.48,5,Priority,4,72.7,ACH,1,30,5,0
INST_04633,Payment Processor,Asia Pacific,Professional,17,543,2653.58,93698,149,2986.74,15,Priority,5,48.5,Credit Card,6,9,2,0
INST_04634,Bank,North America,Professional,12,2151,427.36,34047,188,6438.44,7,Standard,5,81.9,ACH,15,22,1,1
INST_04635,Payment Processor,North America,Basic,21,661,1487.4,2344,16,8317.21,10,Priority,2,76.8,Credit Card,0,8,2,0
INST_04636,Bank,Latin America,Basic,5,36718,1413.26,40389,97,3737.38,5,Premium,3,54.9,ACH,3,20,5,0
INST_04637,Investment Firm,North America,Professional,3,4123,126.28,6255,10,37227.04,8,Standard,13,62.0,Wire Transfer,9,26,3,1
INST_04638,Insurance Company,Europe,Professional,12,12804,1736.02,10063,60,6406.81,6,Priority,3,67.3,Credit Card,1,16,5,1
INST_04639,Insurance Company,North America,Professional,6,1904,738.11,94618,51,7772.91,5,Premium,3,54.3,Wire Transfer,0,10,11,0
INST_04640,Payment Processor,Europe,Professional,6,538,115.69,69442,45,3854.73,9,Standard,0,60.8,ACH,18,12,6,1
INST_04641,Bank,Europe,Professional,53,418,691.33,113510,22,4489.48,7,Premium,4,88.6,Wire Transfer,6,31,8,0
INST_04642,Payment Processor,North America,Professional,18,763,118.21,21275,240,30578.9,6,Priority,0,66.2,Wire Transfer,0,2,4,0
INST_04643,Bank,North America,Professional,15,5020,2773.18,82829,83,6117.2,11,Standard,2,57.1,Wire Transfer,3,32,3,0
INST_04644,Insurance Company,North America,Professional,28,6501,1071.21,9143,69,6335.62,10,Priority,27,58.8,Invoice,4,9,3,0
INST_04645,Insurance Company,Asia Pacific,Professional,72,7367,370.41,14967,11,6459.47,5,Standard,16,97.9,ACH,12,22,4,0
INST_04646,Investment Firm,Asia Pacific,Enterprise,2,319,1840.45,13501,86,2844.75,6,Priority,6,91.4,Wire Transfer,1,18,5,1
INST_04647,Bank,Europe,Professional,43,2979,60.44,22829,1166,594.72,6,Priority,8,49.6,Credit Card,8,11,5,1
INST_04648,Payment Processor,Europe,Enterprise,21,639,164.15,3197,1199,51992.84,6,Standard,1,72.2,ACH,0,32,1,1
INST_04649,Bank,North America,Professional,3,5443,298.0,15716,290,24402.5,5,Standard,1,50.2,Invoice,10,29,6,1
INST_04650,Bank,North America,Basic,8,6115,5900.67,194363,87,32002.38,6,Premium,5,87.2,Wire Transfer,7,19,3,0
INST_04651,Insurance Company,North America,Professional,15,513,111.66,4277,405,983.6,8,Standard,15,67.7,Invoice,14,14,7,0
INST_04652,Credit Union,North America,Professional,28,12734,52.0,2998,44,42932.33,5,Priority,12,47.6,Wire Transfer,2,24,8,0
INST_04653,Insurance Company,North America,Professional,6,99531,71.29,3384,86,93930.1,4,Premium,6,61.5,ACH,17,4,5,0
INST_04654,Credit Union,Europe,Professional,18,10428,1196.86,1193963,38,23558.3,9,Priority,29,88.0,ACH,7,34,6,0
INST_04655,Bank,Europe,Enterprise,27,2334,197.74,44235,761,58205.41,6,Standard,1,89.9,ACH,0,32,4,0
INST_04656,Insurance Company,Latin America,Professional,14,1854,333.32,14685,604,16265.03,11,Standard,10,61.8,Wire Transfer,1,18,3,0
INST_04657,Credit Union,North America,Professional,47,2178,1007.67,24403,139,1380.34,7,Standard,2,68.8,ACH,8,30,5,0
INST_04658,Bank,Europe,Basic,48,952,333.72,30991,3348,10524.36,7,Standard,25,78.4,Wire Transfer,3,33,4,0
INST_04659,Insurance Company,Asia Pacific,Enterprise,15,4352,515.42,8428,311,1063.68,10,Standard,2,54.5,ACH,7,4,9,0
INST_04660,Credit Union,Europe,Enterprise,86,540,766.82,10139,281,2006.08,5,Standard,3,86.6,Invoice,3,9,8,0
INST_04661,Investment Firm,North America,Professional,1,175,240.61,17386,232,7898.44,11,Premium,4,66.4,Wire Transfer,4,7,3,0
INST_04662,Credit Union,North America,Professional,1,4143,330.44,7426,15,6457.69,3,Priority,2,68.2,Wire Transfer,2,23,0,1
INST_04663,Insurance Company,North America,Professional,11,3077,539.34,12144,29,9843.96,7,Standard,2,98.9,Wire Transfer,3,35,5,0
INST_04664,Insurance Company,North America,Basic,22,1265,1143.46,37407,134,500.0,12,Standard,4,52.1,ACH,9,1,9,1
INST_04665,Insurance Company,Asia Pacific,Professional,23,435,155.89,4935,136,3899.65,8,Priority,11,60.3,Wire Transfer,3,35,5,0
INST_04666,Bank,North America,Basic,15,4603,50.0,1104523,429,11198.08,12,Priority,10,85.5,Wire Transfer,5,4,5,0
INST_04667,Insurance Company,North America,Professional,3,675,911.87,68168,44,15101.67,9,Priority,4,72.5,Credit Card,1,22,7,0
INST_04668,Investment Firm,Asia Pacific,Professional,4,2420,1228.14,3277,168,16658.23,9,Premium,2,52.0,Credit Card,5,24,5,1
INST_04669,Investment Firm,Asia Pacific,Professional,45,42085,512.88,535,174,7164.46,8,Priority,0,69.5,ACH,0,1,1,1
INST_04670,Credit Union,Europe,Professional,48,7917,556.66,7853,186,2782.66,6,Standard,14,76.3,ACH,4,11,6,0
INST_04671,Payment Processor,Asia Pacific,Enterprise,26,382,204.96,61484,152,10427.55,5,Premium,15,76.2,Credit Card,3,16,6,0
INST_04672,Insurance Company,North America,Basic,26,440,735.26,45968,11,3135.14,8,Standard,0,82.3,Credit Card,2,32,10,0
INST_04673,Bank,North America,Professional,21,3743,1123.05,18652,2,18988.42,9,Priority,9,72.5,Invoice,8,25,2,0
INST_04674,Credit Union,North America,Basic,5,378,431.73,8935,27,9329.74,8,Priority,15,92.2,ACH,4,22,0,1
INST_04675,Payment Processor,Europe,Basic,13,148,8018.43,5674,57,4480.17,11,Standard,9,86.8,Wire Transfer,1,4,4,0
INST_04676,Bank,Latin America,Basic,28,6624,61.78,12041,17,1550.77,9,Priority,2,40.8,Invoice,3,10,2,0
INST_04677,Payment Processor,North America,Professional,18,4824,490.56,4824,134,26349.73,13,Premium,3,51.5,Invoice,7,15,1,0
INST_04678,Investment Firm,Europe,Professional,1,5859,98.57,12108,1055,11368.19,7,Priority,2,42.3,Invoice,9,10,3,1
INST_04679,Investment Firm,North America,Enterprise,73,4422,1159.58,162174,548,115203.4,12,Standard,5,66.5,Wire Transfer,1,15,6,0
INST_04680,Bank,Europe,Professional,44,2702,60.47,6926,343,10821.92,13,Priority,15,87.7,Wire Transfer,0,33,8,0
INST_04681,Bank,North America,Basic,7,1104,81.39,55067,874,12269.54,10,Standard,7,41.6,ACH,1,21,1,1
INST_04682,Payment Processor,North America,Professional,22,6465,188.7,69226,28,545.71,13,Standard,4,60.5,ACH,11,18,4,0
INST_04683,Bank,Asia Pacific,Basic,61,29579,555.02,4361,65,7830.07,4,Standard,13,92.4,Credit Card,5,19,6,0
INST_04684,Insurance Company,Europe,Professional,2,1405,197.44,6216,448,3057.06,8,Priority,0,81.7,Wire Transfer,16,27,1,1
INST_04685,Credit Union,Europe,Basic,16,644,199.83,109471,63,16977.57,8,Priority,2,87.8,Wire Transfer,0,35,6,0
INST_04686,Bank,North America,Professional,14,543,324.71,5493,69,8119.52,4,Premium,4,77.8,ACH,2,35,8,0
INST_04687,Bank,North America,Professional,12,812,301.66,20206,4240,21545.23,9,Priority,6,73.4,Wire Transfer,2,23,4,0
INST_04688,Credit Union,North America,Enterprise,43,4039,2404.12,469759,176,120438.28,7,Standard,37,81.6,ACH,2,13,7,0
INST_04689,Payment Processor,Asia Pacific,Professional,11,120,918.82,95774,3549,1483.94,2,Premium,7,87.9,ACH,1,21,6,0
INST_04690,Credit Union,Middle East,Enterprise,1,5760,273.28,25030,5,20334.21,6,Standard,3,84.9,ACH,3,2,5,1
INST_04691,Credit Union,Europe,Basic,1,7831,4996.11,77737,47,13703.27,5,Standard,9,69.5,Invoice,5,5,7,1
INST_04692,Bank,North America,Enterprise,1,200,727.78,20254,309,95697.0,3,Standard,29,60.1,Credit Card,1,32,2,1
INST_04693,Credit Union,Asia Pacific,Professional,12,686,126.12,101452,175,14158.59,10,Standard,6,65.9,Wire Transfer,7,26,3,0
INST_04694,Credit Union,Europe,Basic,30,3359,548.85,1023,3,12113.98,6,Standard,3,80.8,Wire Transfer,1,8,8,0
INST_04695,Payment Processor,Europe,Professional,5,2403,767.1,17873,98,17626.87,11,Standard,8,85.9,ACH,17,14,3,1
INST_04696,Credit Union,North America,Basic,24,6499,176.77,963,10000,19572.86,10,Standard,4,79.2,Wire Transfer,7,2,5,1
INST_04697,Credit Union,Asia Pacific,Professional,27,2412,114.09,28058,231,43545.22,6,Priority,5,73.3,Invoice,1,31,2,0
INST_04698,Bank,Europe,Basic,7,19873,447.53,15455,440,1437.89,7,Standard,21,79.3,Wire Transfer,4,10,3,0
INST_04699,Payment Processor,Asia Pacific,Professional,22,1841,261.84,169582,46,2728.46,11,Premium,4,36.8,Credit Card,2,19,10,0
INST_04700,Bank,Asia Pacific,Enterprise,27,682,2380.23,64070,229,66365.27,9,Priority,2,73.6,ACH,31,35,2,1
INST_04701,Bank,North America,Basic,15,604,981.8,10005,145,500.0,9,Premium,7,72.3,Credit Card,3,6,10,0
INST_04702,Investment Firm,Asia Pacific,Professional,9,8984,186.99,11976,1111,4328.2,8,Priority,5,87.9,ACH,5,31,4,0
INST_04703,Investment Firm,Asia Pacific,Professional,23,3116,672.58,38989,1050,6150.82,10,Standard,3,95.8,ACH,5,9,5,0
INST_04704,Credit Union,North America,Enterprise,91,7712,1845.59,9331,309,3769.25,8,Standard,2,68.9,Wire Transfer,1,4,7,0
INST_04705,Credit Union,North America,Professional,13,7477,75.75,20982,168,52650.03,8,Priority,5,68.7,Wire Transfer,2,0,5,1
INST_04706,Insurance Company,North America,Professional,11,144,118.23,158743,7,10035.73,6,Premium,1,47.4,ACH,3,30,5,1
INST_04707,Bank,Europe,Professional,14,539,398.06,6350,6,2749.1,8,Priority,2,65.7,ACH,1,0,6,1
INST_04708,Insurance Company,North America,Basic,1,644,421.04,11254,171,1897.68,6,Premium,13,92.3,ACH,1,34,2,1
INST_04709,Investment Firm,Europe,Basic,19,876,378.93,13888,716,7500.6,9,Priority,16,76.1,ACH,16,6,4,1
INST_04710,Credit Union,North America,Professional,9,1586,277.85,2513307,1631,28252.33,5,Standard,3,98.1,Wire Transfer,1,29,3,0
INST_04711,Credit Union,Latin America,Basic,3,13342,272.8,54850,29,6048.78,8,Priority,12,81.4,Credit Card,2,31,7,1
INST_04712,Bank,North America,Professional,15,17992,639.77,120343,9,4017.32,8,Priority,0,93.7,Wire Transfer,8,3,7,0
INST_04713,Insurance Company,North America,Professional,1,1921,1572.99,69716,795,1732.07,10,Priority,1,69.0,ACH,7,13,9,0
INST_04714,Credit Union,Europe,Professional,12,2044,226.53,77117,34,8613.26,4,Standard,6,64.2,ACH,0,9,2,1
INST_04715,Bank,Europe,Basic,2,1034,7525.7,44817,8,7925.62,9,Standard,7,84.0,ACH,0,0,4,1
INST_04716,Investment Firm,North America,Enterprise,1,3407,4242.17,38097,61,1658.51,8,Priority,2,59.0,Wire Transfer,0,15,6,1
INST_04717,Payment Processor,North America,Enterprise,41,4039,1988.44,2499,59,22916.77,7,Priority,19,54.0,ACH,4,17,6,0
INST_04718,Credit Union,North America,Basic,59,9993,851.48,37676,1597,63517.13,9,Standard,6,53.1,Credit Card,8,24,5,0
INST_04719,Payment Processor,Asia Pacific,Professional,5,9873,4489.9,18722,704,5289.59,7,Priority,17,77.4,Wire Transfer,6,8,3,0
INST_04720,Bank,Asia Pacific,Professional,18,94,284.82,49920,39,7732.65,7,Standard,0,63.3,Credit Card,2,30,3,0
INST_04721,Bank,Europe,Basic,7,2371,148.54,19805,1837,936.92,13,Standard,6,94.3,Wire Transfer,4,17,6,0
INST_04722,Bank,Asia Pacific,Professional,16,23769,214.61,69199,185,14850.43,11,Premium,2,37.8,ACH,6,24,6,0
INST_04723,Credit Union,Asia Pacific,Basic,13,1545,121.08,90210,1001,9860.2,4,Standard,14,73.9,Invoice,0,16,2,0
INST_04724,Bank,North America,Enterprise,7,16462,466.92,279,1617,3013.46,4,Standard,0,90.3,ACH,8,2,5,1
INST_04725,Bank,Middle East,Enterprise,28,1882,578.13,11489,92,1611.24,9,Standard,10,63.6,Credit Card,7,35,6,0
INST_04726,Payment Processor,Asia Pacific,Professional,3,3875,513.38,1358,415,78539.37,9,Premium,1,53.9,ACH,6,28,4,0
INST_04727,Insurance Company,North America,Professional,1,541,397.46,31521,71,8726.81,8,Standard,15,79.2,ACH,16,35,5,1
INST_04728,Insurance Company,North America,Enterprise,35,573,473.33,14029,791,1240.78,7,Priority,4,83.2,ACH,0,29,4,0
INST_04729,Bank,North America,Enterprise,26,8850,3240.84,168340,174,17735.37,5,Standard,1,63.0,Wire Transfer,8,16,7,0
INST_04730,Bank,North America,Enterprise,16,11189,849.0,30057,835,6936.04,6,Standard,11,68.5,Credit Card,3,24,9,0
INST_04731,Bank,Asia Pacific,Basic,15,3101,1220.49,10632,2308,5368.69,7,Premium,4,75.0,Credit Card,7,30,4,0
INST_04732,Insurance Company,Europe,Basic,16,472,507.22,90026,397,21329.28,7,Premium,0,63.2,Wire Transfer,0,23,6,1
INST_04733,Payment Processor,Asia Pacific,Professional,13,3183,58.05,13666,125,500.0,3,Premium,0,79.6,Credit Card,0,23,5,0
INST_04734,Credit Union,Asia Pacific,Professional,11,19650,50.0,10435,129,500.0,13,Standard,2,83.6,ACH,0,7,4,0
INST_04735,Bank,Europe,Basic,16,40712,4911.68,39752,1,38903.06,3,Standard,8,73.5,ACH,1,3,3,0
INST_04736,Credit Union,Asia Pacific,Basic,18,1853,213.11,247572,41,4050.59,6,Premium,3,46.6,Wire Transfer,0,26,4,0
INST_04737,Bank,North America,Enterprise,28,247,192.46,79247,795,2591.11,5,Standard,5,72.2,Wire Transfer,2,20,4,0
INST_04738,Credit Union,North America,Enterprise,29,10514,541.75,51554,850,660.74,11,Priority,1,83.6,ACH,1,26,3,0
INST_04739,Investment Firm,Europe,Professional,11,1970,780.93,1364669,39,6573.32,7,Priority,8,79.7,Credit Card,1,20,2,0
INST_04740,Insurance Company,North America,Enterprise,12,12265,908.9,7342,199,7910.01,8,Priority,3,88.5,Credit Card,0,0,5,1
INST_04741,Bank,North America,Professional,11,4544,3392.43,7100,105,42668.74,10,Standard,2,76.4,Credit Card,5,35,5,1
INST_04742,Bank,Latin America,Enterprise,18,792,2442.76,27401,513,8592.7,10,Standard,6,97.9,Wire Transfer,3,4,5,0
INST_04743,Payment Processor,Asia Pacific,Professional,14,3253,152.46,213745,7907,3120.62,11,Priority,10,87.8,ACH,15,25,9,0
INST_04744,Bank,North America,Basic,52,21215,1290.11,5364,531,9031.87,7,Standard,0,60.6,ACH,8,22,14,0
INST_04745,Bank,Asia Pacific,Professional,28,2383,254.45,306158,44,25957.94,10,Premium,0,54.1,Credit Card,6,8,6,0
INST_04746,Bank,Asia Pacific,Professional,54,631,342.06,2543,128,18710.3,8,Priority,0,39.0,Wire Transfer,0,29,7,0
INST_04747,Bank,North America,Professional,29,275,108.55,18364,1850,12483.36,10,Standard,13,74.5,Credit Card,11,9,6,0
INST_04748,Credit Union,North America,Basic,84,936,52.9,28572,11,7419.54,6,Priority,13,61.7,Credit Card,18,2,7,0
INST_04749,Insurance Company,Latin America,Enterprise,24,1611,388.44,5860,49,2054.95,9,Standard,7,84.1,Credit Card,0,24,3,0
INST_04750,Bank,North America,Basic,79,10198,128.1,8674,532,1043.99,7,Standard,0,86.0,Wire Transfer,9,11,4,0
INST_04751,Credit Union,North America,Basic,4,554,1228.29,72761,1525,823.44,7,Standard,9,86.6,Wire Transfer,2,5,4,1
INST_04752,Investment Firm,Europe,Professional,1,30657,287.93,191440,444,8874.61,10,Priority,14,73.3,ACH,1,6,6,1
INST_04753,Credit Union,Asia Pacific,Professional,20,401,584.24,923,49,10377.76,7,Premium,17,81.3,ACH,5,0,7,1
INST_04754,Payment Processor,North America,Professional,98,98442,2081.89,28864,389,25373.4,7,Priority,11,61.7,Invoice,1,10,9,0
INST_04755,Payment Processor,North America,Professional,12,39667,67.87,18583,312,11414.02,7,Standard,4,25.9,ACH,0,9,4,0
INST_04756,Bank,North America,Professional,5,3683,169.09,25876,279,23773.03,11,Priority,4,58.2,Wire Transfer,5,17,7,1
INST_04757,Insurance Company,Middle East,Professional,17,251,501.23,13695,124,4040.73,12,Priority,4,23.0,Wire Transfer,5,17,5,1
INST_04758,Credit Union,North America,Professional,25,2743,587.0,3178,163,15619.32,5,Standard,4,80.4,ACH,7,24,7,0
INST_04759,Payment Processor,Europe,Basic,9,1668,1516.56,222669,28,1094.22,9,Standard,5,58.1,Credit Card,4,18,4,1
INST_04760,Credit Union,Latin America,Professional,30,440,1142.05,125366,10000,4490.51,12,Standard,0,61.9,Wire Transfer,8,29,5,0
INST_04761,Payment Processor,North America,Enterprise,88,4612,453.19,18845,196,500.0,13,Standard,11,71.4,Wire Transfer,0,31,6,0
INST_04762,Insurance Company,Middle East,Basic,54,866,580.61,10588,398,5153.22,8,Priority,0,52.5,ACH,7,19,3,0
INST_04763,Bank,Latin America,Professional,8,1020,600.22,8829,100,30858.88,5,Priority,0,81.4,Credit Card,2,30,4,1
INST_04764,Credit Union,Latin America,Enterprise,9,2196,69.15,455,679,5460.61,8,Standard,0,94.3,ACH,4,35,3,0
INST_04765,Payment Processor,North America,Professional,11,1258,334.4,37448,14,14512.09,7,Standard,16,88.5,Credit Card,11,23,2,0
INST_04766,Payment Processor,Europe,Professional,12,67321,543.58,71003,6,7404.02,8,Standard,37,52.1,ACH,7,6,2,0
INST_04767,Bank,Asia Pacific,Enterprise,2,1334,699.43,27088,140,2088.83,4,Priority,2,71.9,Credit Card,5,19,6,0
INST_04768,Insurance Company,Middle East,Basic,34,5775,133.06,19350,5986,3714.61,1,Premium,0,74.4,ACH,0,2,3,0
INST_04769,Bank,North America,Basic,10,3708,88.01,26905,1306,28840.24,9,Premium,0,60.1,ACH,1,28,3,1
INST_04770,Bank,Asia Pacific,Enterprise,50,5060,304.47,6125,34,14400.4,4,Premium,16,76.7,ACH,2,1,4,0
INST_04771,Credit Union,North America,Enterprise,62,5673,4276.28,10411,375,1946.15,5,Premium,3,79.8,Invoice,13,17,6,0
INST_04772,Bank,North America,Professional,1,11181,150.94,17162,47,613.26,7,Priority,4,35.6,Wire Transfer,7,33,8,0
INST_04773,Insurance Company,Europe,Professional,107,4445,1650.3,62630,319,6702.73,8,Standard,3,84.4,Wire Transfer,3,30,10,0
INST_04774,Bank,Asia Pacific,Enterprise,29,4176,2701.84,174257,367,2053.25,10,Priority,16,93.2,Wire Transfer,7,1,3,0
INST_04775,Insurance Company,Europe,Professional,17,3254,426.05,15619,786,3766.3,7,Priority,12,73.9,Invoice,1,13,6,0
INST_04776,Bank,Europe,Basic,11,2422,178.43,4595,8,554.67,7,Standard,15,78.0,Credit Card,0,11,5,0
INST_04777,Bank,Middle East,Basic,17,759,746.49,23236,15,23414.93,8,Standard,3,39.6,Credit Card,4,2,6,1
INST_04778,Bank,North America,Professional,9,2720,509.78,450105,129,4249.4,8,Standard,1,66.6,Credit Card,2,3,8,1
INST_04779,Bank,Europe,Enterprise,23,4280,143.89,5235,23,5334.71,6,Standard,6,52.3,Wire Transfer,3,20,9,0
INST_04780,Bank,North America,Enterprise,2,5449,182.99,83179,20,1408.96,6,Standard,1,68.8,Credit Card,0,11,8,0
INST_04781,Bank,North America,Enterprise,23,3906,695.27,163397,242,3241.93,7,Premium,2,80.7,Wire Transfer,2,1,1,0
INST_04782,Investment Firm,Asia Pacific,Enterprise,7,2101,1236.61,12835,28,5905.8,7,Standard,20,86.3,Wire Transfer,18,30,4,0
INST_04783,Bank,Latin America,Professional,1,2736,273.87,7699,8636,1958.85,11,Standard,14,57.5,Wire Transfer,0,19,6,0
INST_04784,Credit Union,Europe,Professional,19,1299,371.31,52178,56,3555.34,3,Premium,4,31.0,Wire Transfer,20,25,5,0
INST_04785,Credit Union,Asia Pacific,Professional,20,4768,899.97,37414,91,39317.98,9,Premium,2,51.0,Wire Transfer,4,25,4,1
INST_04786,Payment Processor,North America,Professional,13,2139,328.0,62452,253,500.0,7,Priority,6,63.9,Wire Transfer,2,2,6,1
INST_04787,Payment Processor,North America,Professional,1,3908,281.69,494135,9,6482.38,9,Premium,10,99.2,Wire Transfer,0,0,6,1
INST_04788,Credit Union,Europe,Basic,53,13375,162.97,28298,370,1512.93,5,Standard,1,63.7,Credit Card,2,30,7,0
INST_04789,Bank,North America,Enterprise,22,1028,159.62,3683,274,36487.86,8,Priority,16,89.7,Wire Transfer,2,34,6,0
INST_04790,Bank,North America,Professional,2,7295,9923.48,24342,79,3747.74,11,Standard,1,72.1,Wire Transfer,1,20,6,0
INST_04791,Payment Processor,Europe,Professional,17,3133,318.8,31644,243,1021.75,10,Priority,6,64.2,Invoice,9,18,7,0
INST_04792,Bank,North America,Professional,16,61808,2075.73,147377,320,3556.69,7,Standard,5,88.4,ACH,2,4,4,0
INST_04793,Bank,North America,Professional,1,2155,3043.59,16396,1965,8303.66,13,Priority,2,33.1,Invoice,0,20,2,0
INST_04794,Bank,Europe,Basic,22,8456,323.66,11925,10000,315979.84,7,Standard,5,88.3,Credit Card,9,0,4,1
INST_04795,Bank,Europe,Enterprise,39,3050,627.73,2816,21,500.0,7,Priority,14,89.0,Credit Card,5,28,10,0
INST_04796,Bank,Latin America,Basic,33,371,456.22,50067,14,813.48,4,Standard,2,78.3,Wire Transfer,0,18,6,0
INST_04797,Insurance Company,Europe,Basic,5,1365,58.29,3342771,178,34815.86,11,Standard,15,56.7,Invoice,0,25,4,1
INST_04798,Bank,Europe,Professional,47,11166,62.65,15773,3,511.1,7,Standard,0,76.1,Wire Transfer,18,17,7,1
INST_04799,Investment Firm,Latin America,Professional,10,1557,427.78,43387,477,4986.29,8,Standard,5,37.5,ACH,10,26,6,0
INST_04800,Bank,Asia Pacific,Enterprise,70,106,242.28,9684,181,2380.23,7,Standard,2,81.6,ACH,10,19,3,0
INST_04801,Bank,North America,Enterprise,1,2843,3904.54,3223,287,1880.63,10,Premium,18,77.5,ACH,0,19,6,1
INST_04802,Payment Processor,North America,Enterprise,15,579,303.72,42249,85,3796.03,6,Standard,0,78.2,Credit Card,0,13,3,0
INST_04803,Bank,Asia Pacific,Basic,21,3632,4192.76,22977,234,2983.87,9,Priority,0,72.1,Wire Transfer,21,10,3,0
INST_04804,Insurance Company,Europe,Basic,6,30537,227.77,615,347,23994.8,8,Priority,11,55.1,ACH,23,27,10,1
INST_04805,Credit Union,Asia Pacific,Professional,35,9453,4002.36,246481,212,36042.07,7,Standard,9,93.7,Wire Transfer,3,25,3,0
INST_04806,Bank,Asia Pacific,Basic,23,29881,740.78,41107,13,9315.7,9,Standard,1,71.1,ACH,6,32,5,0
INST_04807,Payment Processor,Europe,Enterprise,1,1283,793.1,24608,202,3449.18,9,Standard,19,72.7,Invoice,6,28,7,1
INST_04808,Bank,Middle East,Professional,22,2404,218.3,11696,4176,7242.38,7,Priority,14,86.5,Credit Card,23,2,4,0
INST_04809,Payment Processor,Europe,Enterprise,16,622,806.17,40454,228,16441.08,13,Standard,1,62.0,Credit Card,7,34,5,0
INST_04810,Bank,North America,Basic,5,1068,3075.6,43351,189,22082.65,7,Standard,8,74.5,ACH,1,26,5,0
INST_04811,Payment Processor,Asia Pacific,Professional,120,742,339.07,40214,2460,8561.84,8,Premium,3,73.7,Wire Transfer,5,12,4,0
INST_04812,Bank,North America,Professional,54,419,268.47,109315,38,48605.52,7,Priority,5,68.5,Invoice,3,23,5,0
INST_04813,Credit Union,Asia Pacific,Basic,8,23127,300.03,153722,736,1949.31,4,Standard,10,88.0,ACH,2,27,8,0
INST_04814,Insurance Company,Middle East,Professional,18,129,2818.99,446140,57,27171.79,3,Priority,6,66.1,Wire Transfer,3,4,1,1
INST_04815,Payment Processor,Asia Pacific,Professional,9,23276,1125.99,6277,1049,14136.85,8,Priority,0,83.3,Wire Transfer,11,34,4,0
INST_04816,Payment Processor,Europe,Professional,35,19323,2292.08,9319,624,1968.45,7,Standard,6,59.7,ACH,2,23,4,0
INST_04817,Insurance Company,Europe,Professional,63,6308,587.78,37864,70,6967.62,11,Standard,1,63.9,ACH,5,0,1,1
INST_04818,Payment Processor,North America,Basic,10,560,422.92,6845,91,7724.44,10,Standard,4,87.3,Wire Transfer,17,19,4,0
INST_04819,Bank,North America,Professional,39,277,670.98,8716,862,3971.71,9,Premium,3,80.7,Credit Card,2,6,4,0
INST_04820,Bank,Europe,Professional,16,1309,1457.08,44929,5,3907.28,6,Standard,0,88.9,Credit Card,5,9,4,0
INST_04821,Bank,Asia Pacific,Basic,12,7613,299.9,85072,66,500.0,7,Standard,0,62.2,Credit Card,0,2,5,1
INST_04822,Credit Union,Asia Pacific,Professional,66,2994,2084.77,149326,453,1747.78,7,Standard,10,93.1,Wire Transfer,9,15,4,0
INST_04823,Credit Union,North America,Basic,17,623,625.78,16499,85,3437.3,8,Standard,6,82.1,ACH,8,9,7,0
INST_04824,Credit Union,Europe,Professional,15,16685,50.0,44122,189,2082.13,8,Standard,25,61.5,Credit Card,1,30,2,0
INST_04825,Bank,Asia Pacific,Basic,26,37293,1164.67,31702,3,1361.72,7,Standard,21,59.1,ACH,0,30,3,1
INST_04826,Investment Firm,Europe,Professional,7,2121,87.64,22617,31,24140.28,10,Priority,1,50.7,Wire Transfer,0,0,5,1
INST_04827,Bank,Europe,Professional,9,3512,1131.17,6476,504,4205.35,5,Standard,13,85.6,ACH,11,27,8,0
INST_04828,Bank,Asia Pacific,Professional,64,310,1190.13,5351,38,126767.83,7,Premium,2,86.0,Wire Transfer,3,1,7,0
INST_04829,Credit Union,Asia Pacific,Enterprise,27,1601,599.37,59874,14,6864.52,5,Standard,1,73.4,ACH,6,16,5,0
INST_04830,Insurance Company,Europe,Professional,42,6410,774.65,6315,1003,23393.95,7,Standard,4,77.8,Invoice,3,3,5,0
INST_04831,Insurance Company,Latin America,Professional,7,5076,1508.16,1532,375,3596.86,4,Standard,2,54.5,Wire Transfer,10,20,3,1
INST_04832,Investment Firm,North America,Enterprise,18,1392,222.57,21001,20,1821.63,14,Priority,4,69.0,Wire Transfer,3,34,6,0
INST_04833,Bank,Middle East,Professional,85,1975,1045.36,195411,190,7290.11,7,Priority,7,87.1,ACH,10,8,4,0
INST_04834,Credit Union,North America,Professional,9,1524,1628.85,332,22,34312.81,8,Priority,2,34.9,Wire Transfer,1,30,5,1
INST_04835,Bank,North America,Professional,4,1963,3334.57,14292,112,4300.09,5,Premium,5,83.1,ACH,0,28,3,0
INST_04836,Credit Union,Latin America,Professional,17,5624,107.03,60646,203,9606.23,9,Priority,6,78.3,Wire Transfer,1,27,6,0
INST_04837,Credit Union,North America,Professional,11,155,658.67,1429,34,7232.5,7,Standard,6,53.1,Wire Transfer,4,9,6,1
INST_04838,Bank,Asia Pacific,Basic,4,2666,127.26,15994,564,4242.88,8,Standard,18,57.1,ACH,9,22,4,1
INST_04839,Bank,Asia Pacific,Professional,52,5039,120.94,3987,746,4581.42,4,Standard,7,84.4,Credit Card,1,3,6,0
INST_04840,Payment Processor,Latin America,Basic,112,1266,620.69,4862,238,1099.15,4,Premium,2,78.2,Credit Card,0,17,8,0
INST_04841,Payment Processor,Middle East,Professional,20,1452,442.72,12044,312,4833.7,4,Standard,0,88.1,Credit Card,2,33,6,0
INST_04842,Credit Union,North America,Basic,35,1516,1594.0,4085,10,13094.41,6,Premium,4,73.3,ACH,13,18,3,0
INST_04843,Bank,Asia Pacific,Professional,47,1453,266.29,3606,1723,7658.48,4,Standard,6,57.3,ACH,2,1,6,1
INST_04844,Bank,North America,Professional,28,3007,343.48,20153,125,6478.67,6,Priority,5,91.5,Invoice,1,25,3,0
INST_04845,Credit Union,Europe,Professional,1,3617,519.99,622008,27,14581.62,4,Standard,5,62.1,Wire Transfer,5,31,5,0
INST_04846,Payment Processor,Asia Pacific,Professional,4,127,143.42,68638,192,6584.03,9,Standard,3,50.7,ACH,2,7,8,1
INST_04847,Bank,North America,Enterprise,1,7937,169.41,100287,567,5018.44,9,Standard,22,43.3,ACH,6,5,7,0
INST_04848,Insurance Company,Europe,Professional,1,1929,1539.66,72830,373,14805.3,5,Standard,6,71.1,Wire Transfer,0,1,3,1
INST_04849,Bank,Europe,Professional,8,54146,208.77,7736,21,6032.4,15,Priority,1,82.8,ACH,3,27,3,0
INST_04850,Payment Processor,Europe,Enterprise,11,498,1667.32,35110,580,3446.47,10,Priority,0,46.6,Wire Transfer,0,32,8,0
INST_04851,Credit Union,Middle East,Professional,6,811,836.12,114295,133,9920.96,5,Standard,5,84.0,ACH,5,17,6,0
INST_04852,Insurance Company,North America,Professional,1,2198,62.99,76305,365,4661.87,10,Priority,9,87.4,Wire Transfer,7,10,4,0
INST_04853,Bank,Europe,Basic,18,5540,762.39,29490,35,3221.91,9,Standard,0,70.4,Credit Card,0,33,5,0
INST_04854,Investment Firm,Latin America,Professional,7,159,755.19,48053,975,6205.14,11,Standard,4,97.1,ACH,0,7,3,0
INST_04855,Bank,Europe,Enterprise,38,859,670.16,885857,206,6314.7,8,Priority,25,76.3,Wire Transfer,2,15,8,0
INST_04856,Bank,North America,Professional,1,7237,340.27,77587,1261,938.76,5,Priority,4,68.3,Credit Card,8,32,6,1
INST_04857,Payment Processor,Europe,Professional,44,718,130.57,13728,9,8101.83,7,Standard,13,47.6,ACH,1,35,1,0
INST_04858,Payment Processor,North America,Professional,74,23272,2029.32,19711,11,78414.9,10,Priority,1,69.1,ACH,4,9,5,0
INST_04859,Payment Processor,North America,Enterprise,30,1508,357.13,4531,96,1130.69,8,Standard,4,43.7,Credit Card,1,34,2,0
INST_04860,Investment Firm,Asia Pacific,Basic,31,773,139.76,744563,2083,2312.62,7,Standard,3,77.0,Invoice,5,17,2,0
INST_04861,Insurance Company,Europe,Professional,65,7445,698.52,244215,5079,318074.0,10,Premium,0,89.7,Credit Card,1,22,3,0
INST_04862,Bank,Latin America,Basic,5,33237,165.45,24954,29,1431.96,9,Standard,5,84.3,Credit Card,2,27,10,1
INST_04863,Bank,Asia Pacific,Professional,120,5566,129.17,580259,163,33846.31,6,Standard,3,61.6,Credit Card,6,13,6,0
INST_04864,Bank,Asia Pacific,Professional,35,19744,257.09,56874,196,3487.5,7,Standard,6,78.3,Credit Card,5,30,6,0
INST_04865,Investment Firm,North America,Basic,31,36862,181.55,11541,540,5378.74,4,Priority,5,82.6,Credit Card,2,33,3,0
INST_04866,Credit Union,Europe,Professional,10,747,135.0,85791,729,4036.96,5,Premium,4,92.8,ACH,2,27,8,1
INST_04867,Bank,North America,Professional,18,12180,1061.77,40053,19,9307.27,9,Priority,0,82.7,Credit Card,11,4,8,0
INST_04868,Investment Firm,Latin America,Basic,25,303,351.92,77403,166,500.0,11,Premium,4,85.3,ACH,0,1,3,0
INST_04869,Insurance Company,North America,Professional,23,5638,1813.0,2825,3,6498.92,6,Standard,24,78.6,ACH,3,10,9,0
INST_04870,Credit Union,North America,Basic,29,2678,144.69,6532,638,2683.71,11,Standard,2,19.0,ACH,3,27,4,0
INST_04871,Bank,Europe,Professional,2,19233,50.75,205398,80,500.0,3,Standard,3,36.2,ACH,2,30,7,1
INST_04872,Bank,North America,Professional,10,17298,482.28,279206,16,26405.66,10,Standard,12,79.8,Wire Transfer,9,14,6,0
INST_04873,Bank,North America,Professional,13,7007,3741.25,183995,270,500.0,9,Premium,5,45.6,Credit Card,0,4,3,0
INST_04874,Bank,Europe,Professional,7,4664,762.94,614135,76,123336.21,8,Standard,0,72.9,Credit Card,9,26,4,0
INST_04875,Investment Firm,North America,Professional,4,6390,19119.21,52368,1437,12399.73,5,Standard,5,80.3,ACH,1,30,6,0
INST_04876,Investment Firm,North America,Basic,3,3270,600.93,47128,29,638.11,8,Standard,14,83.8,Wire Transfer,0,3,3,0
INST_04877,Investment Firm,North America,Enterprise,10,2719,535.21,5598,8113,36575.74,3,Priority,8,82.9,Wire Transfer,3,15,4,0
INST_04878,Credit Union,Asia Pacific,Professional,16,25948,50.0,9220,691,1594.68,5,Standard,9,60.2,ACH,1,23,3,0
INST_04879,Insurance Company,Europe,Basic,1,31080,674.21,1116,1506,1707.46,10,Standard,0,27.8,Wire Transfer,2,27,4,1
INST_04880,Bank,Europe,Enterprise,70,2410,493.93,13599,23,500.0,7,Priority,1,68.0,Invoice,1,34,2,0
INST_04881,Credit Union,Europe,Basic,34,4257,247.42,1004,3711,1344.87,11,Premium,6,82.8,ACH,1,7,4,0
INST_04882,Insurance Company,North America,Professional,31,3369,342.36,111463,16,1604.79,5,Priority,1,62.6,Credit Card,6,32,5,0
INST_04883,Bank,Latin America,Professional,4,265,371.77,39442,101,16767.86,8,Priority,9,35.3,Credit Card,8,30,2,1
INST_04884,Bank,North America,Professional,22,1799,325.08,1054,1553,28304.92,5,Priority,1,87.5,Wire Transfer,6,18,8,0
INST_04885,Payment Processor,Asia Pacific,Enterprise,18,32845,4952.55,16567,369,764.19,9,Priority,2,93.4,Credit Card,3,21,4,0
INST_04886,Bank,Latin America,Professional,97,968,258.52,421461,15,7374.7,7,Priority,0,74.8,Invoice,4,25,9,0
INST_04887,Investment Firm,Asia Pacific,Basic,33,71098,494.32,18242,1145,500.0,9,Standard,3,66.7,Wire Transfer,18,32,3,1
INST_04888,Bank,North America,Enterprise,20,17295,248.47,4926,273,7416.91,12,Standard,2,64.9,Wire Transfer,1,19,4,0
INST_04889,Investment Firm,North America,Enterprise,45,5443,1032.89,1512,70,125884.52,9,Standard,0,75.3,ACH,0,7,8,0
INST_04890,Bank,Asia Pacific,Professional,4,6913,498.76,1582,9,500.0,9,Priority,1,62.5,ACH,6,15,6,0
INST_04891,Bank,North America,Professional,1,753,288.33,49186,324,1072.77,4,Standard,3,91.1,Wire Transfer,2,11,6,0
INST_04892,Investment Firm,Asia Pacific,Basic,28,2002,50.0,11489,110,14631.22,9,Standard,2,87.0,Credit Card,2,34,4,0
INST_04893,Bank,Asia Pacific,Professional,2,25902,540.22,13010,196,17462.16,13,Standard,13,93.0,Credit Card,14,3,3,0
INST_04894,Credit Union,Asia Pacific,Basic,2,1185,278.25,11560,8,1197.9,8,Standard,2,83.4,ACH,1,16,4,0
INST_04895,Bank,North America,Basic,32,14642,375.07,17847,69,44818.34,8,Priority,3,92.7,Wire Transfer,0,35,3,0
INST_04896,Bank,Asia Pacific,Professional,7,377,97.62,3495,352,1446.11,8,Standard,3,85.7,Credit Card,0,18,3,0
INST_04897,Bank,Asia Pacific,Basic,23,494,2252.82,35389,4348,60488.07,7,Priority,6,77.8,Invoice,7,15,4,1
INST_04898,Bank,Asia Pacific,Basic,59,51641,1127.88,2606,102,9926.64,7,Premium,16,37.2,Credit Card,8,23,3,0
INST_04899,Payment Processor,North America,Professional,9,2928,2245.87,7088,1994,33084.58,7,Standard,7,92.0,ACH,2,8,6,0
INST_04900,Bank,North America,Basic,5,1329,1597.79,100332,612,8571.88,9,Priority,12,28.6,Invoice,1,30,4,1
INST_04901,Credit Union,North America,Basic,2,23019,821.21,38727,226,13166.7,5,Standard,1,68.4,Credit Card,7,17,5,1
INST_04902,Bank,North America,Basic,3,19316,102.44,61606,23,14259.79,7,Priority,12,86.9,ACH,0,14,1,1
INST_04903,Bank,Europe,Basic,1,11862,3685.14,554367,25,27369.37,6,Premium,8,77.0,ACH,0,15,2,0
INST_04904,Payment Processor,Latin America,Professional,2,1267,132.53,20141,451,4678.62,7,Standard,2,80.5,Invoice,0,24,2,0
INST_04905,Bank,North America,Enterprise,13,1938,292.34,22747,57,1274.29,9,Premium,15,71.0,Wire Transfer,0,23,7,0
INST_04906,Payment Processor,Asia Pacific,Professional,9,4757,942.26,14816,49,4365.95,5,Standard,7,56.2,Credit Card,3,18,5,0
INST_04907,Bank,North America,Professional,29,8447,1000.09,11326,107,1805.82,9,Standard,4,88.5,Credit Card,1,21,3,0
INST_04908,Insurance Company,North America,Basic,49,1390,801.66,4837,110,1991.99,5,Premium,8,96.3,Wire Transfer,1,31,7,1
INST_04909,Credit Union,North America,Basic,36,3851,249.55,24986,750,58815.8,9,Priority,0,61.2,Credit Card,3,29,6,0
INST_04910,Payment Processor,North America,Basic,18,4451,194.74,37517,59,12507.6,8,Standard,2,75.3,Wire Transfer,2,18,7,0
INST_04911,Investment Firm,Latin America,Professional,2,20540,8445.92,40788,627,11673.85,8,Priority,10,25.7,ACH,1,33,6,0
INST_04912,Credit Union,North America,Professional,29,9243,384.84,24259,327,24562.23,6,Priority,13,94.5,Credit Card,17,16,6,0
INST_04913,Bank,Europe,Professional,10,311,332.25,88367,7,12410.1,7,Priority,11,92.2,ACH,0,11,4,1
INST_04914,Bank,Europe,Professional,2,2163,171.35,23020,252,80871.46,8,Standard,9,44.5,Invoice,4,5,3,1
INST_04915,Payment Processor,Latin America,Basic,44,740,541.1,11920,1,500.0,3,Premium,4,51.8,Wire Transfer,12,8,7,0
INST_04916,Bank,North America,Professional,9,6989,511.64,5483,29,1100.6,8,Priority,1,59.9,Credit Card,0,24,5,0
INST_04917,Credit Union,North America,Professional,5,11905,395.65,2157,341,1718.13,12,Premium,0,73.5,Invoice,5,20,4,0
INST_04918,Insurance Company,North America,Professional,49,3471,637.83,196933,145,624.17,10,Standard,18,81.9,ACH,9,4,5,0
INST_04919,Bank,Europe,Professional,55,1993,3348.42,7718,6,5821.91,7,Priority,1,77.4,Credit Card,0,17,11,0
INST_04920,Payment Processor,North America,Professional,9,3306,197.54,5494,19,6247.26,5,Priority,1,71.4,Credit Card,6,5,2,0
INST_04921,Insurance Company,Latin America,Enterprise,10,4078,424.83,11774,1,95130.45,9,Standard,8,74.1,ACH,7,14,1,0
INST_04922,Investment Firm,Europe,Enterprise,20,1141,185.41,14507,13,19066.42,10,Standard,9,84.2,Wire Transfer,0,8,5,0
INST_04923,Payment Processor,Europe,Professional,31,479,574.58,257240,420,2295.51,10,Standard,3,71.0,Wire Transfer,0,17,2,0
INST_04924,Bank,Europe,Professional,1,137,203.94,13464,54,10316.91,8,Premium,0,75.5,Wire Transfer,3,31,4,0
INST_04925,Bank,North America,Basic,21,19945,214.75,1144038,201,500.0,14,Standard,4,81.7,Wire Transfer,6,10,8,0
INST_04926,Credit Union,Europe,Enterprise,73,6276,70.01,24234,152,6083.79,8,Premium,11,36.6,ACH,2,35,9,0
INST_04927,Bank,Middle East,Professional,7,5134,453.66,481924,157,5614.91,9,Standard,14,41.1,Invoice,8,17,5,1
INST_04928,Insurance Company,Asia Pacific,Basic,57,19886,675.68,84195,936,1270.1,8,Priority,7,80.2,Wire Transfer,8,6,5,0
INST_04929,Payment Processor,Latin America,Professional,71,453,3761.49,37856,103,3634.42,6,Standard,8,73.2,ACH,0,24,5,0
INST_04930,Credit Union,Asia Pacific,Basic,7,220,708.68,234866,764,1739.22,7,Priority,0,75.1,Wire Transfer,0,31,5,0
INST_04931,Bank,North America,Professional,33,5304,235.19,118580,1,1213.4,11,Premium,1,82.1,Credit Card,1,17,6,0
INST_04932,Payment Processor,North America,Professional,6,4628,78.92,57069,1097,13517.61,9,Standard,9,88.2,Credit Card,1,32,6,0
INST_04933,Credit Union,North America,Professional,32,222,93.17,712397,14,23175.87,5,Standard,5,54.6,Credit Card,8,27,6,0
INST_04934,Credit Union,North America,Basic,38,5111,85.22,10429,21,10561.74,7,Standard,6,95.2,Wire Transfer,3,4,6,0
INST_04935,Credit Union,North America,Enterprise,6,1635,3841.62,4952,41,2547.44,8,Standard,11,88.3,Wire Transfer,5,30,4,0
INST_04936,Payment Processor,Europe,Professional,30,888,569.85,7987,1044,1819.23,13,Standard,7,78.1,Wire Transfer,7,4,6,0
INST_04937,Investment Firm,Asia Pacific,Enterprise,40,1807,200.43,305104,29,2669.11,8,Standard,3,92.4,Credit Card,10,13,8,0
INST_04938,Insurance Company,Latin America,Professional,10,76,127.51,194102,45,3533.3,12,Premium,25,79.6,Wire Transfer,4,33,5,0
INST_04939,Insurance Company,Asia Pacific,Professional,4,1227,144.41,10017,26,1328.58,8,Priority,1,77.8,Wire Transfer,4,9,8,0
INST_04940,Bank,Latin America,Professional,2,1036,194.19,644,235,23878.55,6,Priority,2,77.4,ACH,5,0,6,1
INST_04941,Credit Union,North America,Basic,20,6875,1957.66,16175,565,3628.55,9,Standard,7,80.1,Credit Card,4,15,2,0
INST_04942,Insurance Company,North America,Basic,91,2351,389.19,4817,3190,15480.27,5,Standard,1,90.3,Invoice,11,33,7,0
INST_04943,Credit Union,Asia Pacific,Professional,41,7772,71.03,10499,10000,601.92,12,Standard,3,58.7,Wire Transfer,0,15,9,0
INST_04944,Insurance Company,North America,Basic,13,65,6454.62,4529,478,1750.21,10,Standard,8,78.5,Wire Transfer,1,3,4,0
INST_04945,Payment Processor,North America,Enterprise,18,846,102.7,1969,286,17838.07,9,Standard,2,46.5,ACH,0,15,7,0
INST_04946,Investment Firm,North America,Basic,7,6863,198.54,371315,16,18220.8,8,Standard,0,90.1,Wire Transfer,10,35,5,0
INST_04947,Insurance Company,North America,Professional,4,1875,1943.36,7899,4613,809.33,10,Priority,5,90.8,ACH,3,7,6,0
INST_04948,Insurance Company,Europe,Professional,15,10595,663.93,183322,218,7743.46,8,Priority,10,77.2,Wire Transfer,8,32,2,0
INST_04949,Insurance Company,Europe,Professional,14,198,229.54,15802,88,8054.38,14,Standard,9,86.2,Wire Transfer,4,4,8,0
INST_04950,Credit Union,Europe,Professional,17,8925,92.05,4039,298,1698.8,15,Standard,6,79.8,Credit Card,0,3,3,0
INST_04951,Bank,Asia Pacific,Basic,73,1142,126.47,47268,47,8395.89,5,Standard,10,73.1,Wire Transfer,0,1,8,0
INST_04952,Credit Union,North America,Professional,22,988,135.94,12251,2,500.0,11,Priority,1,87.0,Credit Card,0,5,2,0
INST_04953,Investment Firm,North America,Professional,22,13181,406.85,16144,415,1223.73,8,Premium,9,60.3,ACH,1,33,1,0
INST_04954,Credit Union,North America,Professional,3,17032,507.39,27374,1663,12069.5,7,Standard,0,89.3,Credit Card,12,29,6,0
INST_04955,Insurance Company,North America,Professional,120,14073,337.52,6513,404,5137.13,4,Standard,9,93.0,Credit Card,6,12,3,0
INST_04956,Credit Union,Asia Pacific,Enterprise,35,63447,384.88,1935,146,5553.2,9,Standard,0,76.0,Wire Transfer,1,5,7,0
INST_04957,Investment Firm,Asia Pacific,Enterprise,50,19934,114.33,20396,152,3779.61,7,Standard,10,88.0,Credit Card,2,20,7,0
INST_04958,Bank,Asia Pacific,Professional,12,904,573.5,93514,202,10996.74,14,Priority,15,87.3,Wire Transfer,4,4,3,0
INST_04959,Insurance Company,North America,Professional,16,3686,1875.48,5696,191,11821.15,5,Standard,12,77.5,ACH,10,24,4,1
INST_04960,Credit Union,Europe,Professional,17,1736,331.84,27748,133,16110.83,14,Premium,2,78.0,ACH,7,31,6,0
INST_04961,Bank,Europe,Professional,5,62544,324.17,210714,155,5934.3,8,Standard,25,85.6,Wire Transfer,10,18,4,0
INST_04962,Bank,Europe,Enterprise,28,15635,445.68,19251,2438,2744.58,6,Priority,5,76.5,ACH,0,8,4,0
INST_04963,Insurance Company,Europe,Basic,55,2245,1543.56,25062,347,2131.27,12,Standard,3,68.1,ACH,18,11,6,0
INST_04964,Credit Union,Europe,Professional,4,11124,137.87,23928,179,1007.0,9,Priority,6,85.2,Wire Transfer,1,13,4,0
INST_04965,Bank,Europe,Professional,2,469,2300.81,7914,486,2686.02,5,Priority,2,68.3,Wire Transfer,1,34,1,1
INST_04966,Payment Processor,Asia Pacific,Professional,32,4338,668.79,4964,486,1979.15,14,Standard,1,81.3,ACH,5,30,6,0
INST_04967,Insurance Company,North America,Professional,7,730,417.56,4994,814,54304.81,9,Priority,1,65.8,Wire Transfer,8,19,7,0
INST_04968,Payment Processor,Asia Pacific,Professional,23,236,1730.02,38264,37,1022.08,13,Standard,1,73.1,Invoice,2,24,6,0
INST_04969,Credit Union,North America,Professional,28,9670,97.66,68652,62,23296.15,11,Priority,1,31.5,ACH,5,3,3,0
INST_04970,Credit Union,North America,Enterprise,9,11647,754.8,73690,34,3289.18,11,Standard,15,83.7,ACH,12,6,7,0
INST_04971,Payment Processor,Middle East,Professional,40,5918,676.12,12483,589,3605.77,4,Standard,3,67.6,ACH,3,19,4,0
INST_04972,Credit Union,Middle East,Basic,19,2265,131.3,113545,540,8971.27,5,Standard,0,69.4,ACH,4,4,4,0
INST_04973,Insurance Company,North America,Basic,48,446,701.18,34928,15,585.34,12,Priority,2,73.8,ACH,6,0,2,1
INST_04974,Bank,Europe,Basic,34,522,566.78,24492,299,1480.36,9,Standard,38,60.7,Credit Card,0,3,7,1
INST_04975,Credit Union,North America,Professional,48,696,325.55,147,1754,763.79,9,Priority,9,87.2,Credit Card,6,3,4,0
INST_04976,Bank,Europe,Professional,1,2099,1136.13,6463,97,2778.35,9,Standard,4,83.6,Wire Transfer,0,26,5,0
INST_04977,Bank,Asia Pacific,Basic,6,14976,203.14,2249,261,1256.65,7,Priority,0,76.5,Invoice,16,30,6,1
INST_04978,Bank,Middle East,Professional,2,14626,558.01,56421,552,35444.19,7,Priority,4,84.5,Credit Card,0,29,6,0
INST_04979,Bank,Europe,Professional,14,251,344.46,25401,13,2048.75,5,Standard,7,69.0,Wire Transfer,3,35,2,0
INST_04980,Payment Processor,North America,Basic,52,1053,192.94,4411,195,500.0,9,Priority,17,59.5,Credit Card,7,31,6,0
INST_04981,Bank,Europe,Professional,15,1012,737.64,34771,1465,2976.05,8,Standard,4,60.5,Credit Card,1,15,10,0
INST_04982,Investment Firm,North America,Enterprise,45,66,314.42,2603,51,16501.11,10,Premium,5,97.6,ACH,3,16,5,0
INST_04983,Insurance Company,Latin America,Professional,9,6968,68.88,4602,664,56692.81,5,Priority,5,85.4,ACH,0,11,6,0
INST_04984,Investment Firm,Latin America,Professional,9,2060,50.0,7590,155,3483.39,9,Priority,21,69.5,ACH,6,7,4,0
INST_04985,Bank,Europe,Professional,54,2515,1039.89,49523,44,2263.46,6,Priority,2,67.1,ACH,0,28,8,0
INST_04986,Insurance Company,North America,Professional,13,22444,93.25,179721,124,4809.37,12,Priority,13,66.7,ACH,6,22,4,0
INST_04987,Investment Firm,North America,Professional,37,3403,564.12,9145,57,9159.84,4,Priority,3,75.7,ACH,0,5,6,0
INST_04988,Insurance Company,North America,Professional,6,1562,430.93,160121,29,903.86,21,Standard,9,57.6,Wire Transfer,0,25,6,1
INST_04989,Insurance Company,Asia Pacific,Enterprise,71,7031,259.24,23649,93,3406.1,10,Premium,4,53.4,Wire Transfer,6,6,2,0
INST_04990,Payment Processor,Europe,Enterprise,20,14593,4221.74,31388,167,4562.83,8,Priority,5,85.2,Credit Card,1,14,7,0
INST_04991,Investment Firm,North America,Professional,34,4650,500.5,20016,110,5264.31,4,Standard,2,57.8,ACH,1,32,6,0
INST_04992,Bank,Europe,Basic,2,8381,999.01,16383,92,3956.78,12,Priority,3,78.1,Credit Card,1,2,3,1
INST_04993,Investment Firm,Asia Pacific,Professional,16,2396,567.81,42571,222,1207.52,8,Standard,5,84.0,Wire Transfer,4,13,5,0
INST_04994,Bank,North America,Professional,55,2636,305.56,66868,386,8169.1,10,Standard,6,91.0,Credit Card,3,0,3,0
INST_04995,Payment Processor,Latin America,Professional,50,3531,394.29,5843,18,4596.92,14,Standard,3,71.5,Wire Transfer,0,16,9,0
INST_04996,Bank,Latin America,Basic,1,963,2322.16,16581,94,4580.18,11,Premium,12,78.8,ACH,5,24,5,1
INST_04997,Bank,Latin America,Basic,8,1271,1488.8,269389,4,968.94,6,Premium,8,74.6,Invoice,7,0,6,1
INST_04998,Insurance Company,North America,Professional,14,23548,4198.08,28732,110,12839.5,8,Standard,4,45.2,ACH,0,23,7,0
INST_04999,Investment Firm,North America,Basic,4,60592,526.35,33861,194,1185.71,9,Standard,9,75.2,ACH,1,23,4,0
